state_idx,history_obs,history_act,mode,outcome_m1,outcome_0,outcome_p1,best_action,probe_sign,split
0,"[[-1.2745246887207031, -1.1087335348129272], [-1.4563004970550537, -1.3558576107025146], [-1.5316057205200195, -1.5852346420288086], [-1.4140667915344238, -1.5399742126464844], [-1.6073729991912842, -1.7550382614135742], [-1.417101502418518, -1.6182175874710083], [-1.6138213872909546, -1.5279321670532227], [-1.937942385673523, -1.6170668601989746]]","[0.0, -1.0, -1.0, 1.0, -1.0, 0.0, -1.0, 1.0]",1,"[-1.8087726831436157, -1.6023215055465698]","[-1.7692946195602417, -1.5628434419631958]","[-2.0298166275024414, -1.823365330696106]",0,-1.0,train
1,"[[-1.3522504568099976, -1.3748997449874878], [-1.6049751043319702, -1.6060746908187866], [-1.5244686603546143, -1.5872777700424194], [-1.36654531955719, -1.6120721101760864], [-1.2216250896453857, -1.5510847568511963], [-1.193986415863037, -1.277728796005249], [-1.147806167602539, -1.266784429550171], [-1.4055452346801758, -1.59256112575531]]","[0.0, -1.0, 1.0, 0.0, 1.0, 0.0, 0.0, 1.0]",1,"[-1.2420850992202759, -1.3963810205459595]","[-1.2133235931396484, -1.367619514465332]","[-1.4845621585845947, -1.6388580799102783]",0,-1.0,train
2,"[[-0.46577051281929016, -2.016929864883423], [-0.554553747177124, -1.9535548686981201], [-0.5761842727661133, -1.9337003231048584], [-0.919614851474762, -2.045285701751709], [-1.1573052406311035, -2.104442596435547], [-1.4249598979949951, -2.1438851356506348], [-1.2764703035354614, -2.0676639080047607], [-1.474881887435913, -2.078991174697876]]","[1.0, 0.0, 1.0, -1.0, -1.0, 1.0, -1.0, 1.0]",1,"[-1.4960542917251587, -2.1804254055023193]","[-1.4559682607650757, -2.1403393745422363]","[-1.7158820629119873, -2.4002532958984375]",0,-1.0,train
3,"[[-1.6814430952072144, -2.7124009132385254], [-1.8093632459640503, -2.860987901687622], [-1.690421223640442, -2.8794312477111816], [-1.5428361892700195, -2.6876227855682373], [-1.378625750541687, -2.730415105819702], [-1.3215086460113525, -2.717036724090576], [-1.2706953287124634, -2.7837302684783936], [-1.3653064966201782, -2.692239284515381]]","[0.0, 0.0, 1.0, 1.0, 0.0, -1.0, -1.0, 0.0]",1,"[-1.6205642223358154, -2.5288398265838623]","[-1.5701926946640015, -2.478468418121338]","[-1.8198211193084717, -2.7280969619750977]",0,-1.0,train
4,"[[-1.0409934520721436, -1.2820405960083008], [-1.0768715143203735, -1.269283652305603], [-0.9024307131767273, -1.3283411264419556], [-0.6898256540298462, -1.3233671188354492], [-0.6014561057090759, -1.4534093141555786], [-0.6564817428588867, -1.3027645349502563], [-0.859386146068573, -1.504653811454773], [-0.7614216208457947, -1.4447687864303589]]","[1.0, 1.0, 0.0, 1.0, 0.0, 0.0, -1.0, 0.0]",0,"[-0.9843606948852539, -1.8291016817092896]","[-0.6967383623123169, -1.5414793491363525]","[-0.7091160416603088, -1.5538570880889893]",0,1.0,train
5,"[[-1.7689244747161865, -2.090223550796509], [-1.8031904697418213, -2.212883234024048], [-1.8111045360565186, -2.453216314315796], [-1.8025285005569458, -2.4232094287872314], [-2.066627025604248, -2.4072418212890625], [-2.2406017780303955, -2.6734282970428467], [-1.9657896757125854, -2.506139039993286], [-2.1322054862976074, -2.698586940765381]]","[-1.0, -1.0, -1.0, 1.0, -1.0, -1.0, 0.0, -1.0]",0,"[-2.5113632678985596, -2.8122503757476807]","[-2.269439458847046, -2.570326328277588]","[-2.3275156021118164, -2.6284024715423584]",0,1.0,train
6,"[[-1.5353784561157227, -0.8476284146308899], [-1.4354802370071411, -0.9854186177253723], [-1.9286744594573975, -1.1704338788986206], [-1.6683709621429443, -1.0820224285125732], [-1.6968607902526855, -1.146806001663208], [-1.7030789852142334, -1.0795376300811768], [-2.015263795852661, -1.1562309265136719], [-2.009260654449463, -1.2207539081573486]]","[0.0, 0.0, -1.0, 0.0, 1.0, -1.0, 1.0, -1.0]",1,"[-1.6489423513412476, -1.3269920349121094]","[-1.6138575077056885, -1.2919071912765503]","[-1.8787726163864136, -1.556822419166565]",0,-1.0,train
7,"[[-0.9316258430480957, -0.9494920969009399], [-1.2734932899475098, -1.0315821170806885], [-1.336120367050171, -0.8844760060310364], [-1.2486597299575806, -1.017899513244629], [-1.143608808517456, -0.9846919178962708], [-1.0627983808517456, -0.8350591063499451], [-1.3507399559020996, -1.1806927919387817], [-1.5451669692993164, -1.5014604330062866]]","[1.0, 1.0, 0.0, 0.0, 0.0, 0.0, -1.0, -1.0]",0,"[-1.803505301475525, -1.7096456289291382]","[-1.5331542491912842, -1.4392945766448975]","[-1.5628031492233276, -1.468943476676941]",0,1.0,train
8,"[[-1.059462547302246, -0.6977201104164124], [-1.0608774423599243, -0.7132680416107178], [-1.3449021577835083, -1.1507302522659302], [-1.3934745788574219, -1.0944972038269043], [-1.2957082986831665, -1.2122178077697754], [-1.1913098096847534, -1.2331916093826294], [-1.2344017028808594, -0.8380811214447021], [-1.0670968294143677, -0.6529062986373901]]","[1.0, 1.0, -1.0, 0.0, 0.0, 0.0, 0.0, 0.0]",0,"[-1.3891812562942505, -0.7786208987236023]","[-1.085382103919983, -0.47482171654701233]","[-1.0815829038619995, -0.47102251648902893]",1,1.0,train
9,"[[-0.5752316117286682, -0.893562912940979], [-0.4844098389148712, -0.9910104274749756], [-0.4537380337715149, -0.8426746726036072], [-0.4129742383956909, -0.7297103404998779], [-0.22026139497756958, -0.766761302947998], [-0.16322891414165497, -0.8407047390937805], [-0.6004617214202881, -1.0874212980270386], [-0.5887715816497803, -1.1137646436691284]]","[1.0, 0.0, -1.0, -1.0, -1.0, 0.0, 1.0, 0.0]",1,"[-0.7346925735473633, -1.1235507726669312]","[-0.7380757331848145, -1.1269339323043823]","[-1.0414588451385498, -1.4303170442581177]",-1,-1.0,train
10,"[[-1.1815731525421143, -0.5847899317741394], [-1.153742790222168, -0.6091550588607788], [-1.1015989780426025, -0.5314983129501343], [-1.3901833295822144, -0.698702871799469], [-1.4897407293319702, -0.7896327972412109], [-1.271312952041626, -0.775122344493866], [-1.162088394165039, -0.7304868698120117], [-1.700204610824585, -0.9574723243713379]]","[0.0, 0.0, 0.0, -1.0, -1.0, 0.0, 0.0, -1.0]",0,"[-1.8878921270370483, -1.164393663406372]","[-1.6113505363464355, -0.8878520727157593]","[-1.634808897972107, -0.9113104343414307]",0,1.0,train
11,"[[-1.3752524852752686, -1.4251608848571777], [-1.4743505716323853, -1.4474581480026245], [-1.5360803604125977, -1.3352532386779785], [-1.7015854120254517, -1.6922798156738281], [-1.6504061222076416, -1.5980454683303833], [-1.6247254610061646, -1.4476689100265503], [-1.7297484874725342, -1.4198561906814575], [-1.4296326637268066, -1.3783928155899048]]","[1.0, -1.0, -1.0, 1.0, 0.0, 0.0, -1.0, 0.0]",0,"[-1.6902648210525513, -1.5610816478729248]","[-1.4148226976394653, -1.2856395244598389]","[-1.4393806457519531, -1.3101974725723267]",0,1.0,train
12,"[[-1.7643250226974487, -1.5845575332641602], [-1.717642903327942, -1.642193078994751], [-1.7406009435653687, -1.5714530944824219], [-1.7804948091506958, -1.5617331266403198], [-1.7888206243515015, -1.4550435543060303], [-1.5837100744247437, -1.5177699327468872], [-1.31876802444458, -1.4218288660049438], [-1.3437774181365967, -1.2701783180236816]]","[0.0, 0.0, -1.0, -1.0, 0.0, 0.0, -1.0, -1.0]",1,"[-1.3474438190460205, -1.3787771463394165]","[-1.3273451328277588, -1.3586783409118652]","[-1.6072462797164917, -1.6385796070098877]",0,-1.0,train
13,"[[-0.9638931155204773, -1.2511488199234009], [-0.895340085029602, -1.2114052772521973], [-0.7732301950454712, -1.437646746635437], [-0.7459585070610046, -1.3259031772613525], [-0.8092052936553955, -1.3501166105270386], [-0.7503864169120789, -1.17133367061615], [-1.0083364248275757, -1.4191803932189941], [-1.0454895496368408, -1.3420945405960083]]","[0.0, -1.0, 1.0, 1.0, 0.0, 0.0, -1.0, 0.0]",0,"[-1.2797372341156006, -1.5006086826324463]","[-0.9946478605270386, -1.2155194282531738]","[-1.0095585584640503, -1.230430006980896]",0,1.0,train
14,"[[0.5274993777275085, -1.0584073066711426], [0.5962696075439453, -0.7490281462669373], [0.22172309458255768, -0.7641770243644714], [0.346587210893631, -0.7400622367858887], [-0.23047788441181183, -0.9952313899993896], [-0.4030742943286896, -1.362691044807434], [-0.5550403594970703, -1.5583332777023315], [-0.8028920888900757, -1.8032331466674805]]","[1.0, 0.0, -1.0, -1.0, 1.0, 1.0, 1.0, 1.0]",1,"[-0.6834145188331604, -1.7089422941207886]","[-0.659235417842865, -1.6847631931304932]","[-0.9350563883781433, -1.9605841636657715]",0,-1.0,train
15,"[[-0.7285730242729187, -0.9787222743034363], [-0.67461758852005, -1.0543510913848877], [-0.7583825588226318, -1.293055772781372], [-1.0525805950164795, -1.4126147031784058], [-0.9929874539375305, -1.360241413116455], [-1.0209711790084839, -1.2084723711013794], [-0.9546309113502502, -1.0850995779037476], [-0.8723211884498596, -0.8034325242042542]]","[-1.0, 1.0, -1.0, -1.0, 1.0, 0.0, 1.0, 0.0]",0,"[-1.1391563415527344, -1.1058781147003174]","[-0.8322166800498962, -0.798938512802124]","[-0.8252770304679871, -0.7919988036155701]",1,1.0,train
16,"[[-1.1634697914123535, -0.8725504279136658], [-1.0876104831695557, -0.893960177898407], [-1.084441065788269, -0.8797327876091003], [-1.1638065576553345, -0.7718692421913147], [-1.1222410202026367, -0.7634798884391785], [-1.40041983127594, -1.1280332803726196], [-1.1895887851715088, -0.7791077494621277], [-1.2986520528793335, -1.2007139921188354]]","[-1.0, 0.0, 0.0, 0.0, -1.0, 1.0, -1.0, 1.0]",1,"[-1.2449103593826294, -1.1498149633407593]","[-1.2275830507278442, -1.1324875354766846]","[-1.5102556943893433, -1.4151601791381836]",0,-1.0,train
17,"[[-1.4097856283187866, -1.3587983846664429], [-1.144622564315796, -1.2297017574310303], [-1.050280213356018, -1.1907923221588135], [-1.3219807147979736, -1.4804905652999878], [-1.3560845851898193, -1.5051006078720093], [-1.6560429334640503, -1.593749761581421], [-1.756455421447754, -1.5892027616500854], [-1.760031819343567, -1.877004861831665]]","[0.0, 1.0, 0.0, -1.0, 1.0, -1.0, 1.0, -1.0]",0,"[-1.9875290393829346, -2.1260359287261963]","[-1.7281941175460815, -1.8667010068893433]","[-1.7688591480255127, -1.9073660373687744]",0,1.0,train
18,"[[-0.7220166921615601, -0.8632307648658752], [-0.8429661393165588, -1.0448143482208252], [-1.2900274991989136, -1.3442875146865845], [-1.253645896911621, -1.1451956033706665], [-1.4606999158859253, -1.2185109853744507], [-1.7402840852737427, -1.4015848636627197], [-1.6283211708068848, -1.3023353815078735], [-1.8023725748062134, -1.4806933403015137]]","[0.0, 1.0, 1.0, 0.0, 1.0, 1.0, 0.0, 1.0]",1,"[-1.516187071800232, -1.4247640371322632]","[-1.4815913438796997, -1.390168309211731]","[-1.7469955682754517, -1.655572533607483]",0,-1.0,train
19,"[[-1.5921379327774048, -1.0508794784545898], [-1.7580623626708984, -1.1673831939697266], [-1.5827189683914185, -0.9193985462188721], [-1.3230106830596924, -0.7089282274246216], [-1.7439393997192383, -1.092191219329834], [-1.7118374109268188, -0.8459631204605103], [-1.5443555116653442, -0.7705807685852051], [-1.6362409591674805, -0.5985926389694214]]","[0.0, -1.0, 0.0, -1.0, 1.0, 0.0, 0.0, 1.0]",0,"[-1.7879735231399536, -0.9898194670677185]","[-1.5043658018112183, -0.7062116861343384]","[-1.520758032798767, -0.7226039171218872]",0,1.0,train
20,"[[-1.644607424736023, -1.2058826684951782], [-1.5423423051834106, -1.2310848236083984], [-1.59429931640625, -1.2672717571258545], [-1.825264573097229, -1.3803606033325195], [-1.785414218902588, -1.372660756111145], [-1.9658246040344238, -1.6577425003051758], [-2.1416499614715576, -1.9079084396362305], [-1.868129014968872, -1.7965166568756104]]","[-1.0, 0.0, 0.0, -1.0, 0.0, -1.0, -1.0, 0.0]",0,"[-1.9087260961532593, -1.7744636535644531]","[-1.6498360633850098, -1.5155737400054932]","[-1.690946102142334, -1.5566837787628174]",0,1.0,train
21,"[[-0.4743853211402893, -0.3217664659023285], [-0.45723196864128113, -0.5183006525039673], [-0.45902037620544434, -0.3932879865169525], [-0.45003390312194824, -0.2926977574825287], [-0.3566734790802002, -0.31746557354927063], [-0.24705038964748383, -0.3462328612804413], [-0.16314849257469177, -0.19574004411697388], [-0.6119917631149292, -0.5358338356018066]]","[0.0, 0.0, 0.0, 1.0, 1.0, 1.0, 1.0, -1.0]",0,"[-1.023383617401123, -0.794834315776825]","[-0.6956639289855957, -0.46711465716362]","[-0.6679442524909973, -0.4393949806690216]",1,1.0,train
22,"[[-0.004053739830851555, -0.6968095302581787], [-0.008362732827663422, -0.6026344895362854], [0.08154905587434769, -0.630327582359314], [-0.3746319115161896, -0.9454948306083679], [-0.1447468101978302, -0.7152133584022522], [0.026078732684254646, -0.8288590908050537], [-0.4798820912837982, -1.2548660039901733], [-0.3759838938713074, -1.251948356628418]]","[1.0, 0.0, 1.0, -1.0, 1.0, 1.0, -1.0, 0.0]",1,"[-0.4792327284812927, -1.089156985282898]","[-0.4804185926914215, -1.0903428792953491]","[-0.7816044688224792, -1.3915287256240845]",-1,-1.0,train
23,"[[0.050044454634189606, -0.7135635614395142], [0.13923414051532745, -0.620100200176239], [0.026408150792121887, -0.48625099658966064], [0.1414419710636139, -0.33327749371528625], [0.28368693590164185, -0.17878782749176025], [0.4603395462036133, -0.1735023707151413], [0.19817094504833221, -0.7067196369171143], [0.11875227093696594, -0.6094652414321899]]","[1.0, 1.0, 1.0, 0.0, 1.0, 0.0, -1.0, -1.0]",1,"[0.10588514804840088, -0.49801430106163025]","[0.06511294096708298, -0.5387864708900452]","[-0.2756592631340027, -0.8795586824417114]",-1,-1.0,train
24,"[[-0.5315419435501099, -0.9246758818626404], [-0.5291187167167664, -0.7417539954185486], [-0.3244721591472626, -0.7764217257499695], [-0.3736617863178253, -0.5784995555877686], [-0.6942147612571716, -1.009909987449646], [-0.79295814037323, -0.8689770102500916], [-1.000165581703186, -0.9569158554077148], [-0.8339138627052307, -0.8593369722366333]]","[-1.0, -1.0, -1.0, 0.0, 1.0, -1.0, -1.0, 1.0]",0,"[-1.0792723894119263, -1.0837818384170532]","[-0.772897481918335, -0.7774069309234619]","[-0.7665225863456726, -0.7710320353507996]",1,1.0,train
25,"[[-1.4217677116394043, -1.8124279975891113], [-1.5311343669891357, -1.5869755744934082], [-1.5312623977661133, -1.5271327495574951], [-1.523439884185791, -1.477552056312561], [-1.3614190816879272, -1.4503896236419678], [-1.3797210454940796, -1.4871090650558472], [-1.205467939376831, -1.2986819744110107], [-1.4642654657363892, -1.7118785381317139]]","[0.0, 1.0, 0.0, 0.0, -1.0, 0.0, 0.0, 1.0]",1,"[-1.4548430442810059, -1.7694370746612549]","[-1.4224157333374023, -1.7370097637176514]","[-1.6899884939193726, -2.004582405090332]",0,-1.0,train
26,"[[-1.7459731101989746, -0.6113221049308777], [-2.170658588409424, -0.9236230254173279], [-2.58955717086792, -1.1439036130905151], [-2.2865285873413086, -1.0758998394012451], [-2.1716389656066895, -1.043942928314209], [-2.0194878578186035, -1.027963638305664], [-2.2101924419403076, -1.127421259880066], [-2.1856024265289307, -1.105960726737976]]","[1.0, 1.0, 1.0, -1.0, -1.0, 0.0, 1.0, 1.0]",1,"[-2.444880962371826, -1.0051417350769043]","[-2.4072532653808594, -0.9675140976905823]","[-2.669625759124756, -1.229886531829834]",0,-1.0,train
27,"[[-0.5264415740966797, -0.8768545389175415], [-0.7122798562049866, -0.9720144271850586], [-0.8232157826423645, -0.8522282242774963], [-1.0777255296707153, -1.1426326036453247], [-1.1166881322860718, -0.9558165073394775], [-1.0408697128295898, -0.9103377461433411], [-0.8172500729560852, -0.9614863395690918], [-0.6344342231750488, -0.7703448534011841]]","[0.0, -1.0, 0.0, -1.0, 0.0, 0.0, -1.0, -1.0]",1,"[-0.7329031229019165, -0.5035427808761597]","[-0.7496827840805054, -0.5203225016593933]","[-1.066462516784668, -0.8371021747589111]",-1,-1.0,train
28,"[[-0.6056036353111267, -0.6796961426734924], [-0.49284258484840393, -0.8300274014472961], [-0.6684702634811401, -1.254978060722351], [-0.7676205039024353, -1.0928318500518799], [-0.8089836835861206, -0.929526150226593], [-1.0076364278793335, -1.109972357749939], [-0.9975707530975342, -1.0389018058776855], [-0.8835646510124207, -0.8151261210441589]]","[1.0, 0.0, -1.0, 1.0, 0.0, -1.0, 0.0, 0.0]",0,"[-1.0911729335784912, -0.9766024351119995]","[-0.7850269079208374, -0.6704564094543457]","[-0.7788808345794678, -0.6643103361129761]",1,1.0,train
29,"[[-1.285440444946289, -1.0487053394317627], [-1.4068111181259155, -0.9851406812667847], [-1.3832786083221436, -0.9716033339500427], [-1.442398190498352, -0.9900960326194763], [-1.5693738460540771, -1.1918634176254272], [-1.5721675157546997, -1.4449352025985718], [-1.6075618267059326, -1.3169705867767334], [-1.4150056838989258, -1.2162610292434692]]","[0.0, 0.0, 0.0, 0.0, 1.0, 1.0, 0.0, -1.0]",0,"[-1.619674563407898, -1.502149224281311]","[-1.340338110923767, -1.2228127717971802]","[-1.36100172996521, -1.243476390838623]",0,1.0,train
30,"[[-1.2672983407974243, -1.8287956714630127], [-1.3119306564331055, -1.8474124670028687], [-1.1450080871582031, -1.6740918159484863], [-1.0590366125106812, -1.4857732057571411], [-0.9086986184120178, -1.5934749841690063], [-0.9346092939376831, -1.7499933242797852], [-1.0555390119552612, -1.721866250038147], [-1.3319898843765259, -2.0139217376708984]]","[1.0, -1.0, -1.0, -1.0, 0.0, 1.0, 0.0, -1.0]",0,"[-1.4783470630645752, -2.0764424800872803]","[-1.2150853872299194, -1.813180923461914]","[-1.2518236637115479, -1.8499191999435425]",0,1.0,train
31,"[[-1.4786558151245117, -1.2092831134796143], [-1.4255582094192505, -1.1535600423812866], [-1.2723757028579712, -1.1560492515563965], [-1.4576420783996582, -1.502076268196106], [-1.5726087093353271, -1.4424867630004883], [-1.6362954378128052, -1.533355712890625], [-1.7521969079971313, -1.6452901363372803], [-1.7468235492706299, -1.848536491394043]]","[-1.0, 1.0, 0.0, -1.0, 0.0, -1.0, 1.0, -1.0]",0,"[-1.8729969263076782, -2.029075860977173]","[-1.612945318222046, -1.76902437210083]","[-1.6528936624526978, -1.8089725971221924]",0,1.0,train
32,"[[-0.8082583546638489, -1.9688770771026611], [-0.8574971556663513, -1.8022462129592896], [-0.934676468372345, -1.5121854543685913], [-1.0234057903289795, -1.4052613973617554], [-1.5361499786376953, -1.549405574798584], [-1.3400614261627197, -1.4105174541473389], [-1.296514630317688, -1.4086647033691406], [-1.0496275424957275, -1.4856464862823486]]","[-1.0, 0.0, -1.0, 0.0, 1.0, 0.0, -1.0, 0.0]",1,"[-0.8177938461303711, -1.2785710096359253]","[-0.798717200756073, -1.2594943046569824]","[-1.079640507698059, -1.5404176712036133]",0,-1.0,train
33,"[[-1.0747767686843872, -1.5586439371109009], [-0.9191204905509949, -1.5161045789718628], [-1.3310258388519287, -1.760202407836914], [-1.2297345399856567, -1.7039579153060913], [-0.9828081130981445, -1.5906665325164795], [-0.8480241894721985, -1.486019253730774], [-0.8362460136413574, -1.421076774597168], [-1.198606014251709, -1.5534921884536743]]","[-1.0, 1.0, -1.0, 1.0, 1.0, 0.0, 0.0, -1.0]",0,"[-1.4826483726501465, -1.8111928701400757]","[-1.2064540386199951, -1.5349984169006348]","[-1.2302595376968384, -1.558803915977478]",0,1.0,train
34,"[[-1.1820787191390991, -1.6291096210479736], [-1.1211302280426025, -1.4944604635238647], [-1.2544968128204346, -1.7894471883773804], [-1.1890729665756226, -1.648249864578247], [-1.200132131576538, -1.6205224990844727], [-1.1319286823272705, -1.5634839534759521], [-1.4600083827972412, -1.8540884256362915], [-1.5317208766937256, -1.840453028678894]]","[-1.0, 0.0, -1.0, 0.0, 0.0, 1.0, -1.0, -1.0]",0,"[-1.5270206928253174, -1.9484341144561768]","[-1.2632410526275635, -1.6846544742584229]","[-1.2994614839553833, -1.7208749055862427]",0,1.0,train
35,"[[-1.8005715608596802, -0.6513859033584595], [-1.6684846878051758, -0.614995002746582], [-1.6277484893798828, -0.5775123834609985], [-1.4417476654052734, -0.4043242633342743], [-1.4554542303085327, -0.3484351634979248], [-1.468823790550232, -0.4732082486152649], [-1.685091495513916, -0.5850155353546143], [-2.065453290939331, -0.7752695083618164]]","[0.0, 0.0, 0.0, 0.0, 0.0, 0.0, -1.0, 1.0]",1,"[-2.0804080963134766, -0.7352182269096375]","[-2.049281358718872, -0.704091489315033]","[-2.3181545734405518, -0.9729647636413574]",0,-1.0,train
36,"[[-1.8651516437530518, -1.4079629182815552], [-1.917681336402893, -1.4738205671310425], [-1.6511609554290771, -1.4296436309814453], [-1.6414902210235596, -1.7897659540176392], [-1.9093883037567139, -1.7761040925979614], [-1.9189616441726685, -1.7430930137634277], [-1.8614169359207153, -1.4302897453308105], [-1.6452984809875488, -1.3204066753387451]]","[1.0, 1.0, -1.0, 1.0, 1.0, 0.0, 0.0, 0.0]",1,"[-1.6603142023086548, -1.1656930446624756]","[-1.631980061531067, -1.1373589038848877]","[-1.9036458730697632, -1.4090248346328735]",0,-1.0,train
37,"[[-0.5989538431167603, -0.5934319496154785], [-0.5017381906509399, -0.5822497010231018], [-0.29596900939941406, -0.5799955725669861], [-0.19803568720817566, -0.37214285135269165], [-0.14613138139247894, -0.4078521132469177], [-0.030601996928453445, -0.27321213483810425], [-0.3684028685092926, -0.43354177474975586], [-0.7392957210540771, -0.8058239817619324]]","[-1.0, 0.0, -1.0, 0.0, 0.0, 0.0, -1.0, -1.0]",0,"[-0.9694065451622009, -1.1963038444519043]","[-0.6577813625335693, -0.8846786618232727]","[-0.6461561322212219, -0.8730534911155701]",1,1.0,train
38,"[[-1.1583662033081055, -1.415482521057129], [-1.050550103187561, -1.3368310928344727], [-1.0011826753616333, -1.201936960220337], [-0.960381269454956, -1.3690279722213745], [-0.7538830041885376, -1.003341555595398], [-0.6862661838531494, -0.8750275373458862], [-0.6055300235748291, -0.8031430840492249], [-0.6084486246109009, -0.6555156111717224]]","[-1.0, 1.0, 0.0, 0.0, 0.0, 0.0, 0.0, 1.0]",0,"[-0.9548966884613037, -0.9900046586990356]","[-0.6321479678153992, -0.6672559380531311]","[-0.6093992590904236, -0.6445071697235107]",1,1.0,train
39,"[[-1.931678295135498, -1.1067979335784912], [-1.6571565866470337, -1.0710147619247437], [-1.8702945709228516, -1.1577155590057373], [-1.8338990211486816, -1.0648480653762817], [-2.0235097408294678, -1.299102783203125], [-2.1245384216308594, -1.6451308727264404], [-1.9677139520645142, -1.4980580806732178], [-2.203601837158203, -1.1641563177108765]]","[-1.0, 0.0, -1.0, 1.0, -1.0, -1.0, 1.0, 1.0]",0,"[-2.4324276447296143, -1.36039400100708]","[-2.171123743057251, -1.0990902185440063]","[-2.209820032119751, -1.1377865076065063]",0,1.0,train
40,"[[-0.280906081199646, -0.6153701543807983], [-0.09537762403488159, -0.6903746724128723], [-0.42566540837287903, -1.0668699741363525], [-0.7157111167907715, -1.129838466644287], [-0.6349359750747681, -0.8048710823059082], [-0.5394223928451538, -0.9763787388801575], [-0.3962671756744385, -0.9138142466545105], [-0.4912065863609314, -0.8645849227905273]]","[0.0, -1.0, 1.0, 1.0, -1.0, -1.0, -1.0, 0.0]",0,"[-0.8247777819633484, -1.2884210348129272]","[-0.5077982544898987, -0.9714416265487671]","[-0.4908187687397003, -0.9544621109962463]",1,1.0,train
41,"[[-1.620782494544983, -1.959930419921875], [-1.7404552698135376, -1.5983885526657104], [-1.6698068380355835, -1.5245819091796875], [-1.4067962169647217, -1.4379757642745972], [-1.740378499031067, -1.9609638452529907], [-1.8787728548049927, -1.5848065614700317], [-1.8414226770401, -1.9519953727722168], [-1.9301929473876953, -1.8493939638137817]]","[0.0, -1.0, 0.0, -1.0, 1.0, 0.0, -1.0, -1.0]",0,"[-1.7346140146255493, -1.9012590646743774]","[-1.4776206016540527, -1.6442656517028809]","[-1.5206270217895508, -1.687272071838379]",0,1.0,train
42,"[[-0.25451165437698364, -0.252157598733902], [-0.3960969150066376, -0.6592627167701721], [-0.2799363136291504, -0.6475217342376709], [-0.6294752359390259, -0.8686606287956238], [-0.5618187189102173, -0.8697194457054138], [-0.3214052617549896, -1.0444222688674927], [-0.7159625291824341, -1.3159223794937134], [-0.7777064442634583, -1.4933722019195557]]","[1.0, -1.0, 0.0, -1.0, 1.0, 1.0, -1.0, -1.0]",0,"[-0.9364134073257446, -1.590556263923645]","[-0.6506818532943726, -1.304824709892273]","[-0.6649503111839294, -1.3190932273864746]",0,1.0,train
43,"[[-1.5414708852767944, -1.8375344276428223], [-1.4549942016601562, -1.7344797849655151], [-1.3517783880233765, -1.5276705026626587], [-1.3248367309570312, -1.3463902473449707], [-1.6573611497879028, -1.7205655574798584], [-1.5579646825790405, -1.5785850286483765], [-1.735081672668457, -1.982695460319519], [-1.7045328617095947, -2.065235137939453]]","[1.0, 0.0, 0.0, 0.0, -1.0, 0.0, -1.0, 1.0]",0,"[-2.031708240509033, -2.201383352279663]","[-1.7748204469680786, -1.944495677947998]","[-1.8179327249526978, -1.9876079559326172]",0,1.0,train
44,"[[-0.5330796241760254, 0.0754227563738823], [-0.8957940340042114, -0.18160130083560944], [-0.8033806681632996, -0.15381768345832825], [-1.07357656955719, -0.2855377197265625], [-1.3444644212722778, -0.5525513291358948], [-1.3438494205474854, -0.6312623620033264], [-1.7613704204559326, -0.7985343933105469], [-1.5887691974639893, -0.8275371789932251]]","[0.0, -1.0, 0.0, -1.0, -1.0, 1.0, -1.0, 1.0]",0,"[-1.9707435369491577, -0.9627851843833923]","[-1.688865065574646, -0.6809067130088806]","[-1.7069865465164185, -0.6990282535552979]",0,1.0,train
45,"[[-1.5072312355041504, -0.7957817912101746], [-1.436321496963501, -0.7933268547058105], [-1.790336012840271, -0.8691396117210388], [-1.946112871170044, -1.1542983055114746], [-2.0020291805267334, -1.1949039697647095], [-1.936287522315979, -1.1532708406448364], [-1.715527892112732, -1.2241228818893433], [-1.7006465196609497, -1.2189465761184692]]","[-1.0, 1.0, -1.0, -1.0, 0.0, 1.0, 1.0, 0.0]",0,"[-1.9791474342346191, -1.2433327436447144]","[-1.7069690227508545, -0.9711542725563049]","[-1.734790563583374, -0.9989757537841797]",0,1.0,train
46,"[[-1.073765754699707, -1.1316715478897095], [-0.9191126823425293, -1.1517866849899292], [-0.9062621593475342, -1.1634200811386108], [-0.8565050959587097, -1.2063624858856201], [-0.9360277056694031, -0.8786096572875977], [-0.9917746782302856, -1.0049026012420654], [-0.9302459955215454, -1.1557592153549194], [-0.8486204147338867, -1.1615036725997925]]","[1.0, 0.0, 1.0, 1.0, 1.0, 1.0, 1.0, 0.0]",0,"[-1.1422265768051147, -1.3864110708236694]","[-0.8468138575553894, -1.0909984111785889]","[-0.8514010906219482, -1.095585584640503]",0,1.0,train
47,"[[0.016405969858169556, -0.45673760771751404], [0.08419135212898254, -0.3508440852165222], [0.20274773240089417, -0.10428588837385178], [0.15986540913581848, -0.1604541391134262], [-0.2576886713504791, -0.4728182852268219], [-0.4662390649318695, -0.8601176738739014], [-0.320995956659317, -0.8568614721298218], [-0.2339465320110321, -0.7778329253196716]]","[-1.0, -1.0, -1.0, 0.0, 1.0, 1.0, -1.0, 0.0]",1,"[-0.09457091242074966, -0.620832085609436]","[-0.12236431241035461, -0.6486254930496216]","[-0.45015770196914673, -0.9764189124107361]",-1,-1.0,train
48,"[[-1.1630702018737793, -0.871764063835144], [-1.1641143560409546, -0.7697845101356506], [-1.0988881587982178, -0.6821249127388], [-1.380117654800415, -0.8102610111236572], [-1.418695330619812, -0.7283510565757751], [-1.638556718826294, -0.9140160083770752], [-1.6173454523086548, -0.795503556728363], [-1.4839996099472046, -1.0357930660247803]]","[1.0, 0.0, -1.0, 1.0, 0.0, 1.0, 0.0, 0.0]",1,"[-1.6700356006622314, -1.2259694337844849]","[-1.6512784957885742, -1.2072123289108276]","[-1.9325213432312012, -1.4884552955627441]",0,-1.0,train
49,"[[-1.0098457336425781, -0.7714178562164307], [-1.25789475440979, -1.113613247871399], [-1.4922646284103394, -1.2485337257385254], [-1.4556924104690552, -1.1418207883834839], [-1.3848967552185059, -1.042396903038025], [-1.3129826784133911, -1.4076354503631592], [-1.374954104423523, -1.2040154933929443], [-1.170253872871399, -0.8568615317344666]]","[0.0, 1.0, 1.0, 0.0, 0.0, -1.0, 0.0, 1.0]",0,"[-1.4631887674331665, -1.3254228830337524]","[-1.168278694152832, -1.030512809753418]","[-1.1733686923980713, -1.0356026887893677]",0,1.0,train
50,"[[0.33340293169021606, 0.22153322398662567], [0.5230270028114319, 0.10936521738767624], [0.20245975255966187, -0.13727563619613647], [0.4360266327857971, 0.06852690875530243], [0.374946266412735, -0.11686350405216217], [-0.15077099204063416, -0.34611931443214417], [-0.17244257032871246, -0.33113014698028564], [-0.5576884746551514, -0.3800449073314667]]","[1.0, 1.0, -1.0, 1.0, 0.0, 1.0, -1.0, 1.0]",1,"[-0.3329686224460602, -0.4299881160259247]","[-0.36989352107048035, -0.46691304445266724]","[-0.7068184614181519, -0.8038379549980164]",-1,-1.0,train
51,"[[-2.363489866256714, -1.0471173524856567], [-2.2524733543395996, -0.9867037534713745], [-2.214261054992676, -1.2135634422302246], [-2.3035058975219727, -1.1790275573730469], [-2.2422027587890625, -1.0820106267929077], [-2.0078258514404297, -1.1888824701309204], [-2.0097384452819824, -1.3178192377090454], [-1.8940889835357666, -1.258349895477295]]","[0.0, -1.0, -1.0, 0.0, -1.0, -1.0, 1.0, -1.0]",1,"[-1.8127202987670898, -1.423537015914917]","[-1.7797071933746338, -1.3905237913131714]","[-2.046694040298462, -1.6575106382369995]",0,-1.0,train
52,"[[-0.5455607175827026, -1.3975435495376587], [-0.8002617955207825, -1.5125831365585327], [-0.5455935001373291, -1.3252370357513428], [-0.820604681968689, -1.5362086296081543], [-0.920194685459137, -1.557228446006775], [-1.2825603485107422, -1.7767815589904785], [-1.5399354696273804, -1.7174572944641113], [-1.7626705169677734, -1.8692394495010376]]","[1.0, 1.0, 0.0, 1.0, -1.0, 1.0, 0.0, 1.0]",1,"[-1.4864692687988281, -1.685868263244629]","[-1.4458963871002197, -1.645295262336731]","[-1.7053234577178955, -1.9047223329544067]",0,-1.0,train
53,"[[-1.267120599746704, -1.9623082876205444], [-1.3291090726852417, -2.044546127319336], [-1.3347697257995605, -1.9354335069656372], [-1.607583999633789, -2.281785726547241], [-1.8562790155410767, -2.469367742538452], [-1.7550222873687744, -2.236701250076294], [-1.5409953594207764, -2.2306900024414062], [-1.935676097869873, -2.3545405864715576]]","[1.0, 1.0, -1.0, 1.0, 1.0, 1.0, 1.0, -1.0]",0,"[-1.8345860242843628, -2.486177682876587]","[-1.5855381488800049, -2.2371299266815186]","[-1.6364903450012207, -2.2880818843841553]",0,1.0,train
54,"[[-1.298992395401001, -0.8303370475769043], [-1.414751648902893, -1.0666605234146118], [-1.4743540287017822, -0.9548132419586182], [-1.2784082889556885, -0.7497514486312866], [-1.0410802364349365, -0.8136433959007263], [-1.3222453594207764, -1.1136106252670288], [-1.1957029104232788, -0.960563600063324], [-1.3664236068725586, -0.8958978056907654]]","[-1.0, -1.0, 1.0, 0.0, 0.0, -1.0, 1.0, 0.0]",0,"[-1.631528615951538, -1.1405565738677979]","[-1.3439366817474365, -0.8529647588729858]","[-1.3563448190689087, -0.865372896194458]",0,1.0,train
55,"[[-0.7227805852890015, -0.7711594700813293], [-0.6256073713302612, -0.6282172203063965], [-0.5927184820175171, -0.6286156177520752], [-0.879016637802124, -0.7774862051010132], [-0.7916472554206848, -0.6803151965141296], [-1.05850350856781, -0.8385124206542969], [-1.2157166004180908, -1.265060305595398], [-1.5157947540283203, -1.3967745304107666]]","[0.0, -1.0, 0.0, 1.0, 0.0, 1.0, -1.0, -1.0]",0,"[-1.7562702894210815, -1.4545695781707764]","[-1.4831544160842896, -1.1814537048339844]","[-1.5100386142730713, -1.2083379030227661]",0,1.0,train
56,"[[-2.023254871368408, -1.5872855186462402], [-1.7218142747879028, -1.5631321668624878], [-2.0866570472717285, -1.7034969329833984], [-1.9523334503173828, -1.4572269916534424], [-1.7060179710388184, -1.3820509910583496], [-1.527429461479187, -1.3127007484436035], [-1.6144205331802368, -1.447407603263855], [-1.5538924932479858, -1.2613575458526611]]","[0.0, 0.0, -1.0, 0.0, 0.0, 0.0, 1.0, 0.0]",0,"[-1.5891376733779907, -1.483821988105774]","[-1.3141814470291138, -1.208865761756897]","[-1.339225172996521, -1.2339094877243042]",0,1.0,train
57,"[[-0.9006446003913879, -0.9550071358680725], [-1.057185411453247, -1.0101655721664429], [-1.0320518016815186, -0.7472110986709595], [-0.8601890206336975, -0.7042872905731201], [-1.0915759801864624, -0.9516326189041138], [-1.0104174613952637, -0.9231655597686768], [-1.2369318008422852, -1.1431390047073364], [-1.0940515995025635, -1.074091911315918]]","[1.0, 1.0, 0.0, -1.0, 1.0, 0.0, 0.0, 0.0]",1,"[-1.0889333486557007, -0.9702036380767822]","[-1.080449104309082, -0.9617194533348083]","[-1.371964931488037, -1.2532352209091187]",0,-1.0,train
58,"[[-1.1488871574401855, -0.8705573081970215], [-1.2015756368637085, -0.7933421730995178], [-1.3866231441497803, -0.9002636075019836], [-1.2520802021026611, -0.7452608346939087], [-1.0796244144439697, -0.5907790064811707], [-1.1891478300094604, -0.6928693652153015], [-1.403132677078247, -0.9178699254989624], [-1.4429259300231934, -0.8130550980567932]]","[1.0, 1.0, -1.0, 0.0, 1.0, -1.0, -1.0, 1.0]",0,"[-1.6963165998458862, -0.9158926606178284]","[-1.409563660621643, -0.6291397213935852]","[-1.4228107929229736, -0.642386794090271]",0,1.0,train
59,"[[-1.7615221738815308, -1.6254459619522095], [-1.8727596998214722, -1.8899486064910889], [-2.1175172328948975, -2.008892297744751], [-1.9812536239624023, -1.9468473196029663], [-2.0018815994262695, -1.7165800333023071], [-1.7637152671813965, -1.673834204673767], [-1.7979580163955688, -1.6880238056182861], [-1.7724539041519165, -1.4707967042922974]]","[1.0, -1.0, -1.0, 1.0, 0.0, 0.0, 0.0, 0.0]",0,"[-1.748932123184204, -1.517978310585022]","[-1.482740044593811, -1.2517863512039185]","[-1.5165481567382812, -1.2855943441390991]",0,1.0,train
60,"[[-1.2889959812164307, -1.7911767959594727], [-1.1740878820419312, -1.590838074684143], [-1.1272863149642944, -1.4993048906326294], [-1.3622344732284546, -1.57810378074646], [-1.3449957370758057, -1.6526176929473877], [-1.3665823936462402, -1.4094491004943848], [-1.5690289735794067, -1.5251705646514893], [-1.3559508323669434, -1.525785207748413]]","[-1.0, 1.0, 1.0, 1.0, -1.0, 0.0, -1.0, 0.0]",1,"[-1.3860559463500977, -1.555993914604187]","[-1.3597806692123413, -1.5297186374664307]","[-1.6335053443908691, -1.8034433126449585]",0,-1.0,train
61,"[[-0.23421253263950348, 0.048926424235105515], [-0.20780916512012482, 0.16807906329631805], [-0.5354005694389343, -0.21358449757099152], [-0.765329122543335, -0.49788698554039], [-0.9753507375717163, -0.7811298966407776], [-1.389363408088684, -1.0994642972946167], [-1.3492567539215088, -1.1933706998825073], [-1.2406243085861206, -1.1336181163787842]]","[0.0, 0.0, -1.0, -1.0, -1.0, -1.0, 1.0, 0.0]",0,"[-1.3022472858428955, -1.1660407781600952]","[-1.0163979530334473, -0.880191445350647]","[-1.0305485725402832, -0.8943420648574829]",0,1.0,train
62,"[[-0.6159303188323975, -0.8718913197517395], [-0.9081730246543884, -1.2010539770126343], [-1.295313835144043, -1.4506088495254517], [-1.2833937406539917, -1.2905224561691284], [-1.3242862224578857, -1.077493667602539], [-1.3738722801208496, -1.048964262008667], [-1.1372488737106323, -1.0589537620544434], [-1.1591129302978516, -1.0360405445098877]]","[1.0, -1.0, -1.0, 1.0, 1.0, 1.0, 0.0, 0.0]",0,"[-1.3272998332977295, -1.3328713178634644]","[-1.036638855934143, -1.042210340499878]","[-1.0459778308868408, -1.0515493154525757]",0,1.0,train
63,"[[-1.7950561046600342, -0.9486827850341797], [-1.6763197183609009, -1.039672613143921], [-1.5844725370407104, -0.8423246741294861], [-1.4914301633834839, -0.9545319676399231], [-1.862827181816101, -1.1499990224838257], [-1.796421766281128, -0.9778520464897156], [-1.902410626411438, -1.0420465469360352], [-1.8008003234863281, -0.8524077534675598]]","[1.0, 0.0, 0.0, 0.0, 1.0, 0.0, -1.0, -1.0]",0,"[-2.082702398300171, -1.2690976858139038]","[-1.8074630498886108, -0.9938583374023438]","[-1.832223653793335, -1.0186189413070679]",0,1.0,train
64,"[[-0.4006079435348511, -1.1069358587265015], [-0.8189331889152527, -1.371299386024475], [-0.731605052947998, -1.3771746158599854], [-0.631304144859314, -1.3561697006225586], [-0.8510458469390869, -1.2392054796218872], [-0.9983497262001038, -1.4068495035171509], [-0.9713523983955383, -1.5680040121078491], [-1.2853001356124878, -1.7300357818603516]]","[1.0, -1.0, 1.0, 0.0, 1.0, -1.0, 1.0, -1.0]",1,"[-1.0685755014419556, -1.7461785078048706]","[-1.0389057397842407, -1.7165088653564453]","[-1.30923593044281, -1.9868390560150146]",0,-1.0,train
65,"[[-1.3338637351989746, -0.9883856177330017], [-1.4986411333084106, -1.167660117149353], [-1.671384572982788, -1.5462849140167236], [-1.5357213020324707, -1.4467278718948364], [-1.4222664833068848, -1.5462791919708252], [-1.2308517694473267, -1.6104371547698975], [-1.1410913467407227, -1.6198652982711792], [-1.116788387298584, -1.7505158185958862]]","[0.0, 1.0, 1.0, 0.0, -1.0, -1.0, 0.0, -1.0]",1,"[-1.1435353755950928, -1.470800757408142]","[-1.1161919832229614, -1.4434573650360107]","[-1.3888485431671143, -1.7161140441894531]",0,-1.0,train
66,"[[-1.8306257724761963, -1.3536676168441772], [-2.002506971359253, -1.5104694366455078], [-2.102353096008301, -1.563443660736084], [-2.100015878677368, -1.828383445739746], [-2.195758819580078, -2.169523000717163], [-2.124037981033325, -2.138496160507202], [-2.2488503456115723, -2.164642333984375], [-2.2190120220184326, -2.1107177734375]]","[0.0, -1.0, 0.0, -1.0, -1.0, 1.0, -1.0, 1.0]",0,"[-2.2733654975891113, -2.3932604789733887]","[-2.0246007442474365, -2.144495725631714]","[-2.075836181640625, -2.1957311630249023]",0,1.0,train
67,"[[-0.9974849820137024, -0.7404409646987915], [-1.0257675647735596, -0.6332996487617493], [-1.0110774040222168, -0.45609402656555176], [-0.9687454700469971, -0.3243158757686615], [-1.033413290977478, -0.43649518489837646], [-1.2882765531539917, -0.6043777465820312], [-1.3192098140716553, -0.7018795609474182], [-1.3735206127166748, -0.7485436797142029]]","[0.0, -1.0, -1.0, 0.0, 0.0, 1.0, 0.0, 1.0]",1,"[-1.2901722192764282, -0.8635944724082947]","[-1.2804542779922485, -0.8538764119148254]","[-1.5707361698150635, -1.1441584825515747]",0,-1.0,train
68,"[[-0.6605462431907654, -0.430183082818985], [-0.6391172409057617, -0.5412700176239014], [-0.4556565582752228, -0.4404735565185547], [-0.2148784101009369, -0.4694119393825531], [-0.27303776144981384, -0.5073579549789429], [-0.18138666450977325, -0.4708006978034973], [-0.1877128630876541, -0.4146117866039276], [0.013779905624687672, -0.2208947390317917]]","[0.0, -1.0, 0.0, -1.0, -1.0, 0.0, 0.0, 0.0]",1,"[0.01706698164343834, -0.1757049411535263]","[-0.058023981750011444, -0.2507959008216858]","[-0.4331149458885193, -0.625886857509613]",-1,-1.0,train
69,"[[-1.1959258317947388, -1.3533622026443481], [-1.0575509071350098, -0.9990283846855164], [-1.187227725982666, -1.1318553686141968], [-0.8922761678695679, -0.8872988820075989], [-0.7950722575187683, -1.0287400484085083], [-1.0117169618606567, -0.9916079640388489], [-0.8680131435394287, -0.9667980670928955], [-1.1346323490142822, -1.145967721939087]]","[1.0, 0.0, -1.0, 0.0, 1.0, 1.0, 1.0, -1.0]",0,"[-1.432621717453003, -1.5056650638580322]","[-1.1442190408706665, -1.2172623872756958]","[-1.1558164358139038, -1.228859782218933]",0,1.0,train
70,"[[-1.1834309101104736, -1.577697515487671], [-1.219916582107544, -1.6779276132583618], [-1.1047821044921875, -1.6040279865264893], [-1.2765003442764282, -1.9356459379196167], [-1.5428119897842407, -2.1980996131896973], [-1.8252463340759277, -2.391199827194214], [-1.6410810947418213, -2.360917091369629], [-1.8382905721664429, -2.401973247528076]]","[1.0, -1.0, 0.0, -1.0, -1.0, -1.0, 1.0, -1.0]",1,"[-1.695038914680481, -2.4013235569000244]","[-1.6445473432540894, -2.350831985473633]","[-1.894055962562561, -2.6003403663635254]",0,-1.0,train
71,"[[-2.097198963165283, -1.9083333015441895], [-1.9259675741195679, -1.8224303722381592], [-1.7821638584136963, -1.8349969387054443], [-1.824420690536499, -1.930667757987976], [-1.975418210029602, -1.8082430362701416], [-2.0857110023498535, -1.9676419496536255], [-1.7760089635849, -1.8736026287078857], [-1.608963966369629, -1.7135342359542847]]","[-1.0, 0.0, 0.0, 1.0, 1.0, -1.0, 1.0, 0.0]",0,"[-1.954473614692688, -1.8171180486679077]","[-1.689544916152954, -1.5521893501281738]","[-1.724616289138794, -1.5872607231140137]",0,1.0,train
72,"[[-0.7567927241325378, -1.2435380220413208], [-0.98103928565979, -1.5844240188598633], [-1.499570369720459, -1.6729466915130615], [-1.4029662609100342, -1.744881510734558], [-1.4313511848449707, -1.6468250751495361], [-1.4634134769439697, -1.4247649908065796], [-1.7831958532333374, -1.4399720430374146], [-1.8277955055236816, -1.3676273822784424]]","[0.0, -1.0, -1.0, 0.0, 1.0, 1.0, 1.0, 0.0]",1,"[-1.757426381111145, -1.3126649856567383]","[-1.7241721153259277, -1.2794106006622314]","[-1.990917682647705, -1.5461562871932983]",0,-1.0,train
73,"[[-0.9670027494430542, -0.492887407541275], [-1.1342265605926514, -0.5833052396774292], [-1.3799877166748047, -0.8446034789085388], [-1.099452018737793, -0.8074455261230469], [-1.0092458724975586, -0.9886980056762695], [-0.8533570170402527, -0.82475346326828], [-0.8054400682449341, -0.8201568722724915], [-0.7187286019325256, -0.8192284107208252]]","[0.0, 0.0, -1.0, 0.0, 0.0, -1.0, -1.0, -1.0]",1,"[-0.7654197216033936, -0.908449649810791]","[-0.7772414684295654, -0.9202713966369629]","[-1.089063286781311, -1.2320932149887085]",-1,-1.0,train
74,"[[-0.6853516697883606, -1.2577462196350098], [-0.46682900190353394, -1.2797725200653076], [-0.5869674682617188, -1.5811878442764282], [-0.5497963428497314, -1.4895052909851074], [-0.6427273154258728, -1.1607615947723389], [-0.6234456300735474, -1.0400886535644531], [-0.7668177485466003, -1.4210360050201416], [-0.8548033833503723, -1.5059614181518555]]","[1.0, 1.0, -1.0, 0.0, 0.0, 0.0, -1.0, 1.0]",0,"[-1.219078779220581, -1.8018100261688232]","[-0.9350897073745728, -1.517820954322815]","[-0.9511007070541382, -1.5338319540023804]",0,1.0,train
75,"[[-1.3265577554702759, -1.0689908266067505], [-1.2220025062561035, -1.1087510585784912], [-1.069120168685913, -1.1795670986175537], [-1.2710177898406982, -1.3345223665237427], [-1.1270803213119507, -1.0611603260040283], [-1.0753817558288574, -1.0572084188461304], [-1.0066814422607422, -1.0744494199752808], [-1.3485583066940308, -1.1914300918579102]]","[1.0, -1.0, -1.0, 1.0, 0.0, -1.0, -1.0, 1.0]",1,"[-1.4832258224487305, -1.1280814409255981]","[-1.4648228883743286, -1.1096785068511963]","[-1.7464200258255005, -1.3912756443023682]",0,-1.0,train
76,"[[-2.4761440753936768, -1.945435881614685], [-2.429978132247925, -1.979417324066162], [-2.413470983505249, -1.879650354385376], [-2.636927604675293, -2.1739320755004883], [-2.6906540393829346, -2.1841542720794678], [-2.4363903999328613, -2.2928597927093506], [-2.5319652557373047, -2.0705463886260986], [-2.3333303928375244, -1.8849542140960693]]","[-1.0, 0.0, 0.0, 1.0, 1.0, -1.0, -1.0, 1.0]",0,"[-2.525559425354004, -2.0330355167388916]","[-2.2755510807037354, -1.7830270528793335]","[-2.325542688369751, -1.8330186605453491]",0,1.0,train
77,"[[-1.2852683067321777, -0.4965043365955353], [-1.5284968614578247, -0.6261461973190308], [-1.5104433298110962, -0.6048352122306824], [-1.6841217279434204, -0.7863218188285828], [-1.7580220699310303, -0.9569394588470459], [-1.9298399686813354, -1.234499216079712], [-2.0013630390167236, -1.2233846187591553], [-2.043670654296875, -1.4255701303482056]]","[0.0, 1.0, -1.0, -1.0, 1.0, 1.0, -1.0, 1.0]",1,"[-1.9406542778015137, -1.2778780460357666]","[-1.901969313621521, -1.239193081855774]","[-2.1632845401763916, -1.500508189201355]",0,-1.0,train
78,"[[-1.6333060264587402, -1.6626261472702026], [-1.7379717826843262, -1.6644388437271118], [-1.57964026927948, -1.520699381828308], [-1.5218849182128906, -1.3955965042114258], [-1.6085174083709717, -1.5881848335266113], [-1.6815404891967773, -1.7028687000274658], [-1.8862437009811401, -1.8833317756652832], [-1.7315477132797241, -1.9681243896484375]]","[0.0, -1.0, 0.0, 0.0, -1.0, -1.0, -1.0, -1.0]",1,"[-1.722002625465393, -2.137305736541748]","[-1.6801948547363281, -2.0954978466033936]","[-1.9383869171142578, -2.3536901473999023]",0,-1.0,train
79,"[[-0.3165529668331146, -1.0657670497894287], [-0.6092790961265564, -1.3603763580322266], [-0.8371837735176086, -1.6484425067901611], [-0.8528725504875183, -1.7603586912155151], [-1.215332269668579, -1.8804603815078735], [-1.1938936710357666, -1.877981424331665], [-1.3598339557647705, -2.0328726768493652], [-1.3043372631072998, -1.8616015911102295]]","[-1.0, 1.0, 1.0, 0.0, 1.0, -1.0, 0.0, -1.0]",1,"[-1.3449090719223022, -1.9272081851959229]","[-1.3119208812713623, -1.894219994544983]","[-1.5789326429367065, -2.161231756210327]",0,-1.0,train
80,"[[-1.5708978176116943, -0.7232919931411743], [-1.5515503883361816, -0.7462889552116394], [-1.8619002103805542, -0.7665253281593323], [-1.953688621520996, -0.8424418568611145], [-1.9796850681304932, -0.8827033042907715], [-2.0976157188415527, -1.0119307041168213], [-1.947670340538025, -0.9787525534629822], [-1.9224921464920044, -0.8353357315063477]]","[0.0, -1.0, 1.0, 0.0, -1.0, 1.0, -1.0, 0.0]",0,"[-2.199411392211914, -0.9897280335426331]","[-1.9273450374603271, -0.7176616191864014]","[-1.9552786350250244, -0.7455952167510986]",0,1.0,train
81,"[[-0.9695339202880859, -0.8891651630401611], [-0.6797710657119751, -0.8500112891197205], [-1.0964503288269043, -1.30452561378479], [-1.0620321035385132, -1.2702820301055908], [-0.8814377188682556, -1.446533441543579], [-0.6690340638160706, -1.5061711072921753], [-0.7930347919464111, -1.3199193477630615], [-0.8416929244995117, -1.1431864500045776]]","[1.0, -1.0, 1.0, 0.0, 0.0, -1.0, -1.0, 0.0]",1,"[-0.8126159310340881, -1.091193675994873]","[-0.808830976486206, -1.0874086618423462]","[-1.105046033859253, -1.383623719215393]",0,-1.0,train
82,"[[-0.9020140767097473, -1.0203136205673218], [-0.866744339466095, -0.9799253344535828], [-0.7970629930496216, -0.7308749556541443], [-0.8404433131217957, -0.6431085467338562], [-0.6130924820899963, -0.7020419239997864], [-0.676596999168396, -0.837742269039154], [-0.5181593298912048, -0.8030155301094055], [-0.4819377660751343, -0.6973139643669128]]","[-1.0, 1.0, 0.0, 1.0, 0.0, 0.0, 1.0, 0.0]",0,"[-0.7477855682373047, -0.9186078906059265]","[-0.4222021698951721, -0.593024492263794]","[-0.3966187834739685, -0.5674411058425903]",1,1.0,train
83,"[[-0.7385942339897156, -1.233486294746399], [-0.8061779737472534, -1.155040979385376], [-0.9494016766548157, -1.042150855064392], [-1.135619044303894, -1.4100761413574219], [-1.0258139371871948, -1.606308937072754], [-0.9426095485687256, -1.5918848514556885], [-1.13320791721344, -1.8480265140533447], [-1.0857126712799072, -1.9790713787078857]]","[-1.0, 0.0, 0.0, -1.0, 0.0, 0.0, 1.0, 0.0]",1,"[-0.944681704044342, -1.8660175800323486]","[-0.9121264815330505, -1.8334623575210571]","[-1.179571270942688, -2.10090708732605]",0,-1.0,train
84,"[[-1.2261401414871216, -2.0493667125701904], [-1.2161754369735718, -2.2360823154449463], [-1.2653324604034424, -2.215123414993286], [-1.1500669717788696, -2.1548025608062744], [-1.0069797039031982, -1.973489761352539], [-1.087155818939209, -1.8204855918884277], [-1.0882614850997925, -1.700969934463501], [-0.9857762455940247, -1.6026264429092407]]","[1.0, -1.0, 0.0, 0.0, 0.0, -1.0, -1.0, 0.0]",0,"[-1.18048894405365, -1.7527425289154053]","[-0.9016737937927246, -1.47392737865448]","[-0.922858715057373, -1.4951122999191284]",0,1.0,train
85,"[[-1.5280717611312866, -1.2364166975021362], [-1.541013479232788, -1.336295485496521], [-1.6576344966888428, -1.5353678464889526], [-1.7303048372268677, -1.3678696155548096], [-1.9391971826553345, -1.5233485698699951], [-1.9753878116607666, -1.4121198654174805], [-1.7521613836288452, -1.2692463397979736], [-1.5910179615020752, -1.3671538829803467]]","[0.0, 0.0, -1.0, 0.0, 1.0, 0.0, -1.0, 0.0]",1,"[-1.6163917779922485, -1.4513635635375977]","[-1.58841073513031, -1.4233824014663696]","[-1.8604296445846558, -1.6954014301300049]",0,-1.0,train
86,"[[-0.701001763343811, -0.8932308554649353], [-0.671396791934967, -0.6542669534683228], [-0.5450066924095154, -0.4535464644432068], [-0.44785094261169434, -0.419850617647171], [-0.23753036558628082, -0.19217488169670105], [-0.34477758407592773, -0.1366422474384308], [-0.3514997065067291, -0.10926076024770737], [-0.6837883591651917, -0.44507887959480286]]","[0.0, 0.0, 0.0, 1.0, 1.0, 0.0, -1.0, 1.0]",1,"[-0.812880277633667, -0.47868645191192627]","[-0.8404446244239807, -0.50625079870224]","[-1.1680089235305786, -0.8338150978088379]",-1,-1.0,train
87,"[[-0.15799057483673096, -0.6905537247657776], [-0.11291002482175827, -0.7079960107803345], [-0.1380407214164734, -0.676825761795044], [-0.14058388769626617, -0.6958919167518616], [-0.1419893503189087, -0.3242124915122986], [-0.3188183605670929, -0.297953337430954], [-0.2451068013906479, -0.20010341703891754], [-0.23846007883548737, -0.18553312122821808]]","[1.0, 1.0, 0.0, 0.0, 0.0, 1.0, 0.0, 0.0]",1,"[-0.1097576767206192, 0.08570142090320587]","[-0.17694734036922455, 0.018511753529310226]","[-0.5441370010375977, -0.3486779034137726]",-1,-1.0,train
88,"[[-0.962348222732544, -1.189031958580017], [-0.8242466449737549, -1.067948579788208], [-1.0100862979888916, -1.1056346893310547], [-1.0050400495529175, -0.9959396719932556], [-0.8687548041343689, -1.038698673248291], [-1.1604336500167847, -1.3897292613983154], [-1.179787039756775, -1.4666553735733032], [-1.39642333984375, -1.7471250295639038]]","[1.0, -1.0, 1.0, 0.0, 1.0, 1.0, -1.0, 1.0]",1,"[-1.3166322708129883, -1.494794249534607]","[-1.2846510410308838, -1.4628130197525024]","[-1.5526697635650635, -1.7308317422866821]",0,-1.0,train
89,"[[-1.3396918773651123, -0.8651502132415771], [-1.3671008348464966, -0.7904486656188965], [-1.4615362882614136, -0.8918372392654419], [-1.4561673402786255, -0.8371527194976807], [-1.5713797807693481, -1.1905440092086792], [-1.4896560907363892, -1.1081279516220093], [-1.7457098960876465, -1.4238275289535522], [-1.425573706626892, -1.2303911447525024]]","[1.0, 0.0, 1.0, -1.0, 1.0, -1.0, 1.0, -1.0]",1,"[-1.2223365306854248, -1.3359150886535645]","[-1.201099157333374, -1.3146777153015137]","[-1.4798617362976074, -1.593440294265747]",0,-1.0,train
90,"[[-1.392829418182373, -0.7438482046127319], [-1.3979531526565552, -0.5932563543319702], [-1.2542144060134888, -0.7932605147361755], [-1.3763214349746704, -0.6505929231643677], [-1.5555353164672852, -0.9424116611480713], [-1.653537392616272, -0.9106378555297852], [-1.5876879692077637, -1.2615567445755005], [-1.587982177734375, -1.126700758934021]]","[0.0, 0.0, -1.0, 0.0, -1.0, 0.0, 0.0, -1.0]",1,"[-1.3769601583480835, -1.2158039808273315]","[-1.3536359071731567, -1.1924797296524048]","[-1.6303116083145142, -1.4691555500030518]",0,-1.0,train
91,"[[-0.666219174861908, -1.343673825263977], [-0.9820860624313354, -1.572310209274292], [-1.0656726360321045, -1.8099855184555054], [-0.8892214298248291, -1.5912322998046875], [-0.9498022198677063, -1.5951957702636719], [-1.185105562210083, -1.5163768529891968], [-1.3631988763809204, -1.578295111656189], [-0.9797779321670532, -1.7085212469100952]]","[0.0, -1.0, -1.0, 0.0, 1.0, 1.0, 1.0, 0.0]",0,"[-1.321524739265442, -2.0945005416870117]","[-1.045564889907837, -1.8185406923294067]","[-1.0696051120758057, -1.8425809144973755]",0,1.0,train
92,"[[-1.160715103149414, -1.532092571258545], [-1.3264796733856201, -1.3961139917373657], [-1.5009726285934448, -1.3526971340179443], [-1.6350799798965454, -1.4915956258773804], [-1.633320927619934, -1.5100313425064087], [-1.5010863542556763, -1.627135157585144], [-1.6127231121063232, -1.7510645389556885], [-1.708105444908142, -2.033369779586792]]","[1.0, 0.0, 1.0, -1.0, 1.0, 0.0, -1.0, -1.0]",0,"[-1.8775221109390259, -2.121211290359497]","[-1.6201245784759521, -1.8638137578964233]","[-1.6627271175384521, -1.9064161777496338]",0,1.0,train
93,"[[-1.9889883995056152, -1.5470786094665527], [-1.8083713054656982, -1.3487104177474976], [-1.6749060153961182, -1.3271993398666382], [-1.3766160011291504, -1.2649080753326416], [-1.2966071367263794, -1.2766458988189697], [-1.3618141412734985, -1.1616506576538086], [-1.6292675733566284, -1.574053168296814], [-2.0266714096069336, -1.737099289894104]]","[1.0, 0.0, 0.0, 0.0, 0.0, 0.0, 1.0, 1.0]",1,"[-2.0537524223327637, -1.6252635717391968]","[-2.010836124420166, -1.58234703540802]","[-2.2679195404052734, -1.839430570602417]",0,-1.0,train
94,"[[-0.06717614084482193, -0.4258446991443634], [-0.5712801814079285, -0.7464722990989685], [-0.39538395404815674, -0.7048582434654236], [-0.3751590847969055, -0.6826468706130981], [-0.1359848529100418, -0.676688551902771], [-0.1869186908006668, -0.49032124876976013], [0.09676352143287659, -0.3558214604854584], [0.20559602975845337, -0.3923758566379547]]","[0.0, -1.0, 1.0, 0.0, 1.0, 0.0, 1.0, 0.0]",0,"[-0.24167807400226593, -0.5395680665969849]","[0.11299025267362595, -0.18489974737167358]","[0.16765858232975006, -0.13023141026496887]",1,1.0,train
95,"[[-1.0017452239990234, -1.4435667991638184], [-0.9748242497444153, -1.2523294687271118], [-1.2709211111068726, -1.4901350736618042], [-1.2773382663726807, -1.7363195419311523], [-1.4043221473693848, -1.7016874551773071], [-1.4339532852172852, -1.839584231376648], [-1.4587126970291138, -2.128856897354126], [-1.4486627578735352, -2.0655436515808105]]","[1.0, 0.0, 1.0, 1.0, -1.0, 1.0, -1.0, 1.0]",0,"[-1.6324408054351807, -2.228503704071045]","[-1.3718925714492798, -1.9679553508758545]","[-1.4113444089889526, -2.0074071884155273]",0,1.0,train
96,"[[-2.015397548675537, -2.534698963165283], [-2.046945333480835, -2.541757822036743], [-2.2279536724090576, -2.660827159881592], [-2.0161399841308594, -2.4110348224639893], [-2.017122268676758, -2.372797966003418], [-1.9998884201049805, -2.24202299118042], [-1.9439270496368408, -2.1769473552703857], [-1.8893333673477173, -2.029543161392212]]","[1.0, -1.0, 1.0, 0.0, 0.0, 0.0, 0.0, 0.0]",0,"[-1.9800580739974976, -2.0615973472595215]","[-1.725298523902893, -1.8068379163742065]","[-1.7705390453338623, -1.8520784378051758]",0,1.0,train
97,"[[-0.6305871605873108, -1.2195813655853271], [-0.613923192024231, -1.0476257801055908], [-1.0055731534957886, -1.183685302734375], [-1.0032999515533447, -1.2139710187911987], [-1.0611863136291504, -1.1367884874343872], [-0.897402286529541, -0.9920747876167297], [-0.7338970303535461, -1.06146240234375], [-0.5447912216186523, -0.790630578994751]]","[1.0, 0.0, 1.0, -1.0, 0.0, 0.0, -1.0, -1.0]",1,"[-0.535620391368866, -0.5759224891662598]","[-0.5545305609703064, -0.5948326587677002]","[-0.8734407424926758, -0.9137428402900696]",-1,-1.0,train
98,"[[-0.8207947015762329, -0.8690587282180786], [-0.4864773154258728, -0.7206159830093384], [-0.4555833339691162, -0.594102144241333], [-0.7285795211791992, -0.9878491163253784], [-1.0610675811767578, -1.0971362590789795], [-1.1135025024414062, -1.0012799501419067], [-1.0339514017105103, -0.963477611541748], [-1.0684945583343506, -0.9138555526733398]]","[0.0, 0.0, 1.0, -1.0, -1.0, 0.0, 0.0, 1.0]",0,"[-1.3672913312911987, -1.0926549434661865]","[-1.0704911947250366, -0.7958548069000244]","[-1.0736910104751587, -0.7990546226501465]",0,1.0,train
99,"[[-0.26161083579063416, -0.06831341981887817], [-0.641538143157959, -0.21369482576847076], [-0.4061315059661865, -0.29638028144836426], [-0.41004037857055664, -0.3229321837425232], [-0.7461336255073547, -0.8655350804328918], [-0.7038611173629761, -0.8033756613731384], [-0.5373964309692383, -0.5908557176589966], [-0.6488245129585266, -0.6293994188308716]]","[1.0, -1.0, 0.0, 0.0, -1.0, 1.0, 0.0, 0.0]",1,"[-0.6563417911529541, -0.4747790992259979]","[-0.6785213351249695, -0.4969586730003357]","[-1.000700831413269, -0.81913822889328]",-1,-1.0,train
100,"[[-1.8848546743392944, -1.248441219329834], [-1.6196011304855347, -1.2871595621109009], [-1.8645261526107788, -1.4493423700332642], [-1.800765872001648, -1.3198353052139282], [-1.7854397296905518, -1.3474006652832031], [-2.064804792404175, -1.3013783693313599], [-1.9212701320648193, -1.2678725719451904], [-2.1108295917510986, -1.6444371938705444]]","[1.0, 0.0, 1.0, -1.0, -1.0, 1.0, 0.0, 1.0]",1,"[-2.21282958984375, -1.6797873973846436]","[-2.1697638034820557, -1.6367214918136597]","[-2.4266979694366455, -1.8936556577682495]",0,-1.0,train
101,"[[-1.6398431062698364, -1.1846767663955688], [-1.6445759534835815, -1.012953519821167], [-1.6338753700256348, -0.8976579308509827], [-1.3306913375854492, -0.8201067447662354], [-1.2285212278366089, -0.7660523056983948], [-1.4105421304702759, -0.9976892471313477], [-1.3343725204467773, -0.9501495957374573], [-1.1462382078170776, -0.9352226853370667]]","[1.0, 0.0, 0.0, -1.0, -1.0, 1.0, -1.0, 0.0]",1,"[-1.0544651746749878, -0.9535694718360901]","[-1.0481698513031006, -0.9472740888595581]","[-1.3418744802474976, -1.240978717803955]",0,-1.0,train
102,"[[0.4879169762134552, -0.7814419269561768], [0.05135868489742279, -1.124818205833435], [-0.2069341242313385, -1.5390217304229736], [-0.07918953895568848, -1.4237769842147827], [0.13286788761615753, -1.2803945541381836], [0.235967218875885, -1.164718747138977], [0.2832067608833313, -1.0614445209503174], [0.35283327102661133, -0.8540379405021667]]","[0.0, -1.0, -1.0, 1.0, 0.0, 1.0, 0.0, 0.0]",0,"[-0.0511440671980381, -1.0498766899108887]","[0.26985153555870056, -0.7288811206817627]","[0.29084712266921997, -0.7078855633735657]",1,1.0,train
103,"[[-1.255104422569275, -1.6664056777954102], [-1.0590288639068604, -1.373950481414795], [-1.160135269165039, -1.1108472347259521], [-1.3057332038879395, -1.4424269199371338], [-1.347637414932251, -1.5855815410614014], [-1.3558008670806885, -1.44304621219635], [-1.4291421175003052, -1.3497885465621948], [-1.5864137411117554, -1.6527906656265259]]","[-1.0, 0.0, -1.0, 1.0, 1.0, -1.0, 0.0, 1.0]",1,"[-1.5224494934082031, -1.4870874881744385]","[-1.4889739751815796, -1.453611969947815]","[-1.7554984092712402, -1.7201364040374756]",0,-1.0,train
104,"[[-1.5103517770767212, -1.1805394887924194], [-1.457474708557129, -1.4855899810791016], [-1.536872148513794, -1.2906323671340942], [-1.6648448705673218, -1.322772741317749], [-1.6358333826065063, -1.1083983182907104], [-1.7329052686691284, -1.3085510730743408], [-2.034256935119629, -1.6029388904571533], [-1.8309924602508545, -1.5437984466552734]]","[0.0, 1.0, 1.0, 1.0, 0.0, 1.0, -1.0, 0.0]",0,"[-2.042736768722534, -1.7236775159835815]","[-1.7789702415466309, -1.4599108695983887]","[-1.8152036666870117, -1.4961442947387695]",0,1.0,train
105,"[[-1.7828580141067505, -0.6814666986465454], [-1.7765226364135742, -0.6046289801597595], [-1.823315978050232, -0.5602231025695801], [-2.0060510635375977, -0.7491588592529297], [-1.8765842914581299, -0.6139878034591675], [-1.9689656496047974, -0.6669272184371948], [-2.1149909496307373, -0.750576913356781], [-2.310983657836914, -0.6722713112831116]]","[0.0, 1.0, 1.0, 0.0, 0.0, 0.0, -1.0, -1.0]",0,"[-2.417856216430664, -0.9757347702980042]","[-2.1543946266174316, -0.7122732400894165]","[-2.1909329891204834, -0.7488117814064026]",0,1.0,train
106,"[[-1.612684965133667, -1.2646431922912598], [-1.6282074451446533, -1.242240071296692], [-1.9979795217514038, -1.4352972507476807], [-1.8464853763580322, -1.2315244674682617], [-1.5989768505096436, -1.3664807081222534], [-1.6698092222213745, -1.532767653465271], [-1.4442076683044434, -1.4166194200515747], [-1.6682891845703125, -1.7413448095321655]]","[0.0, 0.0, -1.0, 0.0, 0.0, -1.0, 0.0, 1.0]",1,"[-1.7268414497375488, -1.6195486783981323]","[-1.690180778503418, -1.5828880071640015]","[-1.9535201787948608, -1.8462274074554443]",0,-1.0,train
107,"[[-0.2753232419490814, -0.3528081774711609], [-0.405649334192276, -0.20360219478607178], [-0.7204868793487549, -0.49842676520347595], [-0.7455952763557434, -0.28435271978378296], [-0.7161909341812134, -0.21645639836788177], [-0.7505590319633484, -0.3193129599094391], [-0.9674686193466187, -0.20737701654434204], [-0.9864886999130249, -0.2692692279815674]]","[0.0, 1.0, -1.0, 0.0, 1.0, 0.0, 1.0, 0.0]",0,"[-1.3464021682739258, -0.848443865776062]","[-1.0309804677963257, -0.5330221652984619]","[-1.0155587196350098, -0.517600417137146]",1,1.0,train
108,"[[-0.6001318097114563, -0.35695821046829224], [-1.0495004653930664, -0.5774281024932861], [-1.1077702045440674, -0.5326868295669556], [-0.9552949070930481, -0.6540225148200989], [-0.705585777759552, -0.727493166923523], [-0.7298204302787781, -0.49117210507392883], [-1.047541856765747, -0.9068899750709534], [-1.1071077585220337, -0.9807919263839722]]","[-1.0, -1.0, 1.0, 0.0, 1.0, 0.0, -1.0, 1.0]",1,"[-1.2057600021362305, -1.0188348293304443]","[-1.1994765996932983, -1.0125515460968018]","[-1.4931933879852295, -1.3062682151794434]",0,-1.0,train
109,"[[-1.6088650226593018, -1.4680904150009155], [-1.7520642280578613, -1.5992636680603027], [-1.6839486360549927, -1.576879858970642], [-1.78044593334198, -1.382366418838501], [-1.8297138214111328, -1.1747490167617798], [-1.8481411933898926, -1.1512653827667236], [-1.7239245176315308, -1.0276118516921997], [-1.7125771045684814, -1.2792956829071045]]","[-1.0, -1.0, 0.0, 0.0, 0.0, 1.0, 0.0, -1.0]",0,"[-1.7300574779510498, -1.4920060634613037]","[-1.459215760231018, -1.2211642265319824]","[-1.4883739948272705, -1.2503225803375244]",0,1.0,train
110,"[[-0.7119931578636169, -1.051720142364502], [-0.7503969669342041, -1.0741353034973145], [-0.7353668212890625, -0.9055274724960327], [-0.7760356664657593, -0.8416613936424255], [-0.9610912799835205, -1.1543147563934326], [-0.8886560201644897, -0.9767212867736816], [-1.2193143367767334, -1.2397823333740234], [-0.9837948083877563, -0.9987189769744873]]","[0.0, 0.0, 0.0, 0.0, 1.0, 1.0, -1.0, 0.0]",0,"[-1.3961774110794067, -1.214926838874817]","[-1.0992002487182617, -0.9179496765136719]","[-1.1022230386734009, -0.9209725260734558]",0,1.0,train
111,"[[-0.056959159672260284, -0.5174037218093872], [-0.04776817560195923, -0.47061222791671753], [-0.10642460733652115, -0.6904463171958923], [-0.47477632761001587, -0.9812714457511902], [-0.8262664079666138, -1.2597445249557495], [-0.9460365176200867, -1.236160159111023], [-0.8367011547088623, -1.2660876512527466], [-0.6440234184265137, -1.335382342338562]]","[0.0, 0.0, 0.0, -1.0, -1.0, 0.0, 0.0, 0.0]",0,"[-0.976954996585846, -1.5028274059295654]","[-0.6833828687667847, -1.209255337715149]","[-0.6898106932640076, -1.215683102607727]",0,1.0,train
112,"[[-1.4011889696121216, -0.9196295142173767], [-1.6347907781600952, -0.8421438932418823], [-1.683856725692749, -1.0823732614517212], [-1.6358240842819214, -1.0580228567123413], [-1.4160892963409424, -1.209667444229126], [-1.2522062063217163, -0.9859821200370789], [-1.1947976350784302, -0.8335390090942383], [-1.3433501720428467, -1.1953386068344116]]","[-1.0, 0.0, -1.0, 0.0, 0.0, 1.0, 0.0, -1.0]",0,"[-1.6234557628631592, -1.4446864128112793]","[-1.3418134450912476, -1.1630442142486572]","[-1.3601711988449097, -1.1814019680023193]",0,1.0,train
113,"[[-1.4744871854782104, -1.4918289184570312], [-1.5452224016189575, -1.4946714639663696], [-1.539751648902893, -1.3678058385849], [-1.7094643115997314, -1.6603182554244995], [-1.3617874383926392, -1.6953907012939453], [-1.4216724634170532, -1.6126593351364136], [-1.3212637901306152, -1.6335489749908447], [-1.454995036125183, -1.9991956949234009]]","[-1.0, 1.0, 0.0, -1.0, 1.0, 0.0, 0.0, 1.0]",1,"[-1.127364158630371, -1.855080485343933]","[-1.089155673980713, -1.8168721199035645]","[-1.3509472608566284, -2.0786635875701904]",0,-1.0,train
114,"[[-1.4979076385498047, -1.4255831241607666], [-1.3537380695343018, -1.7313259840011597], [-1.4668126106262207, -2.077338457107544], [-1.3813413381576538, -2.0651190280914307], [-1.2168669700622559, -2.003234624862671], [-1.1553786993026733, -2.0444226264953613], [-1.1585365533828735, -2.18310546875], [-1.454564094543457, -2.145918130874634]]","[-1.0, -1.0, -1.0, 0.0, 0.0, 0.0, 1.0, 1.0]",1,"[-1.5071274042129517, -2.1807808876037598]","[-1.466002106666565, -2.139655590057373]","[-1.7248767614364624, -2.3985302448272705]",0,-1.0,train
115,"[[-0.4716023802757263, -0.8931386470794678], [-0.5318286418914795, -0.7221394181251526], [-0.5538744926452637, -0.4796384871006012], [-0.5967251658439636, -0.5679808855056763], [-0.5984726548194885, -0.7400482296943665], [-0.7201457619667053, -1.0946176052093506], [-0.7957039475440979, -1.0135918855667114], [-0.9465751051902771, -1.4716975688934326]]","[-1.0, 1.0, 0.0, 1.0, 1.0, -1.0, 1.0, -1.0]",0,"[-1.074271321296692, -1.72749924659729]","[-0.7909319400787354, -1.4441598653793335]","[-0.8075924515724182, -1.4608203172683716]",0,1.0,train
116,"[[-2.300102710723877, -1.5563884973526], [-2.13395357131958, -1.6042591333389282], [-2.303879499435425, -1.5310412645339966], [-2.5485124588012695, -1.7936906814575195], [-2.7218363285064697, -1.999649167060852], [-2.743273973464966, -1.7025212049484253], [-2.552335023880005, -1.9010552167892456], [-2.3571619987487793, -1.8752541542053223]]","[-1.0, 1.0, 0.0, -1.0, -1.0, 0.0, -1.0, 0.0]",1,"[-2.317250967025757, -1.7002508640289307]","[-2.2670094966888428, -1.650009274482727]","[-2.516767978668213, -1.8997677564620972]",0,-1.0,train
117,"[[-1.2130545377731323, -0.5005090236663818], [-1.223903775215149, -0.4527668058872223], [-1.1077808141708374, -0.501695454120636], [-1.1929811239242554, -0.6424198150634766], [-0.7834703326225281, -0.7774502635002136], [-0.6714101433753967, -0.8831907510757446], [-1.1462392807006836, -1.1081774234771729], [-0.987400472164154, -1.0677809715270996]]","[1.0, 0.0, 1.0, -1.0, 1.0, 0.0, -1.0, 0.0]",0,"[-1.1400415897369385, -1.6586824655532837]","[-0.845296323299408, -1.3639371395111084]","[-0.8505510687828064, -1.3691918849945068]",0,1.0,train
118,"[[-1.0763219594955444, -0.9986710548400879], [-1.050307273864746, -0.6975735425949097], [-0.9285210371017456, -0.7374427914619446], [-0.6295464634895325, -0.7679740190505981], [-0.6355323195457458, -0.6295971870422363], [-0.8342769145965576, -1.0557036399841309], [-0.5978572964668274, -1.0570622682571411], [-0.7193341851234436, -1.009873628616333]]","[-1.0, -1.0, 0.0, -1.0, -1.0, 1.0, -1.0, -1.0]",1,"[-0.6334848403930664, -1.0433272123336792]","[-0.6378118395805359, -1.0476542711257935]","[-0.9421388506889343, -1.351981282234192]",-1,-1.0,train
119,"[[-1.5966893434524536, -0.2868768274784088], [-1.6623650789260864, -0.006403650157153606], [-1.553821086883545, 0.03906233608722687], [-1.4363700151443481, -0.2770437002182007], [-1.5683854818344116, -0.35396623611450195], [-1.923925518989563, -0.5665545463562012], [-2.0296738147735596, -0.7798215746879578], [-1.927019715309143, -0.632140576839447]]","[-1.0, 0.0, 0.0, 0.0, -1.0, 1.0, 1.0, -1.0]",1,"[-1.8495832681655884, -0.5520658493041992]","[-1.823712706565857, -0.526195228099823]","[-2.09784197807312, -0.8003246188163757]",0,-1.0,train
120,"[[-0.5518312454223633, -0.8304112553596497], [-0.4570462703704834, -0.864786684513092], [-0.7310691475868225, -0.930077314376831], [-0.5431045293807983, -0.7784265279769897], [-0.5647246837615967, -0.7153708338737488], [-0.9424747824668884, -0.8860047459602356], [-0.9439175128936768, -0.7438717484474182], [-0.7489854693412781, -0.956978976726532]]","[1.0, 0.0, -1.0, 1.0, 1.0, -1.0, 1.0, 1.0]",0,"[-1.0257422924041748, -1.15379798412323]","[-0.7202324867248535, -0.8482882380485535]","[-0.7147226929664612, -0.8427784442901611]",1,1.0,train
121,"[[-1.526344895362854, -0.4006125330924988], [-1.3694367408752441, -0.25262463092803955], [-1.4144175052642822, -0.3005329370498657], [-1.2004181146621704, -0.43825703859329224], [-1.1458908319473267, -0.47436732053756714], [-1.0990574359893799, -0.47328269481658936], [-0.9304569959640503, -0.5213480591773987], [-0.9348340034484863, -0.3844175636768341]]","[1.0, 0.0, 0.0, 0.0, 0.0, 0.0, -1.0, 0.0]",1,"[-0.9050262570381165, -0.38487324118614197]","[-0.9210957884788513, -0.40094274282455444]","[-1.2371653318405151, -0.7170122861862183]",-1,-1.0,train
122,"[[-0.6222345232963562, -1.3618977069854736], [-0.6931174993515015, -1.175275444984436], [-1.0559945106506348, -1.6558430194854736], [-1.3697961568832397, -1.7501201629638672], [-1.6669349670410156, -1.7917265892028809], [-1.6165071725845337, -1.552459478378296], [-1.5049926042556763, -1.4041023254394531], [-1.4306297302246094, -1.494583010673523]]","[1.0, 0.0, 1.0, 1.0, 1.0, -1.0, -1.0, -1.0]",1,"[-1.3060693740844727, -1.6079834699630737]","[-1.2789517641067505, -1.580865740776062]","[-1.5518341064453125, -1.8537482023239136]",0,-1.0,train
123,"[[-1.0022226572036743, -1.8994883298873901], [-0.8240662217140198, -1.900549292564392], [-0.8052574396133423, -1.860958456993103], [-0.7968146204948425, -1.856309413909912], [-0.9620183110237122, -1.7808054685592651], [-1.2322149276733398, -2.10652756690979], [-1.4753355979919434, -1.995053768157959], [-1.4067082405090332, -1.955085277557373]]","[1.0, 0.0, 1.0, 1.0, 0.0, -1.0, 1.0, 0.0]",0,"[-1.6241774559020996, -1.9028505086898804]","[-1.3607618808746338, -1.6394349336624146]","[-1.3973462581634521, -1.676019310951233]",0,1.0,train
124,"[[-1.0909535884857178, -0.5845685601234436], [-0.9909815788269043, -0.6101673245429993], [-1.3841485977172852, -0.9155545830726624], [-1.172014832496643, -0.8804935812950134], [-1.1165436506271362, -0.8165196776390076], [-1.442436933517456, -0.9653876423835754], [-1.392041802406311, -1.0481036901474], [-1.4021345376968384, -0.9839683175086975]]","[1.0, 0.0, 1.0, 0.0, 0.0, 1.0, 0.0, 1.0]",0,"[-1.4689407348632812, -0.9740881323814392]","[-1.1842767000198364, -0.6894240975379944]","[-1.1996127367019653, -0.7047600150108337]",0,1.0,train
125,"[[-0.62034010887146, -0.7497575283050537], [-0.760552704334259, -1.0887832641601562], [-0.5235288143157959, -0.9277414679527283], [-0.6148318648338318, -0.9386090636253357], [-0.9620257019996643, -1.0994149446487427], [-1.0414479970932007, -1.0528539419174194], [-1.1596064567565918, -1.0891779661178589], [-0.9641817212104797, -0.9081676006317139]]","[1.0, -1.0, 1.0, -1.0, -1.0, 1.0, 0.0, -1.0]",0,"[-1.1987032890319824, -1.187896728515625]","[-0.898306667804718, -0.8875001072883606]","[-0.8979100584983826, -0.8871034979820251]",1,1.0,train
126,"[[-0.7198919057846069, -0.4427869915962219], [-0.5685243010520935, -0.39661067724227905], [-0.7631810903549194, -0.7652798891067505], [-0.9692457318305969, -0.783272385597229], [-0.9186069369316101, -0.7074057459831238], [-0.8883593082427979, -0.694579541683197], [-1.2691396474838257, -1.2319648265838623], [-1.0340770483016968, -1.330133318901062]]","[1.0, 0.0, 1.0, 0.0, 0.0, 0.0, 1.0, -1.0]",1,"[-1.0473757982254028, -1.2393178939819336]","[-1.0330681800842285, -1.2250102758407593]","[-1.3187605142593384, -1.5107026100158691]",0,-1.0,train
127,"[[-2.1453821659088135, -1.6557767391204834], [-1.9747110605239868, -1.4478387832641602], [-2.2145533561706543, -1.5817241668701172], [-2.259812355041504, -1.802475929260254], [-2.1648032665252686, -1.791696310043335], [-2.5397274494171143, -2.1566975116729736], [-2.7216572761535645, -2.4415364265441895], [-2.504441499710083, -2.2324159145355225]]","[1.0, 0.0, -1.0, -1.0, 1.0, 1.0, 1.0, -1.0]",1,"[-2.413057327270508, -2.1806137561798096]","[-2.356428384780884, -2.1239848136901855]","[-2.599799394607544, -2.3673558235168457]",0,-1.0,train
128,"[[-0.6058496236801147, -0.6746189594268799], [-0.7755573987960815, -0.9759175777435303], [-0.5361435413360596, -0.9179340600967407], [-0.363174170255661, -0.9068418741226196], [-0.3409201502799988, -0.7190142273902893], [-0.3255457878112793, -0.6987787485122681], [-0.6919098496437073, -0.9263341426849365], [-0.53487628698349, -0.8587380647659302]]","[0.0, -1.0, 0.0, -1.0, 0.0, 0.0, 1.0, -1.0]",1,"[-0.621497392654419, -0.9851251244544983]","[-0.6375169157981873, -1.0011446475982666]","[-0.9535364508628845, -1.3171641826629639]",-1,-1.0,train
129,"[[-1.1216280460357666, -0.4872962236404419], [-1.4146236181259155, -0.7579403519630432], [-1.2809319496154785, -0.7645438313484192], [-1.2199199199676514, -0.7407815456390381], [-1.2159934043884277, -0.8322997689247131], [-1.2930939197540283, -0.8835369944572449], [-1.270752191543579, -0.8053946495056152], [-1.2592480182647705, -0.9802706837654114]]","[1.0, 1.0, 0.0, 0.0, -1.0, 0.0, -1.0, 1.0]",1,"[-1.265782117843628, -1.0825235843658447]","[-1.2548325061798096, -1.071574091911316]","[-1.543882966041565, -1.3606244325637817]",0,-1.0,train
130,"[[-2.1371848583221436, -0.9491931200027466], [-2.240333318710327, -1.1066099405288696], [-2.12282133102417, -1.0524115562438965], [-1.9525340795516968, -1.125572681427002], [-2.116004705429077, -1.5526864528656006], [-2.442877769470215, -1.8145779371261597], [-2.365201473236084, -2.0586512088775635], [-2.055685043334961, -2.008646011352539]]","[1.0, 1.0, 0.0, 1.0, -1.0, -1.0, -1.0, 0.0]",0,"[-2.088477849960327, -2.087829351425171]","[-1.8358949422836304, -1.8352465629577637]","[-1.8833121061325073, -1.8826637268066406]",0,1.0,train
131,"[[-0.9241848587989807, -1.3412779569625854], [-1.2239419221878052, -1.6367624998092651], [-1.2597935199737549, -1.890914797782898], [-1.1372361183166504, -1.8729052543640137], [-1.3257547616958618, -1.95443856716156], [-1.4485163688659668, -2.057950973510742], [-1.3815913200378418, -1.9906795024871826], [-1.4094480276107788, -1.8883559703826904]]","[1.0, -1.0, -1.0, 0.0, -1.0, -1.0, 1.0, 0.0]",0,"[-1.543715238571167, -1.9378385543823242]","[-1.2789404392242432, -1.6730637550354004]","[-1.3141658306121826, -1.7082890272140503]",0,1.0,train
132,"[[-2.0857253074645996, -2.1009390354156494], [-2.0374114513397217, -1.9931211471557617], [-1.9017196893692017, -1.8108031749725342], [-1.7612155675888062, -1.9051432609558105], [-1.651448369026184, -1.6959537267684937], [-1.5428619384765625, -1.7252875566482544], [-1.754494071006775, -1.5837948322296143], [-1.750299096107483, -1.45176100730896]]","[1.0, -1.0, -1.0, -1.0, 1.0, -1.0, 0.0, 0.0]",0,"[-1.8894509077072144, -1.70144784450531]","[-1.6224650144577026, -1.4344619512557983]","[-1.655479073524475, -1.4674760103225708]",0,1.0,train
133,"[[-1.1683616638183594, -1.653406023979187], [-1.1286917924880981, -1.5716861486434937], [-1.0175342559814453, -1.4777071475982666], [-1.3769577741622925, -1.8102847337722778], [-1.538307547569275, -1.645634651184082], [-1.450174331665039, -1.609534740447998], [-1.632707953453064, -1.7932382822036743], [-1.4277106523513794, -1.8018697500228882]]","[-1.0, -1.0, -1.0, 1.0, 0.0, 0.0, 1.0, 0.0]",1,"[-1.362865686416626, -1.968226432800293]","[-1.3291735649108887, -1.9345344305038452]","[-1.595481514930725, -2.2008423805236816]",0,-1.0,train
134,"[[-1.3004703521728516, -1.0202453136444092], [-1.486358880996704, -1.27743661403656], [-1.1931443214416504, -1.3306771516799927], [-1.7036840915679932, -1.5163127183914185], [-1.6932353973388672, -1.4349912405014038], [-1.8782877922058105, -1.6696274280548096], [-1.794965386390686, -1.6223965883255005], [-2.0258655548095703, -1.7270022630691528]]","[0.0, 1.0, 0.0, 1.0, 1.0, -1.0, 1.0, -1.0]",0,"[-2.254265546798706, -1.9893815517425537]","[-1.99701726436615, -1.7321332693099976]","[-2.039768934249878, -1.7748850584030151]",0,1.0,train
135,"[[-0.287787526845932, -1.1804265975952148], [-0.14687609672546387, -0.8830968737602234], [-0.19488662481307983, -0.8191109895706177], [-0.16022078692913055, -0.6843189597129822], [-0.1782035529613495, -0.5958037972450256], [-0.20285575091838837, -0.6110306978225708], [-0.44112733006477356, -1.0833097696304321], [-0.7304972410202026, -1.3683853149414062]]","[-1.0, 1.0, 0.0, 0.0, 1.0, 1.0, -1.0, -1.0]",0,"[-1.0607887506484985, -1.6258944272994995]","[-0.7699897289276123, -1.3350955247879028]","[-0.7791907787322998, -1.3442964553833008]",0,1.0,train
136,"[[-1.263395071029663, -0.5335894823074341], [-1.040830135345459, -0.6041723489761353], [-1.3081855773925781, -0.9581441283226013], [-1.3273459672927856, -0.9986870884895325], [-1.237006664276123, -0.9838352203369141], [-1.1588283777236938, -0.8228842616081238], [-1.5083444118499756, -1.3151463270187378], [-1.3484398126602173, -1.4190644025802612]]","[-1.0, -1.0, 1.0, -1.0, 0.0, -1.0, 1.0, 0.0]",1,"[-1.3921407461166382, -1.421989917755127]","[-1.3684812784194946, -1.3983304500579834]","[-1.6448217630386353, -1.6746710538864136]",0,-1.0,train
137,"[[-0.30500316619873047, 0.13512742519378662], [-0.2765706777572632, 0.21161529421806335], [-0.6397171020507812, -0.0850636437535286], [-0.5672779083251953, -0.07103056460618973], [-0.5790506601333618, -0.013222702778875828], [-0.8837503790855408, -0.4357110857963562], [-0.7618160843849182, -0.38472503423690796], [-1.2638232707977295, -0.7740779519081116]]","[0.0, -1.0, 1.0, -1.0, -1.0, 1.0, 0.0, 1.0]",1,"[-1.1045560836791992, -0.7890126705169678]","[-1.0981501340866089, -0.7826066017150879]","[-1.3917440176010132, -1.0762004852294922]",0,-1.0,train
138,"[[-1.4898380041122437, -0.1548376828432083], [-1.7459362745285034, -0.5338758230209351], [-1.672793984413147, -0.6016308665275574], [-1.831119418144226, -0.6059330701828003], [-2.014387845993042, -0.8925718665122986], [-2.1267130374908447, -1.0943405628204346], [-2.003286838531494, -0.995873212814331], [-1.9992213249206543, -0.8880550265312195]]","[1.0, 1.0, 0.0, 1.0, 1.0, 1.0, -1.0, 0.0]",0,"[-2.3118114471435547, -1.3063056468963623]","[-2.0424108505249023, -1.03690505027771]","[-2.073010206222534, -1.0675045251846313]",0,1.0,train
139,"[[-1.5632957220077515, -0.7974867820739746], [-1.6294857263565063, -0.8558605909347534], [-1.5880153179168701, -0.9220930933952332], [-1.4038891792297363, -0.8695982694625854], [-1.4737759828567505, -1.0047199726104736], [-1.4259611368179321, -1.0317586660385132], [-1.6988204717636108, -1.561586856842041], [-1.495492696762085, -1.6082273721694946]]","[-1.0, 1.0, -1.0, -1.0, 0.0, -1.0, -1.0, 0.0]",0,"[-1.7909672260284424, -1.7756452560424805]","[-1.5218092203140259, -1.506487250328064]","[-1.552651286125183, -1.5373293161392212]",0,1.0,train
140,"[[-1.291817545890808, -1.0706360340118408], [-1.169356107711792, -0.9828512072563171], [-0.981249988079071, -0.9606768488883972], [-0.966096043586731, -0.6476783156394958], [-1.1126000881195068, -0.780215322971344], [-0.8663574457168579, -0.7870631217956543], [-0.9363688230514526, -0.741202712059021], [-0.8571590185165405, -0.8353520035743713]]","[1.0, -1.0, 0.0, 0.0, 1.0, 0.0, 0.0, 1.0]",0,"[-1.1358816623687744, -0.9460974335670471]","[-0.8294793963432312, -0.6396951675415039]","[-0.8230771422386169, -0.6332929730415344]",1,1.0,train
141,"[[-1.0869441032409668, -1.279215931892395], [-1.3087096214294434, -1.5503451824188232], [-1.3829658031463623, -1.7314869165420532], [-1.189923882484436, -1.7956358194351196], [-1.2898956537246704, -1.680346965789795], [-1.60015070438385, -2.1149754524230957], [-1.7448756694793701, -2.06516695022583], [-1.5287836790084839, -2.009469509124756]]","[1.0, 1.0, 1.0, 0.0, 1.0, -1.0, 1.0, 0.0]",0,"[-1.6662037372589111, -2.100661039352417]","[-1.405704140663147, -1.8401614427566528]","[-1.4452046155929565, -1.8796619176864624]",0,1.0,train
142,"[[-0.9382826089859009, -1.5648574829101562], [-0.7233101725578308, -1.4382367134094238], [-0.7323377728462219, -1.2539557218551636], [-0.7422894239425659, -1.1782822608947754], [-1.0356040000915527, -1.5988556146621704], [-1.0127018690109253, -1.6792287826538086], [-1.1870036125183105, -2.005842447280884], [-1.416754961013794, -2.080822467803955]]","[-1.0, -1.0, 0.0, 0.0, -1.0, 1.0, -1.0, 1.0]",0,"[-1.5127209424972534, -2.329714775085449]","[-1.252036452293396, -2.069030284881592]","[-1.2913519144058228, -2.1083457469940186]",0,1.0,train
143,"[[-1.2834242582321167, -0.8898670077323914], [-1.3945399522781372, -0.8993323445320129], [-1.433825969696045, -1.0184279680252075], [-1.4525624513626099, -0.9975503087043762], [-1.4796236753463745, -0.9188439249992371], [-1.73234224319458, -1.1628764867782593], [-1.7708085775375366, -1.182537317276001], [-1.662548303604126, -1.0292781591415405]]","[0.0, 0.0, -1.0, -1.0, -1.0, 1.0, -1.0, 0.0]",1,"[-1.4823569059371948, -0.9748452305793762]","[-1.4587671756744385, -0.9512555599212646]","[-1.7351775169372559, -1.227665901184082]",0,-1.0,train
144,"[[0.17866173386573792, -0.5747619867324829], [0.17547643184661865, -0.5935783386230469], [-0.014275496825575829, -0.7950844168663025], [-0.19293589890003204, -1.0406666994094849], [-0.14808180928230286, -1.0541690587997437], [-0.47090959548950195, -1.160138487815857], [-0.9202287197113037, -1.450425386428833], [-1.2431132793426514, -1.8033696413040161]]","[0.0, 0.0, 1.0, -1.0, 0.0, -1.0, -1.0, -1.0]",0,"[-1.5258408784866333, -2.000004768371582]","[-1.256518006324768, -1.7306820154190063]","[-1.2871952056884766, -1.7613590955734253]",0,1.0,train
145,"[[-0.3734758496284485, -1.1211529970169067], [-0.3834392726421356, -1.1298949718475342], [-0.26434269547462463, -0.844447135925293], [-0.3408891558647156, -0.8385103940963745], [-0.8997340798377991, -1.0719341039657593], [-0.8157972693443298, -1.1166834831237793], [-1.3040800094604492, -1.5107231140136719], [-1.2024286985397339, -1.5182957649230957]]","[0.0, 0.0, 1.0, 0.0, -1.0, 0.0, -1.0, 0.0]",0,"[-1.5451490879058838, -1.9328666925430298]","[-1.268141269683838, -1.6558587551116943]","[-1.2911334037780762, -1.6788510084152222]",0,1.0,train
146,"[[-1.0294989347457886, -0.47192463278770447], [-0.8504125475883484, -0.4090271592140198], [-0.8397718071937561, -0.3045797646045685], [-1.1914830207824707, -0.514701247215271], [-1.122269630432129, -0.37662601470947266], [-1.044034481048584, -0.24683800339698792], [-1.1535110473632812, -0.2576809823513031], [-1.531125545501709, -0.3527195453643799]]","[1.0, -1.0, 1.0, -1.0, 1.0, 0.0, -1.0, -1.0]",1,"[-1.5214451551437378, -0.34438464045524597]","[-1.5114530324935913, -0.3343925178050995]","[-1.801460862159729, -0.6244003772735596]",0,-1.0,train
147,"[[-1.1203854084014893, -1.4193439483642578], [-1.1051602363586426, -1.2463901042938232], [-1.22133207321167, -1.3904777765274048], [-1.1128019094467163, -1.3850926160812378], [-1.0867667198181152, -1.1769570112228394], [-1.0752109289169312, -1.0226391553878784], [-0.9589213728904724, -0.9942271709442139], [-1.4997583627700806, -1.0952563285827637]]","[0.0, 0.0, 1.0, 0.0, -1.0, 0.0, -1.0, 1.0]",1,"[-1.4237366914749146, -1.0702519416809082]","[-1.4033674001693726, -1.0498826503753662]","[-1.6829981803894043, -1.3295133113861084]",0,-1.0,train
148,"[[-1.8008222579956055, -1.8861476182937622], [-1.9502098560333252, -2.149731397628784], [-1.7077430486679077, -2.1457033157348633], [-1.9435068368911743, -2.2570507526397705], [-1.8542362451553345, -2.355029582977295], [-1.9245997667312622, -2.5679397583007812], [-1.8580563068389893, -2.4670186042785645], [-2.1722445487976074, -2.529869556427002]]","[-1.0, 1.0, 0.0, 1.0, 1.0, 1.0, -1.0, 1.0]",1,"[-2.076059103012085, -2.504028797149658]","[-2.0197885036468506, -2.447758436203003]","[-2.2635180950164795, -2.691488027572632]",0,-1.0,train
149,"[[-1.1709234714508057, -0.8817129731178284], [-1.1494011878967285, -0.8313207030296326], [-1.4202818870544434, -0.9742720723152161], [-1.379710078239441, -1.0482697486877441], [-1.6452486515045166, -1.3970344066619873], [-1.7604701519012451, -1.399274468421936], [-2.2765517234802246, -1.553929328918457], [-2.40590238571167, -1.7063982486724854]]","[-1.0, 0.0, -1.0, 0.0, -1.0, -1.0, -1.0, 1.0]",1,"[-2.1646952629089355, -1.7055059671401978]","[-2.115713357925415, -1.6565241813659668]","[-2.366731643676758, -1.90754234790802]",0,-1.0,train
150,"[[-0.17808526754379272, -0.8508630990982056], [-0.6563161611557007, -1.279089093208313], [-0.615450918674469, -1.266852855682373], [-0.5827355980873108, -1.376450777053833], [-0.8044729232788086, -1.5454338788986206], [-0.6833627820014954, -1.4777919054031372], [-0.7508710622787476, -1.5813572406768799], [-0.8156963586807251, -1.4642791748046875]]","[0.0, 1.0, -1.0, -1.0, 1.0, -1.0, 1.0, -1.0]",1,"[-0.652129054069519, -1.2340517044067383]","[-0.6381409764289856, -1.22006356716156]","[-0.9241528511047363, -1.5060755014419556]",0,-1.0,train
151,"[[-0.20215415954589844, -1.5565701723098755], [-0.4138982892036438, -1.6290838718414307], [-0.23253846168518066, -1.6971124410629272], [-0.14348766207695007, -1.5652445554733276], [-0.21626201272010803, -1.6334363222122192], [-0.19631434977054596, -1.5687743425369263], [-0.047573503106832504, -1.4163098335266113], [0.10034822672605515, -1.4976928234100342]]","[0.0, 1.0, 0.0, -1.0, -1.0, 0.0, -1.0, 1.0]",0,"[0.017915066331624985, -1.6572833061218262]","[0.31072932481765747, -1.364469051361084]","[0.3035435974597931, -1.371654748916626]",0,1.0,train
152,"[[-1.098340392112732, -1.051188588142395], [-1.2901909351348877, -0.9125307202339172], [-1.1887381076812744, -0.7283892035484314], [-0.9433987140655518, -0.8226547241210938], [-0.655760645866394, -0.8900297284126282], [-0.9541885852813721, -1.1926418542861938], [-1.204530119895935, -1.3835071325302124], [-1.2107176780700684, -1.1912437677383423]]","[-1.0, 1.0, 1.0, 0.0, 1.0, -1.0, 1.0, -1.0]",1,"[-1.1429778337478638, -1.1292914152145386]","[-1.128167748451233, -1.1144814491271973]","[-1.4133577346801758, -1.3996714353561401]",0,-1.0,train
153,"[[-1.2608790397644043, -0.8405448794364929], [-1.5296947956085205, -1.1510367393493652], [-1.4039667844772339, -1.0345805883407593], [-1.6503900289535522, -1.2800801992416382], [-1.842093586921692, -1.5711954832077026], [-1.7923451662063599, -1.47896409034729], [-1.828505277633667, -1.4303168058395386], [-1.746962308883667, -1.4688613414764404]]","[1.0, 1.0, -1.0, 1.0, 1.0, 0.0, 0.0, 1.0]",0,"[-2.0361530780792236, -1.5592525005340576]","[-1.7693966627120972, -1.2924959659576416]","[-1.8026401996612549, -1.3257395029067993]",0,1.0,train
154,"[[-1.5196352005004883, -1.7183908224105835], [-1.4703221321105957, -1.7230091094970703], [-1.5463346242904663, -1.8931041955947876], [-1.4158157110214233, -1.7373299598693848], [-1.53801691532135, -2.065211772918701], [-1.769577145576477, -2.2594473361968994], [-1.666621446609497, -2.098318576812744], [-1.8110365867614746, -2.1823930740356445]]","[0.0, 0.0, 1.0, 0.0, 1.0, 1.0, 0.0, 0.0]",1,"[-1.7017751932144165, -2.162968635559082]","[-1.6551671028137207, -2.116360664367676]","[-1.9085592031478882, -2.3697526454925537]",0,-1.0,train
155,"[[-1.8403431177139282, -0.6896594762802124], [-1.8299678564071655, -0.5964668393135071], [-1.8134288787841797, -0.35394904017448425], [-1.9508683681488037, -0.6756265759468079], [-1.9477801322937012, -0.6149562001228333], [-1.8298766613006592, -0.7655731439590454], [-1.624963402748108, -0.8810468912124634], [-1.535706877708435, -1.0043503046035767]]","[1.0, -1.0, 0.0, 1.0, 0.0, 0.0, 0.0, -1.0]",0,"[-1.740026593208313, -1.2134251594543457]","[-1.459647536277771, -0.9330461025238037]","[-1.4792684316635132, -0.9526669979095459]",0,1.0,train
156,"[[-1.3797696828842163, -1.0981106758117676], [-1.3050740957260132, -0.9239503145217896], [-1.3286324739456177, -0.9773839712142944], [-1.2715500593185425, -0.8537030816078186], [-1.0017846822738647, -0.9279106855392456], [-0.8513423204421997, -0.7106433510780334], [-1.0912381410598755, -0.8160783648490906], [-1.0823897123336792, -0.994684100151062]]","[1.0, 1.0, 0.0, 0.0, 1.0, 0.0, -1.0, 1.0]",0,"[-1.353777289390564, -1.3755942583084106]","[-1.0596859455108643, -1.081502914428711]","[-1.0655946731567383, -1.087411642074585]",0,1.0,train
157,"[[-1.2267210483551025, -0.9708163142204285], [-1.049176812171936, -0.8706091642379761], [-0.9955689907073975, -0.8160768747329712], [-0.9189959168434143, -0.7989267706871033], [-1.1269052028656006, -0.8872267007827759], [-1.4881079196929932, -0.9905102849006653], [-1.7201610803604126, -1.2188715934753418], [-1.4151004552841187, -1.236977219581604]]","[0.0, -1.0, -1.0, -1.0, 1.0, 1.0, 1.0, -1.0]",1,"[-1.2719805240631104, -1.1311814785003662]","[-1.2508622407913208, -1.1100631952285767]","[-1.5297439098358154, -1.3889448642730713]",0,-1.0,train
158,"[[0.06843942403793335, -0.35266345739364624], [-0.39059963822364807, -0.8436498045921326], [-0.6605498194694519, -1.1484239101409912], [-0.5046857595443726, -0.9626471996307373], [-0.7519334554672241, -1.2987935543060303], [-1.0337127447128296, -1.4604966640472412], [-1.3278191089630127, -1.815791368484497], [-1.2514597177505493, -1.8344659805297852]]","[0.0, -1.0, -1.0, 0.0, -1.0, -1.0, -1.0, 1.0]",0,"[-1.4674423933029175, -2.007629632949829]","[-1.198978066444397, -1.7391653060913086]","[-1.2305136919021606, -1.7707009315490723]",0,1.0,train
159,"[[-1.847058653831482, -1.7598167657852173], [-1.7224332094192505, -1.6451385021209717], [-1.6398353576660156, -1.5690757036209106], [-1.5277520418167114, -1.6928975582122803], [-1.4589321613311768, -1.6779265403747559], [-1.251585602760315, -1.729163646697998], [-1.179837942123413, -1.655335545539856], [-1.2874864339828491, -1.8720225095748901]]","[1.0, 0.0, 1.0, 1.0, 1.0, 0.0, 1.0, -1.0]",0,"[-1.492954969406128, -2.043020248413086]","[-1.225914478302002, -1.7759796380996704]","[-1.2588739395141602, -1.8089390993118286]",0,1.0,train
160,"[[-0.5196056962013245, -0.7224816679954529], [-0.623191773891449, -0.7554160952568054], [-0.6118522882461548, -0.6638942360877991], [-0.9060781002044678, -1.0972951650619507], [-1.0128741264343262, -1.1094739437103271], [-0.9609746336936951, -1.0748207569122314], [-0.986804187297821, -0.9513628482818604], [-0.9377946257591248, -1.0090323686599731]]","[1.0, 1.0, -1.0, 1.0, -1.0, -1.0, -1.0, 0.0]",1,"[-0.8970991969108582, -0.882376492023468]","[-0.8951361179351807, -0.8804134726524353]","[-1.1931730508804321, -1.178450345993042]",0,-1.0,train
161,"[[-1.6613775491714478, -2.533097505569458], [-1.7372937202453613, -2.507223129272461], [-1.9923820495605469, -2.5638628005981445], [-1.7280460596084595, -2.630018949508667], [-1.753403902053833, -2.4871346950531006], [-1.7223302125930786, -2.356302261352539], [-1.7879971265792847, -2.270697593688965], [-1.7560386657714844, -2.077244281768799]]","[-1.0, 0.0, -1.0, 1.0, 1.0, 1.0, 1.0, 1.0]",0,"[-1.8503309488296509, -2.3871593475341797]","[-1.5943996906280518, -2.131227970123291]","[-1.6384683847427368, -2.1752967834472656]",0,1.0,train
162,"[[-1.271872878074646, -1.213039517402649], [-1.2358729839324951, -0.9586095213890076], [-1.168396234512329, -0.8405590057373047], [-1.3577901124954224, -1.2266418933868408], [-1.3480488061904907, -1.3954596519470215], [-1.1446255445480347, -1.194839596748352], [-1.1483274698257446, -1.3619270324707031], [-1.0775960683822632, -1.046924352645874]]","[1.0, 0.0, 1.0, -1.0, -1.0, 0.0, -1.0, 0.0]",1,"[-1.1511476039886475, -1.0214688777923584]","[-1.1439059972763062, -1.014227271080017]","[-1.4366644620895386, -1.3069857358932495]",0,-1.0,train
163,"[[-2.3309271335601807, -1.2406336069107056], [-2.217925548553467, -1.331119179725647], [-2.0096993446350098, -1.251511573791504], [-1.6790944337844849, -1.3412163257598877], [-1.6156578063964844, -1.3657677173614502], [-1.8700199127197266, -1.6259467601776123], [-1.703115701675415, -1.4822049140930176], [-1.6012718677520752, -1.458182692527771]]","[-1.0, 1.0, 1.0, 0.0, 0.0, -1.0, 0.0, 0.0]",0,"[-1.748732566833496, -1.6400490999221802]","[-1.4787054061889648, -1.3700220584869385]","[-1.5086783170700073, -1.399994969367981]",0,1.0,train
164,"[[-1.630655288696289, -1.084778904914856], [-1.6467041969299316, -1.0742489099502563], [-1.6267033815383911, -1.079667329788208], [-1.6693369150161743, -0.9290869235992432], [-1.4432580471038818, -0.90123051404953], [-1.3868650197982788, -0.9527642130851746], [-1.3189326524734497, -0.984599769115448], [-1.3663986921310425, -0.9565152525901794]]","[0.0, 1.0, 1.0, 0.0, 0.0, 1.0, 1.0, 1.0]",0,"[-1.4900150299072266, -1.0875822305679321]","[-1.2036980390548706, -0.801265299320221]","[-1.2173811197280884, -0.8149483799934387]",0,1.0,train
165,"[[-0.8720585703849792, -1.0628995895385742], [-0.8200579285621643, -0.9599804878234863], [-0.7555940747261047, -0.8819539546966553], [-1.274439811706543, -1.1181939840316772], [-1.4622254371643066, -1.2621701955795288], [-1.444835901260376, -1.1594544649124146], [-1.3351775407791138, -0.9773058891296387], [-1.307780385017395, -0.970291256904602]]","[0.0, 1.0, 0.0, -1.0, -1.0, -1.0, -1.0, 0.0]",1,"[-1.377780556678772, -1.0449219942092896]","[-1.3655815124511719, -1.0327229499816895]","[-1.6533825397491455, -1.320523977279663]",0,-1.0,train
166,"[[-0.7063727378845215, -1.374346375465393], [-0.9467611908912659, -1.6080896854400635], [-1.1694552898406982, -1.8332817554473877], [-1.0854771137237549, -1.8830180168151855], [-1.0132131576538086, -1.9528311491012573], [-0.9191692471504211, -1.8856837749481201], [-0.9998114109039307, -2.1309659481048584], [-0.874937891960144, -2.106077194213867]]","[0.0, 1.0, -1.0, 1.0, 0.0, 0.0, 1.0, 0.0]",0,"[-1.2669626474380493, -2.191802501678467]","[-1.0001561641693115, -1.924996018409729]","[-1.0333497524261475, -1.9581897258758545]",0,1.0,train
167,"[[-0.43723729252815247, 0.20741282403469086], [-0.2662944197654724, 0.14130882918834686], [-0.22494754195213318, 0.12032949179410934], [-0.31032001972198486, 0.11206087470054626], [-0.25249001383781433, -0.1704237163066864], [-0.5338358879089355, -0.6228564381599426], [-0.5310364365577698, -0.6011387705802917], [-0.47362878918647766, -0.41660988330841064]]","[0.0, -1.0, 0.0, 0.0, -1.0, 1.0, 0.0, 0.0]",1,"[-0.5246856212615967, -0.17709194123744965]","[-0.5647431015968323, -0.21714939177036285]","[-0.904800534248352, -0.5572068095207214]",-1,-1.0,train
168,"[[-0.5493913292884827, -0.27168288826942444], [-0.34054505825042725, -0.18536819517612457], [-0.7822275161743164, -0.7412461042404175], [-0.7236877679824829, -0.7579174041748047], [-0.9932382702827454, -1.021511197090149], [-0.7636476755142212, -1.053705096244812], [-0.665597140789032, -1.128978967666626], [-0.9130215644836426, -1.3159135580062866]]","[1.0, 1.0, -1.0, 1.0, -1.0, 0.0, 0.0, -1.0]",0,"[-1.1045958995819092, -1.4099578857421875]","[-0.8157700896263123, -1.1211320161819458]","[-0.8269442915916443, -1.1323062181472778]",0,1.0,train
169,"[[-0.4024656116962433, -0.34540659189224243], [-0.4936426281929016, -0.3965672552585602], [-0.29033294320106506, -0.5175297856330872], [-0.7326933741569519, -0.9903795719146729], [-1.1077145338058472, -0.9713439345359802], [-1.1393749713897705, -0.8402453660964966], [-1.1930878162384033, -0.849346399307251], [-1.1367765665054321, -0.9040281176567078]]","[1.0, 0.0, 0.0, -1.0, -1.0, 1.0, 1.0, 0.0]",0,"[-1.1733949184417725, -1.2118712663650513]","[-0.8785690069198608, -0.9170453548431396]","[-0.8837431073188782, -0.922219455242157]",0,1.0,train
170,"[[0.43802422285079956, -0.35300934314727783], [0.2798902094364166, -0.5390195250511169], [-0.29918181896209717, -0.7450787425041199], [-0.16482137143611908, -0.6321495175361633], [-0.45553189516067505, -0.6208144426345825], [-0.36597517132759094, -0.6316541433334351], [-0.3427489995956421, -0.5031561255455017], [-0.5424545407295227, -0.36492663621902466]]","[0.0, 0.0, -1.0, 0.0, -1.0, 1.0, 1.0, 1.0]",0,"[-0.8048365116119385, -0.8044928908348083]","[-0.4664260149002075, -0.4660824239253998]","[-0.42801550030708313, -0.4276719391345978]",1,1.0,train
171,"[[-1.1444263458251953, -1.4350173473358154], [-1.0669742822647095, -1.330459475517273], [-0.8112195134162903, -1.3729876279830933], [-1.0359143018722534, -1.5977870225906372], [-1.0416994094848633, -1.3076066970825195], [-1.2764723300933838, -1.5262587070465088], [-1.4242383241653442, -1.861903190612793], [-1.187762975692749, -1.706017017364502]]","[1.0, -1.0, -1.0, 1.0, -1.0, 1.0, 1.0, 0.0]",1,"[-1.2002893686294556, -1.8677338361740112]","[-1.1728754043579102, -1.8403199911117554]","[-1.4454615116119385, -2.112905979156494]",0,-1.0,train
172,"[[-1.7779524326324463, -1.0459436178207397], [-1.7444472312927246, -0.9681984186172485], [-1.9661551713943481, -0.9516990780830383], [-1.6987667083740234, -1.0998424291610718], [-1.4571893215179443, -1.3839776515960693], [-1.6968189477920532, -1.5531995296478271], [-1.7102450132369995, -1.558226466178894], [-1.7808172702789307, -1.515094518661499]]","[0.0, 0.0, 0.0, 0.0, -1.0, 1.0, 1.0, 0.0]",1,"[-1.6745059490203857, -1.402147889137268]","[-1.6397631168365479, -1.3674051761627197]","[-1.9050203561782837, -1.632662296295166]",0,-1.0,train
173,"[[-0.7253013253211975, -1.0966572761535645], [-0.5692541599273682, -1.0391442775726318], [-0.7727295756340027, -1.2830009460449219], [-0.5612528324127197, -1.1811755895614624], [-0.45908159017562866, -1.1541013717651367], [-0.9140036106109619, -1.6395409107208252], [-1.054291844367981, -1.8844101428985596], [-1.0532851219177246, -1.8144959211349487]]","[0.0, 1.0, -1.0, 0.0, 0.0, -1.0, -1.0, 1.0]",1,"[-1.1628600358963013, -1.7973929643630981]","[-1.1348693370819092, -1.769402265548706]","[-1.4068785905838013, -2.0414116382598877]",0,-1.0,train
174,"[[-1.3468142747879028, -0.6879097819328308], [-1.1646316051483154, -0.809140682220459], [-1.538285255432129, -1.1071208715438843], [-1.425989031791687, -1.2054997682571411], [-1.279869556427002, -1.2471363544464111], [-1.5999364852905273, -1.4314295053482056], [-1.6363112926483154, -1.3966952562332153], [-1.888432502746582, -1.6038367748260498]]","[1.0, 0.0, 1.0, 0.0, -1.0, 1.0, 0.0, -1.0]",0,"[-1.8796346187591553, -1.7443628311157227]","[-1.6179674863815308, -1.4826956987380981]","[-1.6563003063201904, -1.5210285186767578]",0,1.0,train
175,"[[-0.3658475875854492, -1.0196876525878906], [-0.2594386637210846, -1.0983155965805054], [-0.27704668045043945, -1.1020073890686035], [-0.5120551586151123, -0.9727306962013245], [-0.493163138628006, -0.8160567283630371], [-0.6214948296546936, -1.206946611404419], [-0.9170182347297668, -1.4245531558990479], [-0.8400833010673523, -1.3970119953155518]]","[-1.0, 0.0, 0.0, 1.0, 1.0, -1.0, -1.0, 0.0]",0,"[-1.2547842264175415, -1.6212698221206665]","[-0.9670487642288208, -1.3335343599319458]","[-0.979313313961029, -1.3457989692687988]",0,1.0,train
176,"[[-0.8382291197776794, -0.6272767782211304], [-0.710853099822998, -0.44303685426712036], [-0.43226414918899536, -0.3344157040119171], [-0.10258718580007553, -0.48429715633392334], [-0.018362227827310562, -0.37122827768325806], [0.10150600969791412, -0.2076999992132187], [0.09066469967365265, -0.025620101019740105], [0.18365326523780823, 0.17821986973285675]]","[0.0, 0.0, -1.0, -1.0, 0.0, 0.0, 0.0, -1.0]",1,"[0.47648268938064575, 0.17243902385234833]","[0.4048428237438202, 0.10079915821552277]","[0.03320294991135597, -0.27084070444107056]",-1,-1.0,train
177,"[[-0.8525970578193665, -0.5992622375488281], [-0.77507483959198, -0.5118403434753418], [-1.1001288890838623, -0.9143648147583008], [-1.1382522583007812, -0.9528722167015076], [-1.1391874551773071, -0.855252742767334], [-1.2332351207733154, -0.9153966903686523], [-1.5891426801681519, -1.1552531719207764], [-1.5521271228790283, -0.9906637668609619]]","[-1.0, -1.0, 1.0, -1.0, -1.0, -1.0, 1.0, 0.0]",1,"[-1.2573705911636353, -0.6980383992195129]","[-1.237533688545227, -0.6782014966011047]","[-1.517696738243103, -0.9583645462989807]",0,-1.0,train
178,"[[-1.3954834938049316, -1.3444246053695679], [-1.3036311864852905, -1.2239882946014404], [-1.2305314540863037, -1.1702955961227417], [-1.1097708940505981, -1.1233006715774536], [-1.3352409601211548, -1.079799771308899], [-1.439956545829773, -1.3259859085083008], [-1.550403356552124, -1.379960298538208], [-1.6305774450302124, -1.2236720323562622]]","[-1.0, 0.0, 0.0, 0.0, -1.0, 1.0, -1.0, 0.0]",1,"[-1.787942886352539, -0.9406126141548157]","[-1.7617461681365967, -0.9144158959388733]","[-2.0355494022369385, -1.1882191896438599]",0,-1.0,train
179,"[[-0.8597659468650818, -1.2327779531478882], [-0.8956333994865417, -1.0951080322265625], [-0.8675850629806519, -1.2438160181045532], [-0.8361743092536926, -1.0661158561706543], [-1.0389548540115356, -1.27734375], [-1.2463221549987793, -1.12300443649292], [-1.3660591840744019, -1.036265254020691], [-1.2421984672546387, -0.959164023399353]]","[1.0, -1.0, 0.0, 0.0, 1.0, -1.0, 1.0, -1.0]",1,"[-1.0302518606185913, -0.8410587906837463]","[-1.0203309059143066, -0.8311378955841064]","[-1.3104100227355957, -1.1212170124053955]",0,-1.0,train
180,"[[-1.2632570266723633, -1.6825882196426392], [-1.2207722663879395, -1.7422878742218018], [-1.1735562086105347, -1.5658471584320068], [-1.2111778259277344, -1.323991298675537], [-1.1122411489486694, -1.0478612184524536], [-1.0403026342391968, -1.0842534303665161], [-0.988362729549408, -1.0788623094558716], [-0.8078638315200806, -0.9201266765594482]]","[-1.0, 1.0, 0.0, 1.0, 1.0, 1.0, 1.0, 0.0]",0,"[-0.9906439781188965, -1.1324766874313354]","[-0.6855787634849548, -0.827411413192749]","[-0.6805135607719421, -0.8223462104797363]",1,1.0,train
181,"[[-1.6405128240585327, -1.308426856994629], [-1.8899719715118408, -1.5988364219665527], [-1.8690142631530762, -1.6861993074417114], [-1.87209153175354, -1.6398460865020752], [-1.8061952590942383, -1.5640130043029785], [-1.553464651107788, -1.6099777221679688], [-1.6007105112075806, -1.6932977437973022], [-1.3993675708770752, -1.606233835220337]]","[0.0, -1.0, 1.0, 0.0, 0.0, 0.0, 1.0, 0.0]",0,"[-1.4894205331802368, -1.7643755674362183]","[-1.2183642387390137, -1.4933192729949951]","[-1.2473078966140747, -1.5222629308700562]",0,1.0,train
182,"[[-1.3591071367263794, -1.1342626810073853], [-1.6786222457885742, -1.2265549898147583], [-1.6520692110061646, -1.1590863466262817], [-1.5304189920425415, -1.3507556915283203], [-1.7693543434143066, -1.7730712890625], [-1.8396650552749634, -1.9088581800460815], [-1.8248399496078491, -1.9944626092910767], [-1.821687936782837, -1.9672315120697021]]","[-1.0, -1.0, -1.0, 1.0, -1.0, 0.0, 1.0, 1.0]",0,"[-1.880895972251892, -2.234065055847168]","[-1.62408447265625, -1.9772535562515259]","[-1.6672730445861816, -2.020442247390747]",0,1.0,train
183,"[[-1.4041990041732788, -1.2242854833602905], [-1.4306634664535522, -1.2504130601882935], [-1.3361626863479614, -1.2465689182281494], [-1.4311186075210571, -1.4377440214157104], [-1.2334355115890503, -1.516475796699524], [-1.1829338073730469, -1.4306515455245972], [-1.375298261642456, -1.9319757223129272], [-1.651121735572815, -2.103044033050537]]","[0.0, 0.0, 0.0, -1.0, 1.0, 0.0, -1.0, -1.0]",0,"[-1.8667134046554565, -2.2239420413970947]","[-1.6097332239151, -1.9669618606567383]","[-1.6527529954910278, -2.009981632232666]",0,1.0,train
184,"[[-1.3717142343521118, -1.7588636875152588], [-1.3271664381027222, -1.7815901041030884], [-1.4285458326339722, -1.6003234386444092], [-1.7815889120101929, -1.727321743965149], [-1.8024075031280518, -1.7347822189331055], [-1.5424110889434814, -1.559978723526001], [-1.5411969423294067, -1.5167655944824219], [-1.932033658027649, -1.8520886898040771]]","[1.0, -1.0, -1.0, 1.0, -1.0, 0.0, -1.0, 1.0]",1,"[-1.777311086654663, -1.7770346403121948]","[-1.7342314720153809, -1.7339550256729126]","[-1.9911518096923828, -1.990875482559204]",0,-1.0,train
185,"[[-0.2755166292190552, -0.1291891485452652], [-0.24948567152023315, 0.036262866109609604], [-0.6519808173179626, -0.3844928741455078], [-0.44727927446365356, -0.4224766790866852], [-0.6842139959335327, -0.7966729402542114], [-0.6326427459716797, -0.4639195203781128], [-0.5072938203811646, -0.3480999171733856], [-0.8148144483566284, -0.7979444861412048]]","[1.0, -1.0, 1.0, -1.0, 1.0, 0.0, -1.0, 1.0]",1,"[-0.8696967959403992, -0.6608949899673462]","[-0.8789094090461731, -0.6701076030731201]","[-1.188122034072876, -0.9793201684951782]",-1,-1.0,train
186,"[[-1.9774587154388428, -1.775170922279358], [-1.8544777631759644, -1.5936734676361084], [-1.5824377536773682, -1.6737338304519653], [-1.7215073108673096, -1.6308465003967285], [-1.761563777923584, -1.5376540422439575], [-1.5496504306793213, -1.521782398223877], [-1.653456687927246, -1.6140440702438354], [-1.9498369693756104, -1.8104225397109985]]","[0.0, 0.0, 0.0, -1.0, -1.0, -1.0, 0.0, 1.0]",1,"[-1.722621202468872, -1.7176839113235474]","[-1.6799004077911377, -1.6749632358551025]","[-1.937179684638977, -1.932242512702942]",0,-1.0,train
187,"[[-0.8567182421684265, -0.5623342394828796], [-0.8663946986198425, -0.467651903629303], [-1.064436674118042, -0.668825089931488], [-1.2574342489242554, -0.9771707653999329], [-1.2314424514770508, -0.9147276282310486], [-1.1677924394607544, -0.9067678451538086], [-0.9962142109870911, -0.8321655988693237], [-1.363412857055664, -1.1282806396484375]]","[0.0, 0.0, -1.0, -1.0, 1.0, 0.0, 0.0, 1.0]",1,"[-1.318328619003296, -1.1872447729110718]","[-1.30096435546875, -1.1698805093765259]","[-1.5836001634597778, -1.4525163173675537]",0,-1.0,train
188,"[[-0.464213490486145, -0.16677400469779968], [-0.9873336553573608, -0.45253798365592957], [-0.9458361268043518, -0.12526345252990723], [-0.8748269081115723, -0.20741236209869385], [-1.1413105726242065, -0.7030065655708313], [-1.0926616191864014, -0.5752419233322144], [-0.9998677372932434, -0.499563604593277], [-1.22711181640625, -0.8384365439414978]]","[1.0, -1.0, 0.0, 1.0, -1.0, 1.0, 0.0, -1.0]",0,"[-1.4895403385162354, -1.0390523672103882]","[-1.1961175203323364, -0.7456295490264893]","[-1.2026947736740112, -0.7522067427635193]",0,1.0,train
189,"[[-1.293254017829895, -0.7165890336036682], [-1.4039864540100098, -0.7070344686508179], [-1.2036497592926025, -0.7683981657028198], [-1.1808743476867676, -0.804298460483551], [-1.1920225620269775, -1.01825749874115], [-1.182664155960083, -1.0156311988830566], [-0.9445918798446655, -0.9260445237159729], [-0.9404522180557251, -1.021878719329834]]","[-1.0, 0.0, 0.0, 1.0, 1.0, 1.0, 0.0, 0.0]",0,"[-1.250011920928955, -1.2080353498458862]","[-0.952465832233429, -0.9104892611503601]","[-0.954919695854187, -0.9129431843757629]",0,1.0,train
190,"[[-1.4139275550842285, -1.0391321182250977], [-1.5918316841125488, -0.9963484406471252], [-1.6733832359313965, -0.9208605885505676], [-1.7334425449371338, -1.0671238899230957], [-1.8346043825149536, -1.0375823974609375], [-1.5797737836837769, -1.017598271369934], [-1.8692699670791626, -1.1304512023925781], [-2.165945053100586, -1.4793858528137207]]","[1.0, 0.0, -1.0, 0.0, -1.0, 0.0, -1.0, -1.0]",0,"[-2.3672828674316406, -1.7090113162994385]","[-2.1091270446777344, -1.4508554935455322]","[-2.1509711742401123, -1.4926995038986206]",0,1.0,train
191,"[[-0.86336350440979, 0.2854458689689636], [-0.8712602257728577, 0.2480011284351349], [-0.7902199029922485, 0.09688769280910492], [-1.1694916486740112, -0.19130082428455353], [-1.0223007202148438, -0.059371620416641235], [-1.054531455039978, -0.47766679525375366], [-1.2247196435928345, -0.8487292528152466], [-1.095529556274414, -0.8523715734481812]]","[-1.0, 0.0, -1.0, -1.0, 1.0, -1.0, -1.0, -1.0]",1,"[-1.1713387966156006, -0.8620172739028931]","[-1.1689156293869019, -0.8595941662788391]","[-1.4664925336837769, -1.1571710109710693]",0,-1.0,train
192,"[[-1.0884389877319336, -0.6926624774932861], [-1.1079001426696777, -0.9229645133018494], [-1.1929126977920532, -1.0490227937698364], [-1.1373051404953003, -1.0512250661849976], [-1.045566439628601, -0.9628148674964905], [-1.437666416168213, -1.2707138061523438], [-1.2848433256149292, -1.4318625926971436], [-1.2085837125778198, -1.323831558227539]]","[-1.0, 1.0, 1.0, 1.0, 1.0, -1.0, -1.0, 0.0]",1,"[-1.3550833463668823, -1.2637251615524292]","[-1.336920976638794, -1.2455629110336304]","[-1.6187586784362793, -1.5274006128311157]",0,-1.0,train
193,"[[-0.2384326457977295, -1.294445276260376], [-0.22343561053276062, -1.2487226724624634], [-0.487455278635025, -1.1298918724060059], [-0.5442891120910645, -1.1134779453277588], [-0.4183967113494873, -0.8546000719070435], [-0.44229426980018616, -0.9496643543243408], [-0.2971562445163727, -0.9542075991630554], [-0.3847726881504059, -0.8118974566459656]]","[-1.0, -1.0, -1.0, -1.0, 0.0, 0.0, 1.0, 0.0]",0,"[-0.6028879880905151, -1.1723642349243164]","[-0.28038254380226135, -0.8498587608337402]","[-0.25787705183029175, -0.827353298664093]",1,1.0,train
194,"[[-1.3789581060409546, -0.3560574948787689], [-1.3220956325531006, -0.3496418595314026], [-1.4179998636245728, -0.3075437545776367], [-1.7056212425231934, -0.667996346950531], [-1.6228461265563965, -0.4695572853088379], [-1.8617854118347168, -0.7184021472930908], [-2.131824016571045, -1.0379732847213745], [-1.8990702629089355, -0.9215778112411499]]","[0.0, 1.0, 1.0, -1.0, 0.0, 1.0, 1.0, 0.0]",0,"[-1.9237629175186157, -1.2037553787231445]","[-1.6521341800689697, -0.9321266412734985]","[-1.680505394935608, -0.9604978561401367]",0,1.0,train
195,"[[-1.847574234008789, -1.498146414756775], [-1.8150554895401, -1.4922889471054077], [-1.7043215036392212, -1.2840346097946167], [-1.899591088294983, -1.1391152143478394], [-1.6963558197021484, -1.0851162672042847], [-1.8162815570831299, -1.0717121362686157], [-1.9675906896591187, -1.2490805387496948], [-1.7466487884521484, -1.0758060216903687]]","[1.0, -1.0, -1.0, -1.0, -1.0, -1.0, 1.0, -1.0]",1,"[-1.753722906112671, -1.0130853652954102]","[-1.727137804031372, -0.9865002632141113]","[-2.0005526542663574, -1.2599151134490967]",0,-1.0,train
196,"[[-1.2575364112854004, -1.248281478881836], [-1.0832629203796387, -1.211220383644104], [-0.9976821541786194, -1.3428010940551758], [-0.7913998365402222, -1.3145112991333008], [-0.6304884552955627, -1.3654510974884033], [-0.5768865942955017, -1.598557472229004], [-1.0884678363800049, -1.7641863822937012], [-1.0961235761642456, -1.5835438966751099]]","[1.0, 0.0, 0.0, 0.0, 1.0, 0.0, -1.0, 1.0]",0,"[-1.2958804368972778, -1.7771114110946655]","[-1.0185211896896362, -1.4997520446777344]","[-1.0411618947982788, -1.5223928689956665]",0,1.0,train
197,"[[-1.0880606174468994, -0.7458524703979492], [-0.914860188961029, -0.703397810459137], [-0.8156224489212036, -0.4576847553253174], [-0.613308310508728, -0.25123488903045654], [-0.8208475112915039, -0.6970310807228088], [-1.113500714302063, -0.7999565601348877], [-1.1617380380630493, -0.7901634573936462], [-1.3073197603225708, -1.044915795326233]]","[-1.0, 1.0, 1.0, 0.0, -1.0, -1.0, 1.0, -1.0]",0,"[-1.6931785345077515, -1.2546406984329224]","[-1.4070721864700317, -0.9685343503952026]","[-1.4209659099578857, -0.9824280738830566]",0,1.0,train
198,"[[-0.7371934056282043, -1.0103925466537476], [-0.5966383218765259, -0.9274993538856506], [-0.528270423412323, -0.7075097560882568], [-0.9200082421302795, -1.0411577224731445], [-1.029984474182129, -1.1789436340332031], [-1.166987419128418, -1.5730241537094116], [-1.0848350524902344, -1.4419441223144531], [-1.0906577110290527, -1.2556309700012207]]","[1.0, 0.0, 1.0, -1.0, -1.0, 1.0, 0.0, 0.0]",0,"[-1.300559163093567, -1.4149247407913208]","[-1.0140653848648071, -1.1284310817718506]","[-1.027571678161621, -1.1419373750686646]",0,1.0,train
199,"[[-0.20682813227176666, -0.9644870162010193], [-0.44078758358955383, -1.2426283359527588], [-0.5322256684303284, -1.0798109769821167], [-0.41401028633117676, -1.094888687133789], [-0.5329551100730896, -0.9200326204299927], [-0.46025192737579346, -0.9538394808769226], [-0.44058337807655334, -0.9117141962051392], [-0.5020486116409302, -1.0867124795913696]]","[0.0, 1.0, 0.0, 0.0, 0.0, 1.0, 1.0, -1.0]",0,"[-0.8893207311630249, -1.2819302082061768]","[-0.582927942276001, -0.9755373597145081]","[-0.576535165309906, -0.9691445827484131]",1,1.0,train
200,"[[-0.5515925288200378, -0.09581886976957321], [-0.48107850551605225, -0.08549987524747849], [-0.32099810242652893, -0.09628766030073166], [-0.2701095938682556, 0.03487879037857056], [-0.2445290982723236, 0.05473935231566429], [-0.00823676586151123, 0.23611263930797577], [-0.3648661971092224, -0.08079318702220917], [-0.7958055138587952, -0.6352988481521606]]","[0.0, 1.0, 1.0, 1.0, 1.0, 1.0, -1.0, -1.0]",0,"[-1.0816168785095215, -0.9209449887275696]","[-0.7659600377082825, -0.6052881479263306]","[-0.7503032088279724, -0.5896313786506653]",1,1.0,train
201,"[[-0.630366325378418, -0.8562939167022705], [-0.7097555994987488, -0.7051836252212524], [-0.7993482947349548, -1.0179380178451538], [-0.8242214918136597, -1.0415433645248413], [-1.0545490980148315, -1.2187519073486328], [-1.057207703590393, -1.2453218698501587], [-0.9740034937858582, -1.244828701019287], [-1.0693609714508057, -1.3493655920028687]]","[1.0, 0.0, 1.0, 0.0, 1.0, -1.0, -1.0, 0.0]",1,"[-1.026324987411499, -1.28352952003479]","[-1.0106713771820068, -1.2678760290145874]","[-1.2950178384780884, -1.552222490310669]",0,-1.0,train
202,"[[-1.0930646657943726, -1.6451270580291748], [-1.4819839000701904, -1.7498855590820312], [-1.4735946655273438, -1.6158957481384277], [-1.4064648151397705, -1.605002522468567], [-1.3611423969268799, -1.6288057565689087], [-1.3798621892929077, -1.5654584169387817], [-1.2501096725463867, -1.490817666053772], [-1.3271037340164185, -1.3862992525100708]]","[1.0, -1.0, 0.0, 0.0, -1.0, 0.0, 0.0, -1.0]",1,"[-1.1393626928329468, -1.341990351676941]","[-1.116942286491394, -1.3195699453353882]","[-1.3945218324661255, -1.5971496105194092]",0,-1.0,train
203,"[[-1.2193151712417603, -1.4116448163986206], [-1.182182788848877, -1.1946768760681152], [-1.097524881362915, -1.2394013404846191], [-0.989600658416748, -1.1343995332717896], [-1.1081568002700806, -1.1203405857086182], [-1.1899746656417847, -1.032780647277832], [-1.2110501527786255, -0.8144250512123108], [-1.146206021308899, -0.9210386276245117]]","[-1.0, 0.0, 0.0, 0.0, 0.0, 1.0, 1.0, 1.0]",0,"[-1.479404330253601, -1.110185980796814]","[-1.1853289604187012, -0.8161106705665588]","[-1.1912537813186646, -0.8220353722572327]",0,1.0,train
204,"[[-1.4981609582901, -2.29952073097229], [-1.4559613466262817, -2.065600633621216], [-1.3509455919265747, -1.9395655393600464], [-1.393397569656372, -2.050966739654541], [-1.5720288753509521, -1.8914470672607422], [-1.5384278297424316, -1.8181145191192627], [-1.5712182521820068, -1.7668992280960083], [-1.5959229469299316, -1.6355106830596924]]","[1.0, 0.0, -1.0, -1.0, 0.0, 0.0, -1.0, -1.0]",1,"[-1.4409174919128418, -1.5218987464904785]","[-1.4075998067855835, -1.4885810613632202]","[-1.6742820739746094, -1.755263328552246]",0,-1.0,train
205,"[[-1.393506407737732, -1.8408173322677612], [-1.1801961660385132, -1.7967063188552856], [-1.321633219718933, -1.978761911392212], [-1.3126845359802246, -1.8381999731063843], [-1.1631786823272705, -1.548222541809082], [-1.2603501081466675, -1.4054887294769287], [-1.4154562950134277, -1.443082332611084], [-1.5669056177139282, -1.7191271781921387]]","[-1.0, -1.0, 1.0, 0.0, -1.0, 0.0, 1.0, -1.0]",0,"[-1.8181331157684326, -1.9952281713485718]","[-1.552554726600647, -1.7296497821807861]","[-1.5869762897491455, -1.7640714645385742]",0,1.0,train
206,"[[-0.29924237728118896, -1.1653046607971191], [-0.16285814344882965, -1.2023859024047852], [-0.16887935996055603, -1.1634511947631836], [-0.2821889817714691, -1.0527303218841553], [-0.4165775775909424, -0.8431927561759949], [-0.3966141641139984, -0.6608172655105591], [-0.2800230085849762, -0.5479936003684998], [-0.5738703608512878, -0.6274152398109436]]","[0.0, -1.0, -1.0, 0.0, 0.0, 0.0, 0.0, 1.0]",1,"[-0.7591463327407837, -0.5387872457504272]","[-0.784567654132843, -0.5642085671424866]","[-1.1099889278411865, -0.8896299004554749]",-1,-1.0,train
207,"[[-1.2503741979599, -1.1534823179244995], [-1.4258958101272583, -1.6084338426589966], [-1.2029143571853638, -1.5920530557632446], [-1.2147513628005981, -1.484757900238037], [-1.1138778924942017, -1.2365599870681763], [-1.0632810592651367, -1.2423228025436401], [-1.145147681236267, -1.0419583320617676], [-1.0792427062988281, -0.9955946803092957]]","[1.0, -1.0, 1.0, 1.0, 0.0, 1.0, 0.0, 1.0]",0,"[-1.3284481763839722, -1.1783877611160278]","[-1.0342862606048584, -0.8842258453369141]","[-1.0401244163513184, -0.8900639414787292]",0,1.0,train
208,"[[-1.991334080696106, -1.3108149766921997], [-2.210268497467041, -1.486344575881958], [-2.281405210494995, -1.7368357181549072], [-2.0514023303985596, -1.4431307315826416], [-1.9834836721420288, -1.386375904083252], [-2.0372180938720703, -1.4715306758880615], [-2.2653329372406006, -1.599003791809082], [-2.4248266220092773, -1.692152738571167]]","[-1.0, 1.0, 1.0, 0.0, 0.0, 1.0, 1.0, 1.0]",1,"[-2.3371102809906006, -1.7535806894302368]","[-2.287980079650879, -1.7044504880905151]","[-2.5388498306274414, -1.9553202390670776]",0,-1.0,train
209,"[[-2.1677651405334473, -1.7136512994766235], [-2.1212575435638428, -1.798146367073059], [-2.111433267593384, -1.6463265419006348], [-2.0911946296691895, -1.4360604286193848], [-1.8578670024871826, -1.4973174333572388], [-1.7739311456680298, -1.4558513164520264], [-1.710755705833435, -1.3627104759216309], [-1.58026123046875, -1.4353657960891724]]","[-1.0, -1.0, -1.0, -1.0, -1.0, -1.0, 0.0, 0.0]",1,"[-1.879164457321167, -1.245232343673706]","[-1.850088357925415, -1.216156244277954]","[-2.1210124492645264, -1.4870802164077759]",0,-1.0,train
210,"[[-0.6313766241073608, -0.3484298884868622], [-0.5874593257904053, -0.2716248035430908], [-0.48301172256469727, -0.36140570044517517], [-0.30866900086402893, -0.39772042632102966], [-0.24342428147792816, -0.218733549118042], [-0.24398237466812134, -0.16553527116775513], [-0.35286861658096313, 0.09820346534252167], [-0.8102350831031799, -0.6004709601402283]]","[0.0, 0.0, -1.0, -1.0, -1.0, -1.0, -1.0, -1.0]",0,"[-1.2176039218902588, -0.8538860082626343]","[-0.9014074802398682, -0.5376895070075989]","[-0.8852109909057617, -0.5214930176734924]",1,1.0,train
211,"[[0.11790478229522705, -0.7102086544036865], [-0.1645602434873581, -1.0410444736480713], [-0.133101686835289, -1.0698912143707275], [-0.5245888829231262, -1.585676908493042], [-0.4824918806552887, -1.486917495727539], [-0.5032321810722351, -1.3791234493255615], [-0.36354130506515503, -1.3137178421020508], [-0.31197595596313477, -1.46262788772583]]","[-1.0, 1.0, -1.0, 1.0, -1.0, 0.0, -1.0, 0.0]",1,"[-0.4908517897129059, -1.5111565589904785]","[-0.48389163613319397, -1.5041964054107666]","[-0.7769314646720886, -1.7972362041473389]",0,-1.0,train
212,"[[-1.6777111291885376, -1.546209454536438], [-1.6874295473098755, -1.461489200592041], [-1.6393758058547974, -1.6210036277770996], [-1.5461629629135132, -1.6139397621154785], [-1.5248979330062866, -1.7240372896194458], [-1.8095356225967407, -1.7126960754394531], [-1.5021599531173706, -1.4985995292663574], [-1.9040632247924805, -1.7184104919433594]]","[1.0, 1.0, 1.0, 0.0, 1.0, -1.0, 1.0, -1.0]",0,"[-2.1410207748413086, -1.7095592021942139]","[-1.8814877271652222, -1.450026273727417]","[-1.921954870223999, -1.4904932975769043]",0,1.0,train
213,"[[-0.31892386078834534, -0.5795125365257263], [-0.6635415554046631, -0.7495826482772827], [-0.5760974884033203, -0.6823101043701172], [-0.5180145502090454, -0.8236043453216553], [-0.8535279035568237, -1.045459270477295], [-0.6816335320472717, -0.9446594715118408], [-0.9774283766746521, -1.2218515872955322], [-1.1216914653778076, -1.5137215852737427]]","[1.0, -1.0, 1.0, 1.0, -1.0, 1.0, -1.0, -1.0]",0,"[-1.3238003253936768, -1.742458462715149]","[-1.0450679063796997, -1.4637260437011719]","[-1.0663354396820068, -1.484993577003479]",0,1.0,train
214,"[[-1.0063012838363647, -0.6871669888496399], [-1.2766757011413574, -0.8834768533706665], [-1.379612684249878, -1.2276397943496704], [-1.380901575088501, -1.5321834087371826], [-1.546248435974121, -1.6926437616348267], [-1.587815523147583, -1.5568737983703613], [-1.6761075258255005, -1.791504144668579], [-1.7866957187652588, -1.8910709619522095]]","[-1.0, 1.0, 1.0, -1.0, -1.0, 1.0, -1.0, -1.0]",0,"[-1.9390772581100464, -1.884767770767212]","[-1.680419921875, -1.626110315322876]","[-1.7217625379562378, -1.6674529314041138]",0,1.0,train
215,"[[-1.1836439371109009, -0.973058819770813], [-1.5557125806808472, -1.321025013923645], [-1.6138923168182373, -1.1251602172851562], [-1.5356512069702148, -1.0765408277511597], [-1.3585246801376343, -1.1963512897491455], [-1.4892222881317139, -1.3344438076019287], [-1.5207304954528809, -1.1681362390518188], [-1.4613070487976074, -0.9156357049942017]]","[1.0, 1.0, -1.0, 0.0, -1.0, 1.0, -1.0, 0.0]",0,"[-1.6939404010772705, -1.1763001680374146]","[-1.4096932411193848, -0.8920530080795288]","[-1.4254460334777832, -0.9078058004379272]",0,1.0,train
216,"[[-1.3892499208450317, -1.1995981931686401], [-1.306082844734192, -1.2645517587661743], [-0.9877293705940247, -1.1810189485549927], [-0.8561636209487915, -1.1737316846847534], [-0.7779632210731506, -1.2579632997512817], [-0.7480042576789856, -0.9377257823944092], [-1.0356475114822388, -1.3599916696548462], [-0.9995154738426208, -1.207842469215393]]","[-1.0, 0.0, -1.0, 0.0, 0.0, 0.0, 1.0, 0.0]",1,"[-0.9497992396354675, -1.2485090494155884]","[-0.9399426579475403, -1.2386524677276611]","[-1.230086088180542, -1.528795838356018]",0,-1.0,train
217,"[[-1.718860387802124, -1.795449137687683], [-1.7349406480789185, -2.2224481105804443], [-1.8052012920379639, -2.217564344406128], [-2.0239291191101074, -2.3311476707458496], [-1.9014416933059692, -2.3571741580963135], [-1.840174913406372, -2.3194754123687744], [-2.0775718688964844, -2.537496566772461], [-2.255723237991333, -2.7420406341552734]]","[0.0, -1.0, -1.0, -1.0, 0.0, 1.0, -1.0, -1.0]",0,"[-2.4365811347961426, -2.7474753856658936]","[-2.1965014934539795, -2.5073957443237305]","[-2.2564218044281006, -2.5673160552978516]",0,1.0,train
218,"[[-0.8986801505088806, 0.23407138884067535], [-1.112693190574646, -0.0048541110008955], [-0.9104307293891907, 0.10380043089389801], [-1.1877096891403198, -0.13453331589698792], [-1.0785574913024902, 0.018588175997138023], [-0.9593798518180847, -0.16056181490421295], [-0.7663487195968628, -0.29750320315361023], [-0.8665471076965332, -0.31548088788986206]]","[-1.0, 1.0, 0.0, 1.0, 0.0, -1.0, -1.0, -1.0]",1,"[-0.7266119122505188, -0.16417641937732697]","[-0.7477165460586548, -0.18528103828430176]","[-1.0688211917877197, -0.5063856840133667]",-1,-1.0,train
219,"[[-0.02690543420612812, -1.155298113822937], [-0.23821976780891418, -1.3789392709732056], [-0.12595602869987488, -1.409463882446289], [-0.0921473279595375, -1.310897707939148], [-0.4725048243999481, -1.6572989225387573], [-0.4437212646007538, -1.6272414922714233], [-0.3984428346157074, -1.6415233612060547], [-0.37114134430885315, -1.5787005424499512]]","[1.0, 1.0, 0.0, 0.0, 1.0, -1.0, -1.0, 1.0]",1,"[-0.5690519213676453, -1.5697734355926514]","[-0.5571070909500122, -1.5578285455703735]","[-0.8451622724533081, -1.8458837270736694]",0,-1.0,train
220,"[[-1.2578177452087402, -1.717553973197937], [-1.2109673023223877, -1.5551446676254272], [-1.2255412340164185, -1.3193215131759644], [-1.1167982816696167, -1.3454946279525757], [-1.0004961490631104, -1.1664340496063232], [-1.1856729984283447, -1.4815868139266968], [-1.471948266029358, -1.6596635580062866], [-1.4990296363830566, -1.5296313762664795]]","[1.0, -1.0, 0.0, -1.0, 0.0, 1.0, 1.0, 0.0]",1,"[-1.4836114645004272, -1.552091360092163]","[-1.4543349742889404, -1.5228148698806763]","[-1.7250584363937378, -1.7935383319854736]",0,-1.0,train
221,"[[-1.2540048360824585, -0.44577592611312866], [-1.5276156663894653, -0.8702862858772278], [-1.4858113527297974, -0.7796306610107422], [-1.7615077495574951, -1.0106642246246338], [-1.6806846857070923, -0.7841971516609192], [-1.950528621673584, -0.7533992528915405], [-1.904449224472046, -0.5945687294006348], [-1.882942795753479, -0.6387657523155212]]","[1.0, -1.0, 0.0, -1.0, 0.0, 1.0, 0.0, 1.0]",0,"[-1.781041145324707, -1.195129156112671]","[-1.5056756734848022, -0.9197637438774109]","[-1.5303102731704712, -0.9443983435630798]",0,1.0,train
222,"[[-2.6377739906311035, -1.2723320722579956], [-2.68923282623291, -1.3494808673858643], [-2.6628501415252686, -1.2390499114990234], [-2.797807216644287, -1.3513628244400024], [-3.056083917617798, -1.6169735193252563], [-2.986795663833618, -1.4520529508590698], [-2.735574960708618, -1.314371943473816], [-2.6547317504882812, -1.3145203590393066]]","[-1.0, -1.0, -1.0, 1.0, 1.0, -1.0, -1.0, 0.0]",1,"[-2.5882108211517334, -1.463557243347168]","[-2.5389692783355713, -1.4143158197402954]","[-2.7897279262542725, -1.665074348449707]",0,-1.0,train
223,"[[-0.7548707127571106, -0.7851096391677856], [-0.6670653223991394, -0.7693175673484802], [-0.7663639187812805, -0.5958920121192932], [-1.125275731086731, -0.9645184278488159], [-1.2367055416107178, -1.1580581665039062], [-1.2279274463653564, -1.069710612297058], [-1.4985252618789673, -1.327051043510437], [-1.4003818035125732, -1.4203870296478271]]","[0.0, -1.0, -1.0, 1.0, 1.0, -1.0, 1.0, 0.0]",1,"[-1.419545292854309, -1.3758167028427124]","[-1.3947131633758545, -1.3509845733642578]","[-1.6698811054229736, -1.6261523962020874]",0,-1.0,train
224,"[[-1.2174094915390015, -0.9044744372367859], [-1.369992733001709, -0.8499305844306946], [-1.562656283378601, -1.0523024797439575], [-1.5780200958251953, -1.075150489807129], [-1.9378551244735718, -1.3749654293060303], [-2.0118722915649414, -1.560889482498169], [-1.917037010192871, -1.4288190603256226], [-2.0240957736968994, -1.3863173723220825]]","[0.0, 0.0, 1.0, -1.0, 1.0, 1.0, 0.0, -1.0]",1,"[-1.9283339977264404, -1.1666693687438965]","[-1.8906095027923584, -1.1289448738098145]","[-2.1528849601745605, -1.3912203311920166]",0,-1.0,train
225,"[[-0.08871909230947495, -1.0119614601135254], [0.01959795132279396, -0.9794784784317017], [0.03435884416103363, -0.7946356534957886], [-0.2961580753326416, -1.0835374593734741], [-0.11226556450128555, -0.9698209166526794], [-0.252857506275177, -0.9186664819717407], [-0.3397703170776367, -0.9361149072647095], [-0.32807281613349915, -0.7319715023040771]]","[0.0, 0.0, 1.0, -1.0, 1.0, 0.0, 1.0, 1.0]",0,"[-0.6750407814979553, -1.1354427337646484]","[-0.34660518169403076, -0.8070071339607239]","[-0.31816956400871277, -0.7785715460777283]",1,1.0,train
226,"[[-1.3662360906600952, -0.8121680021286011], [-1.3820304870605469, -0.785939633846283], [-1.8189778327941895, -1.252519130706787], [-2.132659435272217, -1.2688446044921875], [-1.8783514499664307, -1.1432031393051147], [-1.802060842514038, -0.9393193125724792], [-1.7817816734313965, -0.9348774552345276], [-2.0414340496063232, -1.0690945386886597]]","[0.0, 0.0, -1.0, -1.0, 1.0, 0.0, -1.0, 1.0]",1,"[-2.095555067062378, -0.9610481262207031]","[-2.0617144107818604, -0.9272074103355408]","[-2.327873706817627, -1.1933667659759521]",0,-1.0,train
227,"[[-0.5405105352401733, -0.5919473767280579], [-0.8626643419265747, -1.017463207244873], [-0.799572229385376, -0.8576000928878784], [-0.6470596790313721, -0.683254063129425], [-0.763940155506134, -0.6948860287666321], [-0.8339560031890869, -0.6543534398078918], [-0.9697844386100769, -1.2798130512237549], [-1.2580012083053589, -1.6023763418197632]]","[1.0, -1.0, 0.0, 0.0, 1.0, 1.0, -1.0, -1.0]",0,"[-1.4987072944641113, -1.7451328039169312]","[-1.2248589992523193, -1.4712845087051392]","[-1.251010775566101, -1.497436285018921]",0,1.0,train
228,"[[-0.19920755922794342, -1.2070499658584595], [-0.250751793384552, -1.157827377319336], [0.031455520540475845, -1.0381312370300293], [0.04241723194718361, -1.1288031339645386], [-0.016073785722255707, -1.0424528121948242], [0.130235493183136, -1.0467066764831543], [0.15196171402931213, -0.9311444759368896], [0.09828637540340424, -0.9352408647537231]]","[-1.0, -1.0, 0.0, 1.0, 1.0, 1.0, 0.0, 0.0]",0,"[-0.19155634939670563, -1.236586093902588]","[0.12848904728889465, -0.9165407419204712]","[0.14853443205356598, -0.8964953422546387]",1,1.0,train
229,"[[-0.8089026212692261, -0.8308765888214111], [-0.7496420741081238, -0.9604673385620117], [-0.7999787926673889, -0.95348060131073], [-1.112151861190796, -1.0244803428649902], [-1.1817411184310913, -0.9649811387062073], [-1.2354191541671753, -0.9219308495521545], [-1.4924755096435547, -1.0754787921905518], [-1.4556533098220825, -1.1393059492111206]]","[0.0, 1.0, 1.0, -1.0, 1.0, 0.0, -1.0, 1.0]",0,"[-1.7066844701766968, -1.3442516326904297]","[-1.426763653755188, -1.064330816268921]","[-1.446842908859253, -1.0844100713729858]",0,1.0,train
230,"[[-0.6648560166358948, -1.584963083267212], [-0.5911455154418945, -1.5067259073257446], [-0.31721821427345276, -1.4032875299453735], [-0.14131657779216766, -1.3311097621917725], [-0.20995628833770752, -1.2436898946762085], [-0.172281876206398, -1.152430772781372], [-0.07748900353908539, -1.1483089923858643], [-0.09417300671339035, -1.0982767343521118]]","[-1.0, 1.0, 0.0, 0.0, 1.0, 0.0, 1.0, 0.0]",0,"[-0.47262877225875854, -1.4591580629348755]","[-0.16145837306976318, -1.147987723350525]","[-0.15028798580169678, -1.1368173360824585]",1,1.0,train
231,"[[-0.16334030032157898, -0.5566177368164062], [-0.2793882191181183, -0.6971237659454346], [-0.6525241136550903, -1.0333024263381958], [-1.1707113981246948, -1.3288718461990356], [-0.9421185255050659, -1.3075206279754639], [-0.7933963537216187, -1.5816290378570557], [-0.7665106654167175, -1.5624406337738037], [-0.7558655142784119, -1.5454425811767578]]","[0.0, 1.0, 1.0, 1.0, -1.0, 0.0, 0.0, -1.0]",1,"[-0.5301189422607422, -1.4597148895263672]","[-0.5145136117935181, -1.444109559059143]","[-0.7989082932472229, -1.7285043001174927]",0,-1.0,train
232,"[[-1.3592337369918823, -0.10840126872062683], [-1.6730493307113647, -0.2793070077896118], [-1.6628906726837158, -0.21832093596458435], [-1.5763825178146362, -0.3262217938899994], [-1.6619614362716675, -0.6635689735412598], [-1.749969720840454, -0.5833809971809387], [-1.6968660354614258, -0.708244264125824], [-1.5520027875900269, -0.625230610370636]]","[0.0, 1.0, -1.0, 0.0, 1.0, 0.0, 1.0, 0.0]",0,"[-1.70015287399292, -0.6600556373596191]","[-1.4140321016311646, -0.3739348351955414]","[-1.4279112815856934, -0.3878140449523926]",0,1.0,train
233,"[[-1.1301928758621216, -1.4097678661346436], [-1.4192770719528198, -1.7209491729736328], [-1.3982552289962769, -1.653853178024292], [-1.5462160110473633, -1.7045832872390747], [-1.271880030632019, -1.476587176322937], [-1.4169787168502808, -1.6769039630889893], [-1.3274613618850708, -1.6988203525543213], [-1.3837947845458984, -1.9110028743743896]]","[1.0, -1.0, 0.0, -1.0, 0.0, 1.0, 0.0, 1.0]",0,"[-1.4050288200378418, -1.9112261533737183]","[-1.1403343677520752, -1.6465317010879517]","[-1.1756399869918823, -1.6818373203277588]",0,1.0,train
234,"[[-0.1353931576013565, -0.0328974612057209], [-0.5755528211593628, -0.025976477190852165], [-0.4461445212364197, 0.00609166594222188], [-0.7521954774856567, -0.292465478181839], [-0.9431201815605164, -0.6123124361038208], [-1.0881612300872803, -0.2996530532836914], [-1.0255182981491089, -0.31674376130104065], [-1.1657538414001465, -0.7092665433883667]]","[-1.0, -1.0, 1.0, -1.0, -1.0, 0.0, 1.0, -1.0]",0,"[-1.4991480112075806, -0.9348382353782654]","[-1.2005404233932495, -0.6362307071685791]","[-1.2019329071044922, -0.637623131275177]",0,1.0,train
235,"[[-1.0479258298873901, -1.0981378555297852], [-0.7393589019775391, -1.158185601234436], [-0.8062875866889954, -1.2920469045639038], [-1.04910147190094, -1.5031074285507202], [-1.0771814584732056, -1.6930593252182007], [-1.0326581001281738, -1.662284255027771], [-0.9689844846725464, -1.6605145931243896], [-1.1741458177566528, -1.8163272142410278]]","[-1.0, 0.0, -1.0, -1.0, -1.0, 1.0, 1.0, -1.0]",0,"[-1.6382344961166382, -1.8882442712783813]","[-1.3681228160858154, -1.6181325912475586]","[-1.3980109691619873, -1.64802086353302]",0,1.0,train
236,"[[-1.596444845199585, -2.400212526321411], [-1.7925794124603271, -2.61220383644104], [-1.824260950088501, -2.7326290607452393], [-1.7159868478775024, -2.556515693664551], [-1.5589931011199951, -2.2129907608032227], [-1.611202597618103, -2.393129587173462], [-1.6703617572784424, -2.415735960006714], [-1.9752637147903442, -2.3153655529022217]]","[1.0, 1.0, 1.0, 0.0, 0.0, -1.0, 0.0, -1.0]",0,"[-1.9553132057189941, -2.2535440921783447]","[-1.7061747312545776, -2.0044054985046387]","[-1.7570362091064453, -2.055267095565796]",0,1.0,train
237,"[[-1.4220634698867798, -0.8614164590835571], [-1.581005573272705, -1.2955411672592163], [-1.9652663469314575, -1.3774878978729248], [-1.8827571868896484, -1.4494056701660156], [-2.112135171890259, -1.6042132377624512], [-2.315823793411255, -1.7091127634048462], [-2.5120339393615723, -1.659142017364502], [-2.1932313442230225, -1.7152308225631714]]","[1.0, 1.0, 1.0, 0.0, 1.0, 1.0, 1.0, -1.0]",1,"[-2.146629810333252, -1.7873932123184204]","[-2.1011385917663574, -1.7419018745422363]","[-2.355647325515747, -1.9964104890823364]",0,-1.0,train
238,"[[-1.6357412338256836, -1.199058175086975], [-1.737448811531067, -1.14606511592865], [-1.927212119102478, -1.4327785968780518], [-1.9151506423950195, -1.4322452545166016], [-2.159541368484497, -1.5727834701538086], [-2.0456881523132324, -1.4957352876663208], [-2.1782212257385254, -1.710269570350647], [-2.3608548641204834, -1.6577372550964355]]","[-1.0, 0.0, 1.0, -1.0, 1.0, -1.0, 1.0, 1.0]",1,"[-2.1659152507781982, -1.7122511863708496]","[-2.1182749271392822, -1.664610743522644]","[-2.3706343173980713, -1.9169702529907227]",0,-1.0,train
239,"[[-0.9900670647621155, -1.029204249382019], [-0.8353195786476135, -1.1852142810821533], [-1.036917805671692, -1.4092885255813599], [-1.075507640838623, -1.4267010688781738], [-1.121383786201477, -1.6481581926345825], [-1.0213161706924438, -1.6524163484573364], [-0.9260661602020264, -1.4634672403335571], [-1.1852298974990845, -1.7152416706085205]]","[1.0, 0.0, 1.0, 0.0, 1.0, 0.0, 1.0, -1.0]",0,"[-1.5416007041931152, -1.916052222251892]","[-1.2691987752914429, -1.6436502933502197]","[-1.2967969179153442, -1.671248435974121]",0,1.0,train
240,"[[-1.5746915340423584, -1.5210174322128296], [-1.5348955392837524, -1.5943691730499268], [-1.805125117301941, -1.6914058923721313], [-1.6946005821228027, -1.3422231674194336], [-1.605426549911499, -1.2960379123687744], [-1.849900722503662, -1.469998836517334], [-1.9488494396209717, -1.3960821628570557], [-2.195472002029419, -1.6001635789871216]]","[1.0, -1.0, 1.0, 0.0, 0.0, 1.0, -1.0, 1.0]",1,"[-2.2867491245269775, -1.6868562698364258]","[-2.2427546977996826, -1.6428618431091309]","[-2.498760461807251, -1.8988674879074097]",0,-1.0,train
241,"[[-1.20469331741333, -0.42952725291252136], [-1.2864187955856323, -0.8359165191650391], [-1.6868418455123901, -0.9504460692405701], [-1.5650405883789062, -1.1737664937973022], [-1.5589179992675781, -1.174054741859436], [-1.5159372091293335, -0.8647211790084839], [-1.7254674434661865, -0.982799768447876], [-1.573403000831604, -0.8471178412437439]]","[-1.0, -1.0, -1.0, 1.0, -1.0, -1.0, 1.0, -1.0]",1,"[-1.5761059522628784, -0.9430474638938904]","[-1.558138132095337, -0.9250796437263489]","[-1.8401703834533691, -1.2071118354797363]",0,-1.0,train
242,"[[-0.15715520083904266, -0.9998658895492554], [0.01058075949549675, -0.9189677238464355], [0.17703205347061157, -0.84280925989151], [-0.3935185670852661, -1.2448906898498535], [-0.39360007643699646, -1.305346965789795], [-0.6020054817199707, -1.5549108982086182], [-0.5094466805458069, -1.3679715394973755], [-0.8626030683517456, -1.6823129653930664]]","[0.0, 0.0, 1.0, -1.0, 1.0, 1.0, 0.0, 1.0]",1,"[-0.8600741028785706, -1.7846252918243408]","[-0.8385899066925049, -1.76314115524292]","[-1.1171057224273682, -2.041656970977783]",0,-1.0,train
243,"[[-2.274395704269409, -1.3244963884353638], [-2.134147882461548, -1.2887547016143799], [-1.9990991353988647, -1.2324217557907104], [-1.7628223896026611, -1.3436347246170044], [-1.4805618524551392, -1.243861436843872], [-1.5668517351150513, -1.465755581855774], [-1.4121026992797852, -1.415256381034851], [-1.3288227319717407, -1.4441568851470947]]","[0.0, 1.0, 1.0, 0.0, 1.0, -1.0, 1.0, 0.0]",0,"[-1.3428245782852173, -1.7808877229690552]","[-1.0666412115097046, -1.5047043561935425]","[-1.0904579162597656, -1.528520941734314]",0,1.0,train
244,"[[-0.5184574127197266, -0.325686514377594], [-0.4815572202205658, -0.3826282024383545], [-0.7313587665557861, -0.6998801827430725], [-1.1906895637512207, -1.0023066997528076], [-1.1005611419677734, -0.8798057436943054], [-1.371910810470581, -1.1420351266860962], [-1.4710562229156494, -1.078109860420227], [-1.4597679376602173, -1.0862605571746826]]","[-1.0, 1.0, -1.0, -1.0, 0.0, -1.0, 1.0, 1.0]",0,"[-1.6086543798446655, -1.2970058917999268]","[-1.3277500867843628, -1.016101598739624]","[-1.3468457460403442, -1.0351972579956055]",0,1.0,train
245,"[[-0.9475662708282471, -1.3124617338180542], [-1.215062141418457, -1.4798296689987183], [-1.1814194917678833, -1.3405394554138184], [-1.108547329902649, -1.35853111743927], [-0.8981626033782959, -1.3425369262695312], [-0.9493893384933472, -1.2878888845443726], [-0.9898098111152649, -1.1134729385375977], [-1.0959254503250122, -1.5089160203933716]]","[-1.0, 1.0, 0.0, -1.0, 0.0, -1.0, -1.0, 1.0]",1,"[-1.0399105548858643, -1.4469807147979736]","[-1.0192797183990479, -1.4263498783111572]","[-1.2986489534378052, -1.7057191133499146]",0,-1.0,train
246,"[[-1.470439076423645, -0.9628663659095764], [-1.3820606470108032, -0.8596014976501465], [-1.6619799137115479, -1.31690514087677], [-1.7011985778808594, -1.163306713104248], [-2.1899161338806152, -1.4248945713043213], [-2.070128917694092, -1.4185010194778442], [-1.9173414707183838, -1.319974422454834], [-1.6980971097946167, -1.168703556060791]]","[0.0, -1.0, 1.0, 0.0, 1.0, 0.0, 0.0, 0.0]",1,"[-1.8050692081451416, -1.307471752166748]","[-1.7781792879104614, -1.2805817127227783]","[-2.0512893199920654, -1.5536917448043823]",0,-1.0,train
247,"[[-0.8645128011703491, -0.38549888134002686], [-0.8446931838989258, -0.37847280502319336], [-0.6948116421699524, -0.420309841632843], [-0.5473212003707886, -0.3596303462982178], [-0.6023494601249695, -0.2992352545261383], [-0.5005588531494141, -0.1742682307958603], [-0.36851972341537476, -0.20826692879199982], [-0.8122013807296753, -0.5531498789787292]]","[-1.0, -1.0, 1.0, 1.0, 0.0, 1.0, 0.0, -1.0]",0,"[-0.9923695921897888, -0.8308802843093872]","[-0.6747346520423889, -0.5132454037666321]","[-0.6570997834205627, -0.4956105053424835]",1,1.0,train
248,"[[-1.2690976858139038, -1.0856678485870361], [-1.388476014137268, -1.1961274147033691], [-1.2044259309768677, -1.1426292657852173], [-1.4438133239746094, -1.5720973014831543], [-1.5201212167739868, -1.8351902961730957], [-1.4155588150024414, -1.6387953758239746], [-1.4204778671264648, -1.5871070623397827], [-1.3897634744644165, -1.462749719619751]]","[-1.0, 1.0, -1.0, 1.0, 1.0, 0.0, -1.0, -1.0]",1,"[-1.1773309707641602, -1.4578052759170532]","[-1.1517804861068726, -1.4322549104690552]","[-1.4262300729751587, -1.7067044973373413]",0,-1.0,train
249,"[[-1.1476142406463623, -1.400315761566162], [-1.0368363857269287, -1.4392002820968628], [-1.3417878150939941, -1.523987889289856], [-1.2563027143478394, -1.47681725025177], [-1.5807689428329468, -1.920630693435669], [-1.4396305084228516, -1.8024009466171265], [-1.7596242427825928, -2.0340843200683594], [-1.8261075019836426, -2.2797887325286865]]","[-1.0, 0.0, -1.0, 0.0, -1.0, 0.0, -1.0, -1.0]",0,"[-2.018218755722046, -2.630434274673462]","[-1.7666127681732178, -2.378828287124634]","[-1.815006971359253, -2.427222490310669]",0,1.0,train
250,"[[-0.3337356448173523, -0.38153383135795593], [-0.20415228605270386, -0.1602989137172699], [-0.5445687174797058, -0.6353166103363037], [-0.5574552416801453, -0.4239462614059448], [-0.4675857424736023, -0.3831116557121277], [-0.8630003333091736, -0.6842211484909058], [-0.7917442321777344, -0.6866515874862671], [-1.208653211593628, -0.9041687250137329]]","[-1.0, 0.0, 1.0, -1.0, -1.0, 1.0, 0.0, 1.0]",1,"[-1.3097238540649414, -0.9243691563606262]","[-1.3021973371505737, -0.9168426394462585]","[-1.5946707725524902, -1.2093161344528198]",0,-1.0,train
251,"[[-1.0241475105285645, -0.8326939344406128], [-1.0158920288085938, -0.7638234496116638], [-1.296329140663147, -1.0851833820343018], [-1.3730894327163696, -1.1897722482681274], [-1.1871299743652344, -1.1266175508499146], [-1.2521148920059204, -1.4590685367584229], [-1.4880635738372803, -1.3634326457977295], [-1.3247144222259521, -1.4141993522644043]]","[1.0, 0.0, 1.0, 1.0, -1.0, 1.0, 1.0, -1.0]",1,"[-1.1909735202789307, -1.321468472480774]","[-1.1679500341415405, -1.2984448671340942]","[-1.4449265003204346, -1.5754213333129883]",0,-1.0,train
252,"[[-0.7352567911148071, -0.24452580511569977], [-0.7599330544471741, -0.26511287689208984], [-1.029624342918396, -0.5000709295272827], [-1.0304864645004272, -0.3311709463596344], [-1.0942761898040771, -0.1140689104795456], [-1.2431881427764893, -0.4404647648334503], [-0.9121893644332886, -0.2579382359981537], [-0.9800267815589905, -0.1556633710861206]]","[0.0, 0.0, -1.0, 0.0, 1.0, -1.0, 1.0, 1.0]",0,"[-1.1614418029785156, -0.38921570777893066]","[-0.8443470001220703, -0.07212083786725998]","[-0.8272520899772644, -0.055025968700647354]",1,1.0,train
253,"[[-1.1192128658294678, -0.6317882537841797], [-0.9777367115020752, -0.5696846842765808], [-0.8817769289016724, -0.47406986355781555], [-1.0677573680877686, -0.32240721583366394], [-1.4475080966949463, -0.49524906277656555], [-1.3616572618484497, -0.3927641808986664], [-1.3393856287002563, -0.2686430513858795], [-1.276859998703003, -0.3480943739414215]]","[1.0, 0.0, -1.0, -1.0, 1.0, -1.0, -1.0, 0.0]",1,"[-1.1913832426071167, -0.39062005281448364]","[-1.191828966140747, -0.3910657465457916]","[-1.4922746419906616, -0.6915114521980286]",-1,-1.0,train
254,"[[-1.342753529548645, -0.9818487763404846], [-1.6718696355819702, -1.2002376317977905], [-1.6780445575714111, -1.1898343563079834], [-1.9263688325881958, -1.4366490840911865], [-1.8809622526168823, -1.5558040142059326], [-2.0238561630249023, -1.5341867208480835], [-1.9971129894256592, -1.630533218383789], [-2.1830697059631348, -1.4673219919204712]]","[0.0, 1.0, 0.0, 1.0, -1.0, -1.0, -1.0, -1.0]",1,"[-2.121849775314331, -1.3328672647476196]","[-2.0798325538635254, -1.2908501625061035]","[-2.337815523147583, -1.548832893371582]",0,-1.0,train
255,"[[-1.2232880592346191, 0.11825984716415405], [-1.2717233896255493, 0.053253863006830215], [-1.0548738241195679, 0.32065191864967346], [-1.3891810178756714, -0.018431229516863823], [-1.2620261907577515, -0.028327740728855133], [-1.3642116785049438, 0.03338320180773735], [-1.3424952030181885, -0.029808105900883675], [-1.0596493482589722, -0.023001911118626595]]","[0.0, 1.0, 0.0, -1.0, 0.0, -1.0, 0.0, -1.0]",1,"[-0.896786093711853, -0.06902240961790085]","[-0.910190224647522, -0.08242650330066681]","[-1.223594307899475, -0.39583060145378113]",-1,-1.0,train
256,"[[-0.3187766969203949, -0.46938252449035645], [-0.12530413269996643, -0.3088909387588501], [-0.0005425761337392032, -0.3924156427383423], [0.012496061623096466, -0.5574167370796204], [0.2234467715024948, -0.5969643592834473], [0.32776975631713867, -0.6454943418502808], [0.0046840328723192215, -0.9063155055046082], [-0.3564329445362091, -1.1516342163085938]]","[0.0, -1.0, -1.0, 0.0, 0.0, 0.0, 1.0, 1.0]",1,"[-0.20201367139816284, -1.0265424251556396]","[-0.20799404382705688, -1.0325227975845337]","[-0.5139744281768799, -1.338503122329712]",-1,-1.0,train
257,"[[-1.074525237083435, -0.9377500414848328], [-1.1274913549423218, -0.9642417430877686], [-0.9950876832008362, -1.1391030550003052], [-0.6172031760215759, -1.0608196258544922], [-0.5525278449058533, -1.0821082592010498], [-0.5256755352020264, -1.1761229038238525], [-0.8620555996894836, -1.4164808988571167], [-0.8043396472930908, -1.4383034706115723]]","[0.0, -1.0, 1.0, 1.0, 1.0, -1.0, 1.0, -1.0]",1,"[-0.9413647651672363, -1.4147813320159912]","[-0.9284287691116333, -1.4018452167510986]","[-1.2154927253723145, -1.6889092922210693]",0,-1.0,train
258,"[[-0.8920812010765076, -0.9292355179786682], [-0.8448342084884644, -0.8100184798240662], [-0.8428991436958313, -0.9828639030456543], [-1.1657174825668335, -1.4053537845611572], [-1.2179170846939087, -1.277199149131775], [-1.1697770357131958, -1.2426975965499878], [-1.1078463792800903, -1.0235792398452759], [-1.0444188117980957, -1.2697352170944214]]","[1.0, 0.0, 0.0, -1.0, 1.0, 0.0, -1.0, 1.0]",0,"[-1.2756274938583374, -1.4555366039276123]","[-0.9884190559387207, -1.1683282852172852]","[-1.0012106895446777, -1.1811197996139526]",0,1.0,train
259,"[[-1.3227516412734985, -1.2763820886611938], [-1.496082067489624, -1.311909794807434], [-1.4413046836853027, -1.339198112487793], [-1.4235918521881104, -1.2314292192459106], [-1.2847154140472412, -1.2931244373321533], [-1.3434230089187622, -1.6091548204421997], [-1.7157299518585205, -1.7193413972854614], [-1.6943485736846924, -1.8024721145629883]]","[-1.0, -1.0, 1.0, 0.0, 0.0, -1.0, -1.0, -1.0]",0,"[-1.865070104598999, -1.811487078666687]","[-1.6033085584640503, -1.5497254133224487]","[-1.6415468454360962, -1.5879638195037842]",0,1.0,train
260,"[[-0.4371401369571686, -0.24099035561084747], [-0.4830907881259918, -0.3880201578140259], [-0.8652862310409546, -0.6573347449302673], [-1.224811315536499, -0.9102252125740051], [-1.314704179763794, -0.8904480934143066], [-1.2053799629211426, -0.6582120656967163], [-1.2859247922897339, -0.872574508190155], [-1.7002172470092773, -0.9570876955986023]]","[0.0, 0.0, -1.0, 1.0, -1.0, 0.0, -1.0, 1.0]",1,"[-1.5094995498657227, -1.0429714918136597]","[-1.4860469102859497, -1.0195188522338867]","[-1.762594223022461, -1.296066164970398]",0,-1.0,train
261,"[[-0.8756346106529236, -0.5930927395820618], [-1.0899767875671387, -0.863762617111206], [-1.0956131219863892, -0.7990275025367737], [-1.4507715702056885, -1.2087514400482178], [-1.4071993827819824, -1.1332066059112549], [-1.385897159576416, -1.0357980728149414], [-1.594778299331665, -1.1349910497665405], [-1.395484447479248, -1.1277939081192017]]","[1.0, 1.0, 1.0, -1.0, 1.0, 1.0, 0.0, 0.0]",1,"[-1.3308839797973633, -1.0804616212844849]","[-1.3126627206802368, -1.0622402429580688]","[-1.5944414138793945, -1.3440190553665161]",0,-1.0,train
262,"[[-1.1134973764419556, -0.8779235482215881], [-1.5200927257537842, -1.088580846786499], [-1.6521048545837402, -1.4209450483322144], [-1.697016954421997, -1.6446499824523926], [-1.5589566230773926, -1.6283365488052368], [-1.586193561553955, -1.3645514249801636], [-1.2585004568099976, -1.3236653804779053], [-1.4218738079071045, -1.2960063219070435]]","[0.0, 1.0, 1.0, -1.0, 0.0, -1.0, -1.0, 1.0]",1,"[-1.2697193622589111, -1.302546501159668]","[-1.2471438646316528, -1.2799710035324097]","[-1.5245684385299683, -1.557395577430725]",0,-1.0,train
263,"[[-1.3127365112304688, -1.1955856084823608], [-1.1763347387313843, -1.064881682395935], [-1.0979076623916626, -1.102100133895874], [-1.190201997756958, -0.9614222049713135], [-1.4207229614257812, -1.2115732431411743], [-1.6378599405288696, -1.4570285081863403], [-1.891021966934204, -1.6640936136245728], [-1.9221779108047485, -1.7219465970993042]]","[1.0, 0.0, 0.0, 0.0, -1.0, -1.0, -1.0, -1.0]",0,"[-2.0450048446655273, -1.8847464323043823]","[-1.7858506441116333, -1.6255921125411987]","[-1.8266963958740234, -1.6664378643035889]",0,1.0,train
264,"[[-0.7334919571876526, -1.3028336763381958], [-0.7811755537986755, -1.260587215423584], [-1.1520792245864868, -1.5076292753219604], [-1.5189558267593384, -1.9136018753051758], [-1.5613783597946167, -1.7856719493865967], [-1.6455347537994385, -1.7682238817214966], [-1.9033610820770264, -1.7542136907577515], [-1.7878482341766357, -1.9201428890228271]]","[-1.0, 0.0, -1.0, -1.0, 0.0, 1.0, 1.0, -1.0]",0,"[-1.9277849197387695, -2.2229042053222656]","[-1.6696443557739258, -1.9647636413574219]","[-1.7115038633346558, -2.0066232681274414]",0,1.0,train
265,"[[-1.4088066816329956, -0.8516244292259216], [-1.5458455085754395, -0.9843131303787231], [-1.7499992847442627, -1.1101442575454712], [-2.0239062309265137, -0.978350043296814], [-2.006716728210449, -1.102506160736084], [-1.87556791305542, -1.2323178052902222], [-1.645745038986206, -1.1415438652038574], [-1.5470960140228271, -1.2170209884643555]]","[-1.0, 1.0, -1.0, 1.0, 1.0, 0.0, 0.0, -1.0]",1,"[-1.2426592111587524, -1.2217375040054321]","[-1.2186541557312012, -1.1977324485778809]","[-1.4946491718292236, -1.4737274646759033]",0,-1.0,train
266,"[[-2.500967025756836, -0.9712614417076111], [-2.4263854026794434, -0.9953744411468506], [-2.147622585296631, -0.8320985436439514], [-2.026275157928467, -0.9011730551719666], [-1.7567715644836426, -0.903129518032074], [-1.8500183820724487, -1.1105051040649414], [-2.0394046306610107, -1.2103580236434937], [-1.9566411972045898, -1.2396118640899658]]","[1.0, -1.0, -1.0, -1.0, -1.0, 1.0, 1.0, 0.0]",0,"[-2.318944215774536, -1.2988405227661133]","[-2.05310320854187, -1.0329996347427368]","[-2.0872623920440674, -1.067158818244934]",0,1.0,train
267,"[[-1.3787007331848145, -0.8560047745704651], [-1.441542148590088, -0.7176941633224487], [-1.4043632745742798, -0.646636962890625], [-1.53528892993927, -0.9289023280143738], [-1.3925923109054565, -1.067955493927002], [-1.455708384513855, -1.1278321743011475], [-1.2091517448425293, -0.9954283237457275], [-1.4503705501556396, -0.9597823619842529]]","[1.0, 0.0, 0.0, 1.0, -1.0, 0.0, 0.0, -1.0]",0,"[-1.691985011100769, -1.1730319261550903]","[-1.4082659482955933, -0.8893129229545593]","[-1.4245469570159912, -0.9055938720703125]",0,1.0,train
268,"[[-0.21915724873542786, -0.49639996886253357], [-0.2691701352596283, -0.58481764793396], [-0.5210657715797424, -1.0670955181121826], [-0.48632434010505676, -0.9841703772544861], [-0.48002713918685913, -0.779326856136322], [-0.5053054094314575, -0.7626186609268188], [-0.900104284286499, -0.9671573638916016], [-0.8758383989334106, -0.8533977270126343]]","[0.0, 0.0, 1.0, 0.0, 0.0, 0.0, 1.0, 0.0]",1,"[-0.8126237988471985, -0.6965181231498718]","[-0.8177656531333923, -0.7016599774360657]","[-1.1229075193405151, -1.006801724433899]",-1,-1.0,train
269,"[[-1.5878727436065674, -2.154217004776001], [-1.6553997993469238, -2.5496551990509033], [-1.7897262573242188, -2.7886502742767334], [-2.017547607421875, -2.6799662113189697], [-1.9411815404891968, -2.719276189804077], [-1.7157282829284668, -2.552159070968628], [-1.6572902202606201, -2.5947654247283936], [-1.6311235427856445, -2.5862815380096436]]","[1.0, 1.0, 1.0, 0.0, 0.0, 0.0, 0.0, 0.0]",1,"[-1.6653867959976196, -2.537330389022827]","[-1.6142463684082031, -2.486189842224121]","[-1.8631058931350708, -2.7350494861602783]",0,-1.0,train
270,"[[-0.805075466632843, -1.0525401830673218], [-0.724402129650116, -0.9528818130493164], [-1.0020030736923218, -1.2423715591430664], [-1.0536531209945679, -1.1808485984802246], [-1.0178637504577637, -1.0962196588516235], [-1.3217167854309082, -1.3128010034561157], [-1.643771767616272, -1.3963136672973633], [-1.946221947669983, -1.6309354305267334]]","[-1.0, 0.0, 1.0, -1.0, -1.0, 1.0, 1.0, 1.0]",1,"[-1.8496148586273193, -1.6079753637313843]","[-1.8097655773162842, -1.5681260824203491]","[-2.069916248321533, -1.8282766342163086]",0,-1.0,train
271,"[[-1.1598546504974365, -1.181306004524231], [-1.0827845335006714, -1.1651051044464111], [-1.0125823020935059, -1.0308256149291992], [-0.8671544790267944, -0.9656473994255066], [-1.052917242050171, -1.3808259963989258], [-1.199742078781128, -1.310897707939148], [-1.4426281452178955, -1.6753849983215332], [-1.5992693901062012, -1.6407628059387207]]","[0.0, 0.0, 1.0, 0.0, -1.0, 0.0, -1.0, 0.0]",0,"[-1.9647115468978882, -1.6790143251419067]","[-1.698194980621338, -1.4124977588653564]","[-1.7316784858703613, -1.4459812641143799]",0,1.0,train
272,"[[-0.9294213056564331, -1.4855446815490723], [-1.007588267326355, -1.6639341115951538], [-1.3080592155456543, -1.8573981523513794], [-1.32920503616333, -1.8154544830322266], [-1.6666898727416992, -1.944598913192749], [-1.5972903966903687, -1.7658748626708984], [-1.8758906126022339, -1.9934399127960205], [-1.8619999885559082, -2.0552823543548584]]","[-1.0, -1.0, -1.0, 1.0, -1.0, 1.0, -1.0, 1.0]",0,"[-1.967130184173584, -2.343747138977051]","[-1.7123810052871704, -2.0889978408813477]","[-1.7576318979263306, -2.134248733520508]",0,1.0,train
273,"[[-0.7802913784980774, -1.3195854425430298], [-0.7137346267700195, -1.366213321685791], [-0.8954723477363586, -1.5164481401443481], [-0.7636479735374451, -1.414505124092102], [-0.9364413022994995, -1.6642154455184937], [-0.8193488121032715, -1.574524164199829], [-0.9020249843597412, -1.926576852798462], [-0.8964645266532898, -1.9302135705947876]]","[-1.0, -1.0, 1.0, 0.0, 1.0, -1.0, 1.0, 0.0]",1,"[-0.9728888869285583, -1.8539788722991943]","[-0.944006085395813, -1.8250961303710938]","[-1.2151232957839966, -2.0962133407592773]",0,-1.0,train
274,"[[-1.014438271522522, -0.9632592797279358], [-1.4165793657302856, -1.1853362321853638], [-1.6372383832931519, -1.570816159248352], [-1.5999765396118164, -1.411587119102478], [-1.5673614740371704, -1.1329379081726074], [-1.7509397268295288, -1.5674033164978027], [-1.7928578853607178, -1.710977554321289], [-1.6595089435577393, -1.63181471824646]]","[-1.0, -1.0, -1.0, 1.0, 0.0, -1.0, -1.0, -1.0]",0,"[-1.9675920009613037, -1.7011017799377441]","[-1.7020491361618042, -1.4355589151382446]","[-1.7365063428878784, -1.4700161218643188]",0,1.0,train
275,"[[-1.311504602432251, -0.44492295384407043], [-1.4368826150894165, -0.8656520843505859], [-1.5820422172546387, -1.096634030342102], [-1.6856745481491089, -1.2564834356307983], [-1.719086766242981, -1.3754689693450928], [-1.9120250940322876, -1.6705060005187988], [-1.8978008031845093, -1.7185002565383911], [-2.2551560401916504, -2.1513671875]]","[-1.0, -1.0, -1.0, -1.0, 1.0, -1.0, 1.0, -1.0]",0,"[-2.3884551525115967, -2.2588768005371094]","[-2.1407368183135986, -2.0111584663391113]","[-2.193018674850464, -2.0634400844573975]",0,1.0,train
276,"[[-1.6743261814117432, -1.629239559173584], [-1.5366698503494263, -1.5034966468811035], [-1.617011547088623, -1.3259446620941162], [-1.829608678817749, -1.7199022769927979], [-1.635451316833496, -1.4928646087646484], [-1.720660924911499, -1.6046133041381836], [-1.8324085474014282, -1.875223159790039], [-1.8338000774383545, -1.7853128910064697]]","[1.0, 1.0, 1.0, -1.0, 0.0, 1.0, -1.0, 1.0]",1,"[-1.8203085660934448, -1.8298850059509277]","[-1.7799737453460693, -1.7895501852035522]","[-2.0396389961242676, -2.04921555519104]",0,-1.0,train
277,"[[-1.1254221200942993, -0.6178159117698669], [-0.841972827911377, -0.7067500352859497], [-1.19402015209198, -0.8217867612838745], [-1.151547908782959, -0.6869822144508362], [-1.1694769859313965, -0.7701248526573181], [-1.3350521326065063, -0.6720806360244751], [-1.5169743299484253, -0.7842254042625427], [-1.407904863357544, -0.7380333542823792]]","[0.0, -1.0, 1.0, 0.0, -1.0, 0.0, -1.0, 0.0]",0,"[-1.7527352571487427, -0.706600546836853]","[-1.463444709777832, -0.41730996966362]","[-1.4741541147232056, -0.4280194342136383]",0,1.0,train
278,"[[-1.2502325773239136, -0.7393335103988647], [-1.2508184909820557, -0.6921253800392151], [-1.133863925933838, -0.8222749829292297], [-0.9527255892753601, -0.8872241377830505], [-1.2937281131744385, -1.076662540435791], [-1.6846150159835815, -1.2715134620666504], [-1.7374296188354492, -1.3933136463165283], [-1.5988661050796509, -1.2832103967666626]]","[0.0, 0.0, 1.0, 1.0, 1.0, 1.0, 0.0, 0.0]",0,"[-1.730298638343811, -1.488878846168518]","[-1.4568455219268799, -1.215425729751587]","[-1.4833924770355225, -1.2419726848602295]",0,1.0,train
279,"[[-2.2269480228424072, -1.241595983505249], [-2.125607967376709, -1.4052263498306274], [-2.1727335453033447, -1.3783308267593384], [-2.3573811054229736, -1.62381911277771], [-2.117281436920166, -1.518651008605957], [-2.159499406814575, -1.5546131134033203], [-2.1027755737304688, -1.5979247093200684], [-2.0998711585998535, -1.6067657470703125]]","[1.0, 1.0, -1.0, 1.0, 0.0, -1.0, 0.0, -1.0]",1,"[-2.0808842182159424, -1.6722898483276367]","[-2.038548231124878, -1.6299538612365723]","[-2.2962121963500977, -1.887617826461792]",0,-1.0,train
280,"[[-0.6734857559204102, -0.625347375869751], [-0.6875603199005127, -0.5884783267974854], [-0.7888228893280029, -0.5039116740226746], [-0.815845251083374, -0.42629778385162354], [-1.0502911806106567, -0.5933986902236938], [-1.220223307609558, -0.8806172013282776], [-1.606923222541809, -0.8105459213256836], [-1.7647664546966553, -0.802569568157196]]","[0.0, 0.0, -1.0, 0.0, -1.0, -1.0, 1.0, -1.0]",1,"[-1.6627943515777588, -1.0374178886413574]","[-1.6397401094436646, -1.0143636465072632]","[-1.9166858196258545, -1.2913094758987427]",0,-1.0,train
281,"[[-1.4583073854446411, -1.5242371559143066], [-1.4803191423416138, -1.4755090475082397], [-1.5127339363098145, -1.514913558959961], [-1.7439043521881104, -1.6348363161087036], [-1.970276951789856, -1.6481125354766846], [-1.9627021551132202, -1.4718714952468872], [-2.0853607654571533, -1.2979871034622192], [-2.0515353679656982, -1.3064438104629517]]","[0.0, -1.0, -1.0, 1.0, -1.0, 0.0, 1.0, 0.0]",0,"[-2.159801721572876, -1.7127163410186768]","[-1.8969908952713013, -1.449905514717102]","[-1.9341800212860107, -1.4870946407318115]",0,1.0,train
282,"[[-0.4848044514656067, -1.2455230951309204], [-0.3381376266479492, -1.3190321922302246], [-0.5531504154205322, -1.7372556924819946], [-1.0029963254928589, -2.04754638671875], [-0.8125616312026978, -1.9777525663375854], [-0.9025935530662537, -1.989109754562378], [-0.7497334480285645, -1.8297040462493896], [-0.6123842597007751, -1.8676303625106812]]","[0.0, 0.0, 1.0, 1.0, 0.0, 0.0, -1.0, -1.0]",1,"[-0.9558149576187134, -2.104771375656128]","[-0.9319035410881042, -2.080859899520874]","[-1.2079920768737793, -2.3569483757019043]",0,-1.0,train
283,"[[-1.6942263841629028, -0.6724915504455566], [-1.6877391338348389, -0.7576277256011963], [-1.8008990287780762, -1.0922391414642334], [-1.9922282695770264, -1.2705565690994263], [-2.075822114944458, -1.6435894966125488], [-2.0610952377319336, -1.5591901540756226], [-2.163193464279175, -1.849706768989563], [-2.0180978775024414, -1.7303626537322998]]","[0.0, 0.0, 1.0, 1.0, 1.0, -1.0, -1.0, -1.0]",1,"[-1.7223851680755615, -1.864169716835022]","[-1.679719090461731, -1.8215036392211914]","[-1.9370530843734741, -2.0788376331329346]",0,-1.0,train
284,"[[-0.29949572682380676, -0.3704180121421814], [-0.6962864995002747, -0.5655663013458252], [-0.7734954357147217, -0.869569718837738], [-1.1249244213104248, -1.0390045642852783], [-1.4388320446014404, -1.293718934059143], [-1.4606285095214844, -1.0383785963058472], [-1.5325744152069092, -1.1260274648666382], [-1.638198971748352, -0.9606401324272156]]","[0.0, -1.0, -1.0, -1.0, -1.0, 1.0, -1.0, 0.0]",0,"[-1.8689754009246826, -1.1000616550445557]","[-1.5907402038574219, -0.8218263983726501]","[-1.6125050783157349, -0.8435912132263184]",0,1.0,train
285,"[[-1.7599996328353882, -1.4138301610946655], [-1.7593648433685303, -1.2949495315551758], [-1.697737216949463, -1.2732534408569336], [-1.5826091766357422, -1.2538087368011475], [-1.7099652290344238, -1.5006805658340454], [-1.3176641464233398, -1.3914554119110107], [-1.256212830543518, -1.3248335123062134], [-1.1730362176895142, -1.357231616973877]]","[0.0, -1.0, 0.0, 0.0, -1.0, -1.0, 0.0, 1.0]",1,"[-1.0832486152648926, -1.3597904443740845]","[-1.065039038658142, -1.341580867767334]","[-1.3468294143676758, -1.6233712434768677]",0,-1.0,train
286,"[[-1.7980345487594604, -0.7587621212005615], [-1.7297667264938354, -0.587063193321228], [-1.6951340436935425, -0.7475218772888184], [-1.6826268434524536, -0.6796843409538269], [-1.809463381767273, -1.276085615158081], [-2.1001267433166504, -1.4738876819610596], [-2.1620893478393555, -1.4773558378219604], [-2.0127835273742676, -1.4382191896438599]]","[-1.0, 0.0, 0.0, 1.0, -1.0, -1.0, 1.0, 0.0]",0,"[-2.292926549911499, -1.495788335800171]","[-2.03116512298584, -1.2340269088745117]","[-2.069403648376465, -1.2722655534744263]",0,1.0,train
287,"[[-1.4838414192199707, -1.579734206199646], [-1.6126759052276611, -1.7652597427368164], [-1.503248929977417, -1.717581033706665], [-1.5419683456420898, -1.805351972579956], [-1.7226991653442383, -1.8416081666946411], [-1.6715651750564575, -1.7792365550994873], [-1.710705041885376, -1.5808827877044678], [-1.4021363258361816, -1.7773746252059937]]","[1.0, 1.0, 0.0, -1.0, 1.0, 0.0, -1.0, 0.0]",1,"[-1.3786094188690186, -1.566709280014038]","[-1.3458740711212158, -1.533974051475525]","[-1.6131387948989868, -1.801238775253296]",0,-1.0,train
288,"[[-0.2320183664560318, -0.260667085647583], [-0.1876949518918991, -0.15830107033252716], [-0.055751021951436996, -0.14165683090686798], [-0.48816153407096863, -0.49429160356521606], [-0.7206153869628906, -0.28099513053894043], [-0.7225649952888489, -0.276925653219223], [-0.7919890284538269, -0.024290723726153374], [-0.6995694041252136, 0.013560321182012558]]","[-1.0, 0.0, 0.0, -1.0, 1.0, 0.0, 0.0, 1.0]",0,"[-1.0861842632293701, -0.2974988520145416]","[-0.7509785890579224, 0.03770685940980911]","[-0.7157728672027588, 0.07291257381439209]",1,1.0,train
289,"[[-0.7229343056678772, 0.31060993671417236], [-0.7004644870758057, 0.2736644148826599], [-0.6028957366943359, 0.27586817741394043], [-1.0963233709335327, -0.058661334216594696], [-1.111572027206421, -0.0654291883111], [-1.1531332731246948, -0.23209688067436218], [-1.2608011960983276, -0.22609303891658783], [-1.5729751586914062, -0.5787312388420105]]","[0.0, 0.0, 0.0, -1.0, 0.0, 0.0, 1.0, -1.0]",0,"[-1.6459839344024658, -0.7542374730110168]","[-1.359968900680542, -0.46822234988212585]","[-1.3739537000656128, -0.48220717906951904]",0,1.0,train
290,"[[-1.7944130897521973, -1.518115758895874], [-1.7294776439666748, -1.5353718996047974], [-1.9563699960708618, -1.4765119552612305], [-2.237488269805908, -1.8224512338638306], [-2.1575510501861572, -1.6944506168365479], [-2.1134021282196045, -1.9300647974014282], [-2.061925172805786, -1.67178213596344], [-2.2032289505004883, -2.0374717712402344]]","[-1.0, 1.0, 1.0, -1.0, 0.0, 0.0, 0.0, -1.0]",0,"[-2.2338755130767822, -2.258192777633667]","[-1.983893871307373, -2.008211135864258]","[-2.033912181854248, -2.058229684829712]",0,1.0,train
291,"[[-1.2400239706039429, -1.2181768417358398], [-1.6362804174423218, -1.4427618980407715], [-1.8920471668243408, -1.6464430093765259], [-1.737746000289917, -1.6734124422073364], [-1.856521725654602, -1.8180651664733887], [-1.5766323804855347, -1.6594711542129517], [-1.5590713024139404, -1.7917232513427734], [-1.8932886123657227, -1.8801323175430298]]","[0.0, -1.0, -1.0, 0.0, -1.0, 0.0, 1.0, -1.0]",0,"[-1.9333605766296387, -2.0438523292541504]","[-1.6762535572052002, -1.786745309829712]","[-1.719146490097046, -1.8296382427215576]",0,1.0,train
292,"[[-1.2029480934143066, -1.7121939659118652], [-1.1396085023880005, -1.72428297996521], [-0.9699801206588745, -1.7126612663269043], [-1.2606359720230103, -1.9040263891220093], [-1.4333752393722534, -2.036630868911743], [-1.7211358547210693, -1.9798215627670288], [-1.7065109014511108, -1.8264532089233398], [-1.6123058795928955, -1.6768449544906616]]","[1.0, -1.0, -1.0, -1.0, -1.0, -1.0, 1.0, 0.0]",0,"[-1.646683692932129, -1.8248177766799927]","[-1.381109595298767, -1.5592436790466309]","[-1.4155354499816895, -1.5936696529388428]",0,1.0,train
293,"[[-1.361924648284912, -1.556244969367981], [-1.326269507408142, -1.486456274986267], [-1.3340067863464355, -1.5101898908615112], [-1.2177059650421143, -1.4490315914154053], [-1.1924231052398682, -1.3384894132614136], [-1.2978779077529907, -1.8350317478179932], [-1.4549113512039185, -2.085696220397949], [-1.6791927814483643, -2.2419228553771973]]","[1.0, 0.0, 1.0, 0.0, 1.0, -1.0, -1.0, -1.0]",0,"[-1.8860259056091309, -2.2553553581237793]","[-1.6318820714950562, -2.001211404800415]","[-1.6777383089065552, -2.047067642211914]",0,1.0,train
294,"[[-0.45941227674484253, -1.4481098651885986], [-0.3866631090641022, -1.5696133375167847], [-0.7896732091903687, -1.7517591714859009], [-0.6283679008483887, -1.647088646888733], [-1.1254827976226807, -1.6983366012573242], [-1.005260944366455, -1.6189720630645752], [-1.3768377304077148, -1.7405403852462769], [-1.1891032457351685, -1.6701557636260986]]","[1.0, -1.0, 1.0, -1.0, 1.0, 0.0, 1.0, 0.0]",1,"[-1.1889276504516602, -1.7988015413284302]","[-1.1623778343200684, -1.7722517251968384]","[-1.4358279705047607, -2.0457019805908203]",0,-1.0,train
295,"[[-0.8372196555137634, -0.09124897420406342], [-0.6394771337509155, -0.28815212845802307], [-0.8766416907310486, -0.6603557467460632], [-0.9861636161804199, -0.5796560049057007], [-1.3105181455612183, -0.7684803605079651], [-1.1499251127243042, -0.8518465161323547], [-1.2988743782043457, -1.1822526454925537], [-1.4418522119522095, -1.3518577814102173]]","[-1.0, -1.0, 1.0, -1.0, 1.0, 0.0, 1.0, 1.0]",1,"[-1.4308944940567017, -1.498313069343567]","[-1.406633973121643, -1.4740525484085083]","[-1.6823734045028687, -1.7497920989990234]",0,-1.0,train
296,"[[-0.7012543082237244, -0.6767192482948303], [-0.6090747714042664, -0.5880879759788513], [-0.42930951714515686, -0.7082920670509338], [-0.4386107325553894, -0.6369057297706604], [-0.716040849685669, -0.8966566920280457], [-0.865748405456543, -0.7627107501029968], [-0.8883836269378662, -0.695000410079956], [-0.7798646688461304, -0.6185271739959717]]","[1.0, 0.0, 0.0, 0.0, 1.0, 0.0, -1.0, -1.0]",1,"[-0.855802595615387, -0.5625358819961548]","[-0.8727267384529114, -0.579460084438324]","[-1.1896508932113647, -0.8963842391967773]",-1,-1.0,train
297,"[[-2.0808448791503906, -1.7678738832473755], [-2.0252954959869385, -1.8709886074066162], [-1.8522799015045166, -1.7233335971832275], [-1.7341437339782715, -1.9099830389022827], [-1.6062546968460083, -2.0473220348358154], [-1.8018847703933716, -2.186596632003784], [-2.149191379547119, -2.3343505859375], [-2.026869058609009, -2.536017656326294]]","[1.0, 0.0, 0.0, -1.0, -1.0, 1.0, 1.0, 1.0]",1,"[-2.213381052017212, -2.4389514923095703]","[-2.1586833000183105, -2.38425350189209]","[-2.4039855003356934, -2.6295557022094727]",0,-1.0,train
298,"[[0.40391331911087036, 0.4669158458709717], [0.3341693878173828, 0.420787513256073], [0.18429824709892273, -0.008014507591724396], [0.3287854492664337, -0.022875051945447922], [0.5145924687385559, -0.04554564505815506], [0.580134928226471, 0.08942481130361557], [0.11259810626506805, -0.1810426115989685], [-0.32558149099349976, -0.6214792728424072]]","[0.0, 0.0, 1.0, -1.0, -1.0, 0.0, 1.0, 1.0]",1,"[-0.42327505350112915, -0.48883169889450073]","[-0.4583507180213928, -0.5239073634147644]","[-0.7934263348579407, -0.8589829802513123]",-1,-1.0,train
299,"[[-1.4261882305145264, -0.7594555020332336], [-1.2800241708755493, -0.6311805844306946], [-1.0995558500289917, -0.39948704838752747], [-1.2065678834915161, -0.6912208795547485], [-1.1898788213729858, -0.6179806590080261], [-1.2849382162094116, -0.6342895030975342], [-1.3602482080459595, -0.8824838995933533], [-1.5387916564941406, -1.125364899635315]]","[1.0, 1.0, 0.0, -1.0, 0.0, 1.0, -1.0, -1.0]",0,"[-1.6959165334701538, -1.2021703720092773]","[-1.4179211854934692, -0.9241750240325928]","[-1.4399257898330688, -0.9461796283721924]",0,1.0,train
300,"[[-1.2191104888916016, -1.3318041563034058], [-1.0669389963150024, -1.3148846626281738], [-0.8831807374954224, -1.2408416271209717], [-0.9173963069915771, -1.0831298828125], [-0.9460967779159546, -1.3272897005081177], [-0.9586186408996582, -1.2141767740249634], [-1.1387100219726562, -1.4197779893875122], [-1.076371431350708, -1.277516484260559]]","[1.0, 0.0, 0.0, 0.0, 1.0, 0.0, -1.0, 1.0]",0,"[-1.3342934846878052, -1.4718730449676514]","[-1.0480729341506958, -1.185652494430542]","[-1.061852216720581, -1.1994317770004272]",0,1.0,train
301,"[[-1.814766526222229, -0.8579155802726746], [-1.6842132806777954, -0.8696340918540955], [-1.4554252624511719, -0.7951269745826721], [-1.308461308479309, -0.6438660025596619], [-1.4066423177719116, -0.8387887477874756], [-1.3356690406799316, -0.7642676830291748], [-1.3242497444152832, -0.66292405128479], [-1.2588958740234375, -0.747033417224884]]","[-1.0, 0.0, 0.0, 0.0, 1.0, -1.0, 0.0, -1.0]",1,"[-1.1790602207183838, -0.826890230178833]","[-1.1734079122543335, -0.8212379813194275]","[-1.467755675315857, -1.1155856847763062]",0,-1.0,train
302,"[[-1.448407769203186, -1.038618803024292], [-1.6383955478668213, -1.1513913869857788], [-1.733096957206726, -1.4253863096237183], [-1.6335023641586304, -1.243019461631775], [-2.072633981704712, -1.5561872720718384], [-2.205209732055664, -1.7821310758590698], [-2.141691207885742, -1.537309169769287], [-2.277799129486084, -1.7512999773025513]]","[0.0, -1.0, -1.0, 0.0, -1.0, -1.0, 0.0, -1.0]",0,"[-2.4857325553894043, -1.9285218715667725]","[-2.233131170272827, -1.6759204864501953]","[-2.280529737472534, -1.7233189344406128]",0,1.0,train
303,"[[-0.9123483896255493, -0.9024351835250854], [-0.9671943783760071, -0.6798423528671265], [-1.2200947999954224, -0.8999422788619995], [-1.3268835544586182, -0.9962758421897888], [-1.2462685108184814, -0.8480563759803772], [-1.0943294763565063, -0.7362070083618164], [-1.143728256225586, -0.5851616263389587], [-1.6759670972824097, -0.8320181965827942]]","[1.0, 1.0, -1.0, 0.0, 0.0, 0.0, 0.0, 1.0]",1,"[-1.6668938398361206, -0.8423749804496765]","[-1.6460551023483276, -0.8215363025665283]","[-1.9252164363861084, -1.100697636604309]",0,-1.0,train
304,"[[-1.5063894987106323, -1.7184900045394897], [-1.4247180223464966, -1.646936297416687], [-1.2447381019592285, -1.4289476871490479], [-1.2283297777175903, -1.3981539011001587], [-1.4160425662994385, -1.6838570833206177], [-1.3058665990829468, -1.6182276010513306], [-1.1876469850540161, -1.297261118888855], [-1.154888391494751, -1.3217536211013794]]","[-1.0, -1.0, -1.0, -1.0, 1.0, 0.0, -1.0, 1.0]",0,"[-1.2832967042922974, -1.6447519063949585]","[-1.0001487731933594, -1.361603856086731]","[-1.0170007944107056, -1.3784559965133667]",0,1.0,train
305,"[[-1.7976586818695068, -0.7966146469116211], [-1.56234610080719, -0.8046562671661377], [-1.4793808460235596, -0.7586435079574585], [-1.4100141525268555, -0.6529028415679932], [-1.3523138761520386, -0.5545539855957031], [-1.7856614589691162, -0.9090813398361206], [-2.0597658157348633, -1.0994356870651245], [-2.2334978580474854, -1.2703272104263306]]","[1.0, 1.0, 1.0, 0.0, 0.0, -1.0, -1.0, -1.0]",0,"[-2.4612317085266113, -1.454801321029663]","[-2.201810121536255, -1.1953798532485962]","[-2.2423884868621826, -1.235958218574524]",0,1.0,train
306,"[[-1.236335039138794, -0.7461210489273071], [-1.1574846506118774, -0.7908627390861511], [-1.4039218425750732, -1.105803370475769], [-1.5147024393081665, -1.001298427581787], [-1.8753145933151245, -1.3690130710601807], [-1.9330672025680542, -1.3568557500839233], [-1.93882417678833, -1.2595900297164917], [-1.8644553422927856, -1.161939024925232]]","[1.0, 0.0, -1.0, 1.0, -1.0, 1.0, 1.0, 0.0]",0,"[-2.12442684173584, -1.464200735092163]","[-1.8552907705307007, -1.195064663887024]","[-1.8861547708511353, -1.2259286642074585]",0,1.0,train
307,"[[-1.4718064069747925, -1.2014153003692627], [-1.3982521295547485, -1.1321139335632324], [-1.372908115386963, -1.0233221054077148], [-1.4834752082824707, -1.170414924621582], [-1.9275296926498413, -1.3718457221984863], [-1.9786300659179688, -1.3753161430358887], [-2.1726436614990234, -1.7103967666625977], [-2.408325672149658, -1.954027533531189]]","[1.0, 1.0, 0.0, 1.0, -1.0, 0.0, -1.0, -1.0]",0,"[-2.3021769523620605, -2.3960988521575928]","[-2.0541634559631348, -2.148085355758667]","[-2.106149673461914, -2.2000718116760254]",0,1.0,train
308,"[[-0.19379042088985443, -0.5004781484603882], [-0.30551984906196594, -0.7176138758659363], [-0.26251691579818726, -0.8156373500823975], [-0.25280460715293884, -0.801825225353241], [-0.39858749508857727, -0.6650140285491943], [-0.4760065972805023, -0.7026450037956238], [-0.827591598033905, -0.8908116221427917], [-1.1000560522079468, -1.1079903841018677]]","[0.0, -1.0, 0.0, 0.0, 0.0, 0.0, -1.0, 1.0]",1,"[-1.0038329362869263, -0.9832686185836792]","[-0.9942297339439392, -0.9736654162406921]","[-1.2846264839172363, -1.2640621662139893]",0,-1.0,train
309,"[[-1.5292444229125977, -1.0649080276489258], [-1.7202162742614746, -1.3129010200500488], [-1.6734570264816284, -1.4068450927734375], [-1.6313570737838745, -1.3817203044891357], [-1.765647053718567, -1.4567052125930786], [-1.5907360315322876, -1.5115658044815063], [-1.5356649160385132, -1.5043632984161377], [-1.9145855903625488, -1.6421186923980713]]","[-1.0, -1.0, 0.0, 1.0, -1.0, 0.0, -1.0, -1.0]",0,"[-2.086405038833618, -1.8566848039627075]","[-1.8258427381515503, -1.5961226224899292]","[-1.8652805089950562, -1.635560393333435]",0,1.0,train
310,"[[-0.8077301979064941, -0.9716826677322388], [-0.7948949933052063, -1.0854272842407227], [-0.8362982869148254, -0.9733335375785828], [-1.0266058444976807, -1.2629611492156982], [-0.9906186461448669, -1.066845417022705], [-0.9422597289085388, -0.82817143201828], [-0.8285053372383118, -0.7936968207359314], [-0.8968982100486755, -0.8069512248039246]]","[0.0, -1.0, 1.0, -1.0, 0.0, 1.0, 0.0, 1.0]",1,"[-0.8445129990577698, -0.5786861181259155]","[-0.8504472374916077, -0.5846202969551086]","[-1.156381368637085, -0.8905544877052307]",-1,-1.0,train
311,"[[-0.36229920387268066, -0.7994447946548462], [-0.33690881729125977, -0.8816988468170166], [-0.14903204143047333, -0.6909263134002686], [-0.23973701894283295, -0.5559403300285339], [-0.18679432570934296, -0.7339322566986084], [-0.07359296083450317, -0.604388415813446], [-0.018165141344070435, -0.5592507719993591], [0.03978002443909645, -0.2752421796321869]]","[1.0, 0.0, 0.0, 0.0, 0.0, 0.0, 0.0, 1.0]",0,"[-0.42034414410591125, -0.5943958163261414]","[-0.05086316913366318, -0.22491486370563507]","[0.018617792055010796, -0.15543389320373535]",1,1.0,train
312,"[[-1.2183769941329956, -0.5735207200050354], [-1.3097635507583618, -0.7835621237754822], [-1.3507254123687744, -0.8729345202445984], [-1.3168666362762451, -0.5027554035186768], [-1.3563152551651, -0.35233134031295776], [-1.1982035636901855, -0.43813377618789673], [-1.3494806289672852, -0.3806552588939667], [-1.366826057434082, -0.4541004002094269]]","[-1.0, -1.0, 0.0, 0.0, 0.0, 0.0, 1.0, 0.0]",1,"[-1.22166109085083, -0.6704773306846619]","[-1.2169978618621826, -0.6658141613006592]","[-1.5123347043991089, -0.9611509442329407]",0,-1.0,train
313,"[[-1.4291378259658813, -1.181618332862854], [-1.4508219957351685, -1.035315990447998], [-1.2584515810012817, -1.1366870403289795], [-1.1485533714294434, -0.9712557792663574], [-0.9413241147994995, -0.8966341614723206], [-0.8738719820976257, -0.9103251099586487], [-1.2531036138534546, -1.056896686553955], [-1.451892614364624, -1.0356749296188354]]","[1.0, 0.0, -1.0, 0.0, -1.0, 0.0, 1.0, 1.0]",1,"[-1.3522329330444336, -1.2169007062911987]","[-1.334388256072998, -1.1990560293197632]","[-1.6165435314178467, -1.4812113046646118]",0,-1.0,train
314,"[[-1.3733017444610596, -1.3317172527313232], [-1.1687278747558594, -1.2994438409805298], [-1.3262845277786255, -1.1863491535186768], [-1.1280622482299805, -1.1439080238342285], [-1.3623149394989014, -1.3834099769592285], [-1.5190715789794922, -1.5715177059173584], [-1.8001868724822998, -1.7820919752120972], [-2.0651235580444336, -1.9595834016799927]]","[1.0, 0.0, 1.0, 1.0, -1.0, 1.0, 1.0, 1.0]",1,"[-2.0043697357177734, -2.078854560852051]","[-1.957528829574585, -2.0320138931274414]","[-2.2106881141662598, -2.285172939300537]",0,-1.0,train
315,"[[-0.7277187705039978, -1.1518566608428955], [-0.5732287168502808, -1.241275429725647], [-0.4946286678314209, -1.2295398712158203], [-0.5433060526847839, -1.2120935916900635], [-0.7188529968261719, -1.617389440536499], [-0.7444206476211548, -1.3810739517211914], [-1.0361144542694092, -1.4413559436798096], [-0.9053893089294434, -1.2939282655715942]]","[-1.0, 0.0, 0.0, -1.0, 1.0, -1.0, 1.0, 1.0]",0,"[-0.963100016117096, -1.7513377666473389]","[-0.6734052896499634, -1.461643099784851]","[-0.6837106347084045, -1.4719483852386475]",0,1.0,train
316,"[[-1.5963577032089233, -0.6923943758010864], [-1.5846282243728638, -0.5216085314750671], [-1.5591999292373657, -0.5976202487945557], [-1.5120184421539307, -0.5306664109230042], [-1.4661074876785278, -0.46114465594291687], [-1.1839271783828735, -0.41210150718688965], [-0.8481312990188599, -0.26623040437698364], [-0.40615808963775635, -0.44059526920318604]]","[-1.0, 1.0, -1.0, -1.0, 0.0, -1.0, -1.0, 0.0]",1,"[-0.3988766074180603, -0.22954094409942627]","[-0.441240519285202, -0.271904855966568]","[-0.7836044430732727, -0.6142687797546387]",-1,-1.0,train
317,"[[0.02598554454743862, 0.8231804370880127], [0.03325062245130539, 0.8230262398719788], [0.03275829181075096, 0.9144081473350525], [-0.30493566393852234, 0.643111526966095], [-0.35710906982421875, 0.6963050961494446], [-0.5591800212860107, 0.23760142922401428], [-0.5848047733306885, 0.16637590527534485], [-0.5925807952880859, 0.09278684854507446]]","[0.0, -1.0, -1.0, 1.0, -1.0, 1.0, 0.0, 0.0]",1,"[-0.42024511098861694, 0.17468686401844025]","[-0.4625675082206726, 0.13236446678638458]","[-0.8048899173736572, -0.20995794236660004]",-1,-1.0,train
318,"[[-0.7477015256881714, -0.8769167065620422], [-0.7103371024131775, -0.6176456809043884], [-0.9458842873573303, -0.7341444492340088], [-1.0001126527786255, -0.8397953510284424], [-0.9449256658554077, -0.6681097745895386], [-1.0975817441940308, -1.0614324808120728], [-0.9979375004768372, -0.8745195865631104], [-1.02419912815094, -0.9751659631729126]]","[0.0, 0.0, -1.0, 0.0, 1.0, -1.0, 0.0, 1.0]",0,"[-1.2259632349014282, -1.1014189720153809]","[-0.9295156598091125, -0.8049713969230652]","[-0.933068037033081, -0.8085237741470337]",0,1.0,train
319,"[[-1.7278273105621338, -1.113072156906128], [-1.5371307134628296, -0.8719647526741028], [-1.64267098903656, -0.70677250623703], [-1.5982353687286377, -0.6448676586151123], [-1.4999644756317139, -0.6423288583755493], [-1.8132823705673218, -1.200427770614624], [-2.0976195335388184, -1.2763558626174927], [-1.9183869361877441, -1.344728708267212]]","[0.0, 0.0, 1.0, 1.0, 1.0, -1.0, -1.0, 1.0]",0,"[-2.130199670791626, -1.5011333227157593]","[-1.8650654554367065, -1.2359991073608398]","[-1.8999310731887817, -1.2708648443222046]",0,1.0,train
320,"[[-1.27700936794281, -0.9398050904273987], [-1.1397652626037598, -0.8338868021965027], [-1.2828136682510376, -0.8388892412185669], [-1.1798362731933594, -0.7260193228721619], [-1.1068390607833862, -0.7067065238952637], [-1.1051775217056274, -0.6158913373947144], [-1.116791009902954, -0.6691657304763794], [-0.8792105317115784, -0.8639793395996094]]","[1.0, 1.0, 1.0, 1.0, 0.0, 1.0, 0.0, 1.0]",0,"[-1.2033557891845703, -1.2245326042175293]","[-0.8986847996711731, -0.9198616147041321]","[-0.8940138220787048, -0.9151906371116638]",1,1.0,train
321,"[[-0.5765209794044495, -0.14291764795780182], [-0.42805349826812744, -0.31383079290390015], [-0.8019433617591858, -0.6212854981422424], [-1.0847219228744507, -0.8527777791023254], [-0.8785682320594788, -0.8257065415382385], [-0.839802086353302, -0.7028614282608032], [-1.202140212059021, -1.0697548389434814], [-1.3122538328170776, -1.0748859643936157]]","[1.0, 1.0, -1.0, -1.0, 0.0, 1.0, -1.0, 1.0]",0,"[-1.5678443908691406, -1.3024239540100098]","[-1.2825734615325928, -1.017153024673462]","[-1.2973026037216187, -1.0318821668624878]",0,1.0,train
322,"[[-1.4848459959030151, -1.0646003484725952], [-1.731895923614502, -1.3585277795791626], [-1.9246716499328613, -1.5420161485671997], [-1.9441497325897217, -1.4236420392990112], [-2.044295072555542, -1.3575116395950317], [-2.3547778129577637, -1.5119200944900513], [-2.30702543258667, -1.5538671016693115], [-2.5825552940368652, -1.8006564378738403]]","[-1.0, -1.0, 1.0, -1.0, 0.0, 1.0, -1.0, 1.0]",1,"[-2.7241086959838867, -1.8622504472732544]","[-2.6712276935577393, -1.8093693256378174]","[-2.918346643447876, -2.056488275527954]",0,-1.0,train
323,"[[-0.1270860731601715, -0.5620074272155762], [0.2164604812860489, -0.5535628795623779], [0.5122709274291992, -0.4532638192176819], [0.39976948499679565, -0.3325309455394745], [0.2521355152130127, -0.4505888521671295], [0.12313396483659744, -0.30551469326019287], [0.12963829934597015, -0.21040551364421844], [0.42557278275489807, -0.11275181174278259]]","[-1.0, 0.0, -1.0, 0.0, 0.0, 0.0, 0.0, -1.0]",1,"[0.4834575355052948, 0.04059041664004326]","[0.4285610020160675, -0.01430612150579691]","[0.07366446405649185, -0.3692026734352112]",-1,-1.0,train
324,"[[-1.819603681564331, -1.7997465133666992], [-2.107848644256592, -2.0176033973693848], [-1.88905668258667, -1.7317235469818115], [-1.9882527589797974, -1.9212262630462646], [-2.197943687438965, -2.075319766998291], [-2.434783458709717, -2.2119314670562744], [-2.3008925914764404, -2.364959239959717], [-2.2204506397247314, -2.2979769706726074]]","[-1.0, 1.0, -1.0, 1.0, 1.0, 1.0, -1.0, 0.0]",1,"[-2.237853765487671, -2.2177834510803223]","[-2.184091091156006, -2.1640210151672363]","[-2.430328607559204, -2.4102582931518555]",0,-1.0,train
325,"[[-1.6195818185806274, -1.5487312078475952], [-1.6359078884124756, -1.4692156314849854], [-1.7597793340682983, -1.805053949356079], [-1.7956498861312866, -1.7875205278396606], [-1.8769747018814087, -1.51387357711792], [-1.871600866317749, -1.3309249877929688], [-1.9334468841552734, -1.488985538482666], [-2.0907013416290283, -1.818279504776001]]","[1.0, 0.0, 1.0, -1.0, -1.0, 0.0, 1.0, 1.0]",1,"[-2.0571959018707275, -2.019073009490967]","[-2.012000799179077, -1.9738777875900269]","[-2.266805648803711, -2.22868275642395]",0,-1.0,train
326,"[[-0.2646022439002991, -0.4159369468688965], [-0.255286306142807, -0.2367125302553177], [-0.20154313743114471, -0.29548129439353943], [-0.5205579996109009, -0.69057297706604], [-0.3801587224006653, -0.43322330713272095], [-0.3027022182941437, -0.2988937497138977], [-0.3917178213596344, -0.26411187648773193], [-0.4488476812839508, 0.0096959937363863]]","[0.0, 0.0, 0.0, 1.0, 1.0, 1.0, 1.0, 1.0]",0,"[-0.8126548528671265, -0.2050950676202774]","[-0.4584859013557434, 0.14907385408878326]","[-0.4043169617652893, 0.20324279367923737]",1,1.0,train
327,"[[-0.9043990969657898, -1.7732757329940796], [-0.9785595536231995, -1.7338827848434448], [-0.9811145067214966, -1.578538417816162], [-1.0591627359390259, -1.4599308967590332], [-0.9046475291252136, -1.2817243337631226], [-0.9246522784233093, -1.300050139427185], [-1.1974854469299316, -1.4385876655578613], [-1.0123088359832764, -1.351115345954895]]","[0.0, -1.0, -1.0, 0.0, -1.0, -1.0, 1.0, -1.0]",1,"[-0.9738451242446899, -1.2951942682266235]","[-0.9594097137451172, -1.2807589769363403]","[-1.2449743747711182, -1.5663235187530518]",0,-1.0,train
328,"[[-1.0165539979934692, -1.5634098052978516], [-1.2834986448287964, -1.7134255170822144], [-1.3933155536651611, -1.6396265029907227], [-1.2240400314331055, -1.4913053512573242], [-1.1517831087112427, -1.425905466079712], [-1.3371095657348633, -1.5585479736328125], [-1.1694642305374146, -1.4399503469467163], [-1.0261390209197998, -1.4583275318145752]]","[-1.0, 1.0, 0.0, -1.0, 0.0, 1.0, 0.0, 0.0]",1,"[-1.1603230237960815, -1.4058454036712646]","[-1.1424874067306519, -1.3880099058151245]","[-1.424651861190796, -1.670174241065979]",0,-1.0,train
329,"[[-0.9289854168891907, -1.1521949768066406], [-0.8146939277648926, -1.273287296295166], [-0.8230477571487427, -1.0804831981658936], [-0.8839902281761169, -1.322669267654419], [-0.8931598663330078, -1.6396687030792236], [-1.0176068544387817, -1.524941325187683], [-0.895707905292511, -1.4345765113830566], [-0.904979407787323, -1.2855467796325684]]","[-1.0, 0.0, 0.0, 1.0, 1.0, -1.0, 0.0, 0.0]",1,"[-0.9559448957443237, -1.0059106349945068]","[-0.9459170699119568, -0.9958828091621399]","[-1.2358893156051636, -1.2858550548553467]",0,-1.0,train
330,"[[-0.7644954919815063, -0.659260630607605], [-1.0157254934310913, -0.9123958945274353], [-1.1574666500091553, -1.139392614364624], [-1.3965628147125244, -1.2724231481552124], [-1.6248756647109985, -1.5739988088607788], [-1.6249361038208008, -1.5110385417938232], [-1.7669034004211426, -1.3992249965667725], [-2.0216403007507324, -1.511171579360962]]","[0.0, 1.0, 1.0, -1.0, -1.0, 1.0, 0.0, -1.0]",0,"[-2.214355945587158, -1.6922216415405273]","[-1.9538347721099854, -1.4317004680633545]","[-1.9933135509490967, -1.4711792469024658]",0,1.0,train
331,"[[-1.950757622718811, -1.5225039720535278], [-2.164079427719116, -1.5564309358596802], [-2.0055501461029053, -1.4863032102584839], [-1.920762538909912, -1.4146387577056885], [-1.870222568511963, -1.4827362298965454], [-1.7686011791229248, -1.4824014902114868], [-1.5938332080841064, -1.4871821403503418], [-1.3648912906646729, -1.2249765396118164]]","[1.0, 1.0, 0.0, 0.0, 0.0, 0.0, 0.0, 0.0]",0,"[-1.4390037059783936, -1.3578048944473267]","[-1.1585910320281982, -1.0773922204971313]","[-1.1781784296035767, -1.0969794988632202]",0,1.0,train
332,"[[-1.7239054441452026, -0.9950848817825317], [-1.5793790817260742, -0.8700916171073914], [-1.7206470966339111, -1.0639382600784302], [-1.7958425283432007, -1.1114873886108398], [-1.8798414468765259, -1.002779245376587], [-1.6975547075271606, -1.0611233711242676], [-1.46051025390625, -1.0139869451522827], [-1.2538682222366333, -0.9274138808250427]]","[1.0, -1.0, 1.0, 1.0, 0.0, -1.0, -1.0, -1.0]",1,"[-1.3341467380523682, -0.7852187156677246]","[-1.3246128559112549, -0.7756848335266113]","[-1.6150789260864258, -1.0661509037017822]",0,-1.0,train
333,"[[-0.04352620989084244, -0.5669421553611755], [-0.6287673115730286, -0.8883732557296753], [-0.49695533514022827, -0.7910369634628296], [-0.5836669206619263, -0.556427001953125], [-0.40333542227745056, -0.5135220289230347], [-0.3102172315120697, -0.2641337513923645], [-0.2855530381202698, -0.3565223813056946], [-0.5628278851509094, -0.7506117224693298]]","[-1.0, 1.0, -1.0, 0.0, -1.0, -1.0, 0.0, 1.0]",1,"[-0.5208889842033386, -0.6434319615364075]","[-0.54106205701828, -0.6636049747467041]","[-0.8612350225448608, -0.9837779998779297]",-1,-1.0,train
334,"[[0.09475915133953094, -0.6693449020385742], [0.12894092500209808, -0.6459036469459534], [-0.17689378559589386, -0.8990147113800049], [-0.27296748757362366, -0.6817106604576111], [-0.2615234851837158, -0.4990464746952057], [-0.6034260988235474, -0.92435222864151], [-0.5198488831520081, -0.9049606323242188], [-0.5603035688400269, -0.7222945690155029]]","[0.0, 0.0, 1.0, 0.0, 0.0, 1.0, -1.0, 0.0]",1,"[-0.6207520961761475, -0.8098002672195435]","[-0.6423293352127075, -0.8313775658607483]","[-0.9639066457748413, -1.1529548168182373]",-1,-1.0,train
335,"[[-1.3374055624008179, -1.0219128131866455], [-1.64268958568573, -1.3152735233306885], [-1.6834120750427246, -1.396038293838501], [-1.6886976957321167, -1.4784057140350342], [-1.4726121425628662, -1.3977506160736084], [-1.1785539388656616, -1.3422048091888428], [-1.492540955543518, -1.5891066789627075], [-1.438949704170227, -1.4242444038391113]]","[-1.0, -1.0, 1.0, 0.0, 1.0, 0.0, -1.0, 1.0]",0,"[-1.5047082901000977, -1.6135108470916748]","[-1.2304726839065552, -1.3392752408981323]","[-1.2562370300292969, -1.365039587020874]",0,1.0,train
336,"[[-0.8899644613265991, -0.8083109855651855], [-0.730487048625946, -0.6909486055374146], [-0.8925744295120239, -0.8334060311317444], [-1.2980258464813232, -1.0481257438659668], [-1.590227723121643, -1.3617455959320068], [-1.5044283866882324, -1.111392617225647], [-1.2770508527755737, -1.077816128730774], [-1.5324788093566895, -1.3178836107254028]]","[0.0, 1.0, 0.0, -1.0, -1.0, 1.0, 1.0, -1.0]",0,"[-1.7238434553146362, -1.3716952800750732]","[-1.449502944946289, -1.097354769706726]","[-1.475162386894226, -1.123014211654663]",0,1.0,train
337,"[[-1.3341665267944336, -0.6430453062057495], [-1.509675145149231, -0.6374967694282532], [-1.4865258932113647, -0.6572283506393433], [-1.6064013242721558, -0.9151919484138489], [-1.8046735525131226, -1.0956615209579468], [-1.6112678050994873, -1.0262478590011597], [-1.5270835161209106, -1.043692946434021], [-1.6801866292953491, -1.2433775663375854]]","[1.0, 1.0, 0.0, -1.0, -1.0, 0.0, 0.0, -1.0]",1,"[-1.687021017074585, -1.2934221029281616]","[-1.6592638492584229, -1.2656649351119995]","[-1.9315067529678345, -1.5379078388214111]",0,-1.0,train
338,"[[-1.4394018650054932, -1.4245789051055908], [-1.2156563997268677, -1.2813318967819214], [-1.5038503408432007, -1.3512791395187378], [-1.4797106981277466, -1.3843594789505005], [-1.652787208557129, -1.2208683490753174], [-1.4728901386260986, -1.180417537689209], [-1.5925676822662354, -1.2531721591949463], [-1.8284574747085571, -1.3220845460891724]]","[0.0, 0.0, -1.0, 1.0, 1.0, 1.0, -1.0, -1.0]",0,"[-2.0567617416381836, -1.4680932760238647]","[-1.7892905473709106, -1.2006220817565918]","[-1.8218193054199219, -1.233150839805603]",0,1.0,train
339,"[[-0.46164998412132263, -0.10457175225019455], [-0.25927549600601196, -0.057861607521772385], [-0.13057121634483337, 0.14292195439338684], [-0.22372114658355713, -0.02552141062915325], [-0.36271724104881287, -0.2527657449245453], [-0.013452536426484585, -0.36820754408836365], [0.07958581298589706, -0.6022505760192871], [0.08912195265293121, -0.4692961275577545]]","[0.0, 0.0, -1.0, 0.0, 1.0, 1.0, 0.0, 0.0]",0,"[-0.07310725003480911, -0.7244259715080261]","[0.27869415283203125, -0.37262457609176636]","[0.33049553632736206, -0.32082319259643555]",1,1.0,train
340,"[[-0.538472592830658, 0.5069958567619324], [-0.8091976046562195, 0.3737316131591797], [-0.9672553539276123, -0.12192634493112564], [-0.8304464817047119, -0.14639362692832947], [-0.5299798250198364, -0.03324930742383003], [-0.34762850403785706, -0.05052608996629715], [-0.5181623697280884, -0.3525112569332123], [-0.9346596002578735, -0.6699686646461487]]","[1.0, 1.0, 1.0, 0.0, -1.0, -1.0, 1.0, 1.0]",1,"[-0.7124037742614746, -0.6282267570495605]","[-0.7211350798606873, -0.636958122253418]","[-1.0298664569854736, -0.9456894397735596]",-1,-1.0,train
341,"[[-0.9704165458679199, -0.7588749527931213], [-0.9378923773765564, -0.48778843879699707], [-0.8443233370780945, -0.44187846779823303], [-0.7497336268424988, -0.4465946555137634], [-0.8000059723854065, -0.659460186958313], [-0.6544474363327026, -0.5173845887184143], [-0.7276744842529297, -0.33286580443382263], [-1.3795175552368164, -0.698154628276825]]","[-1.0, 0.0, 0.0, 0.0, 1.0, 0.0, 1.0, -1.0]",0,"[-1.6687368154525757, -1.0837373733520508]","[-1.3777376413345337, -0.7927381992340088]","[-1.3867385387420654, -0.8017390966415405]",0,1.0,train
342,"[[-0.36839935183525085, -0.19448018074035645], [-0.4438522160053253, -0.04162701219320297], [-0.3800559639930725, 0.03910958021879196], [-0.5156687498092651, 0.07491600513458252], [-0.39437001943588257, 0.17118990421295166], [-0.44282540678977966, 0.3499969244003296], [-0.4254824221134186, 0.30964815616607666], [-0.28671881556510925, 0.24338093400001526]]","[0.0, -1.0, -1.0, -1.0, 0.0, 0.0, 0.0, -1.0]",0,"[-0.6217244267463684, -0.30816346406936646]","[-0.2612944543361664, 0.05226648598909378]","[-0.2008645087480545, 0.11269643902778625]",1,1.0,train
343,"[[-0.5592880845069885, -0.9273709654808044], [-0.8974621891975403, -1.2499020099639893], [-0.6968746185302734, -1.2076200246810913], [-0.7874118089675903, -1.1232585906982422], [-0.6286419034004211, -1.1139048337936401], [-1.1141060590744019, -1.2976330518722534], [-1.060855746269226, -1.3126839399337769], [-0.8621925115585327, -1.215211033821106]]","[-1.0, 1.0, 0.0, -1.0, -1.0, 1.0, -1.0, -1.0]",1,"[-0.905897319316864, -1.266996145248413]","[-0.8991636633872986, -1.260262370109558]","[-1.1924299001693726, -1.5535286664962769]",0,-1.0,train
344,"[[-0.8445374965667725, -1.6389137506484985], [-0.871805727481842, -1.877224326133728], [-0.9407148957252502, -1.7079524993896484], [-1.0173226594924927, -1.6519224643707275], [-0.9873386025428772, -1.6893737316131592], [-1.278233289718628, -1.889251470565796], [-1.0672565698623657, -1.8877652883529663], [-0.7630773782730103, -1.8521212339401245]]","[1.0, -1.0, 0.0, 0.0, 1.0, -1.0, 0.0, 1.0]",0,"[-0.9644588232040405, -2.086160182952881]","[-0.6895574331283569, -1.8112587928771973]","[-0.7146560549736023, -1.8363573551177979]",0,1.0,train
345,"[[-1.5835882425308228, -1.1355398893356323], [-1.370760202407837, -1.1371095180511475], [-1.2669432163238525, -0.9958915114402771], [-1.2132744789123535, -1.140084981918335], [-1.1715774536132812, -1.1453056335449219], [-1.1570907831192017, -1.1255161762237549], [-1.0940488576889038, -0.9308909177780151], [-1.1158374547958374, -0.9007139801979065]]","[1.0, 0.0, 0.0, -1.0, 0.0, -1.0, 0.0, -1.0]",0,"[-1.4426997900009155, -1.2093396186828613]","[-1.1470973491668701, -0.9137371778488159]","[-1.1514948606491089, -0.9181347489356995]",0,1.0,train
346,"[[0.050789639353752136, -0.6809492111206055], [-0.02202107571065426, -0.6452378630638123], [0.09607789665460587, -0.7644341588020325], [0.16467493772506714, -0.5365244150161743], [0.057793136686086655, -0.4393278956413269], [-0.26304250955581665, -0.531424343585968], [-0.3849680721759796, -0.46729740500450134], [-0.6759321689605713, -0.698944091796875]]","[-1.0, -1.0, -1.0, 0.0, -1.0, 1.0, 0.0, 1.0]",1,"[-0.405811607837677, -0.6029411554336548]","[-0.4240303337574005, -0.6211598515510559]","[-0.742249071598053, -0.9393786191940308]",-1,-1.0,train
347,"[[-0.9266328811645508, -0.44453567266464233], [-1.0912162065505981, -0.6732839941978455], [-1.0081604719161987, -0.565678596496582], [-1.1434717178344727, -0.7036489844322205], [-0.9101725220680237, -0.6995425820350647], [-0.9266250133514404, -0.6266933679580688], [-0.82433021068573, -0.5055860877037048], [-0.6962298154830933, -0.2777935266494751]]","[-1.0, -1.0, 1.0, 0.0, 1.0, 0.0, 0.0, 1.0]",0,"[-1.097435712814331, -0.65948086977005]","[-0.7655912637710571, -0.3276364803314209]","[-0.7337468266487122, -0.2957920730113983]",1,1.0,train
348,"[[-1.8407217264175415, -2.0619149208068848], [-1.7941677570343018, -2.124194622039795], [-1.8012559413909912, -2.274672031402588], [-1.9880105257034302, -1.941456913948059], [-2.227912664413452, -1.9163992404937744], [-2.359452724456787, -1.929809331893921], [-2.268867015838623, -1.9112955331802368], [-2.4230234622955322, -1.9287629127502441]]","[-1.0, 0.0, -1.0, 1.0, -1.0, -1.0, 0.0, -1.0]",0,"[-2.4761672019958496, -2.3304028511047363]","[-2.228069543838501, -2.0823051929473877]","[-2.2799718379974365, -2.1342074871063232]",0,1.0,train
349,"[[-1.6362724304199219, -1.528793215751648], [-1.7602064609527588, -1.7462811470031738], [-1.7814240455627441, -1.7519564628601074], [-1.9058735370635986, -1.882141351699829], [-1.708633542060852, -1.7206989526748657], [-2.0856611728668213, -1.9803178310394287], [-1.9334323406219482, -1.826871633529663], [-2.1481285095214844, -1.9318751096725464]]","[1.0, 1.0, -1.0, 1.0, 0.0, 1.0, -1.0, 1.0]",1,"[-2.055548906326294, -1.810036301612854]","[-2.0078182220458984, -1.7623056173324585]","[-2.260087728500366, -2.0145750045776367]",0,-1.0,train
350,"[[0.11613601446151733, -0.7410045862197876], [-0.1504979133605957, -0.9261654615402222], [-0.02640598639845848, -0.8592594861984253], [-0.08269945532083511, -0.8965338468551636], [-0.14333337545394897, -0.9195791482925415], [-0.49449869990348816, -1.106472373008728], [-0.9138532280921936, -1.455358624458313], [-0.9332615733146667, -1.375313639640808]]","[-1.0, 1.0, -1.0, -1.0, 0.0, 1.0, 1.0, -1.0]",1,"[-0.9283012747764587, -1.3708316087722778]","[-0.9148361682891846, -1.3573665618896484]","[-1.2013710737228394, -1.6439014673233032]",0,-1.0,train
351,"[[-1.2385040521621704, -0.9989372491836548], [-1.2334520816802979, -0.8914389610290527], [-1.1675864458084106, -0.8707324862480164], [-1.5541439056396484, -1.1254035234451294], [-1.536181926727295, -0.9893386363983154], [-1.2036761045455933, -0.9034737944602966], [-1.4677163362503052, -1.0765249729156494], [-1.6824573278427124, -1.1326864957809448]]","[1.0, -1.0, 0.0, 1.0, -1.0, 0.0, 1.0, 1.0]",1,"[-1.5676895380020142, -1.2385919094085693]","[-1.5418140888214111, -1.2127164602279663]","[-1.8159387111663818, -1.486841082572937]",0,-1.0,train
352,"[[-0.908959686756134, -0.008305266499519348], [-1.3578563928604126, -0.37404200434684753], [-1.357590913772583, -0.4268723726272583], [-1.774637222290039, -0.7330467104911804], [-2.1543126106262207, -0.8938484191894531], [-2.0908212661743164, -0.7776623368263245], [-1.9980231523513794, -0.9175968170166016], [-1.932098388671875, -0.7947912216186523]]","[1.0, -1.0, 0.0, -1.0, -1.0, 0.0, 0.0, 0.0]",1,"[-1.832396149635315, -0.8005390763282776]","[-1.8046698570251465, -0.7728128433227539]","[-2.0769436359405518, -1.0450865030288696]",0,-1.0,train
353,"[[-0.9501436352729797, -0.5834081172943115], [-1.0109657049179077, -0.5017688870429993], [-1.2983427047729492, -0.7247723937034607], [-1.6421228647232056, -0.9967405796051025], [-1.463240146636963, -0.9532438516616821], [-1.6083346605300903, -1.1043119430541992], [-1.4502462148666382, -1.0839813947677612], [-1.6712770462036133, -1.117258906364441]]","[0.0, 0.0, -1.0, -1.0, 0.0, -1.0, 0.0, -1.0]",0,"[-1.9340503215789795, -1.3772245645523071]","[-1.659372329711914, -1.1025465726852417]","[-1.6846944093704224, -1.12786865234375]",0,1.0,train
354,"[[-1.1313942670822144, -0.387430340051651], [-1.380311131477356, -0.6999996304512024], [-1.5195127725601196, -0.9335116147994995], [-1.3520020246505737, -0.9685735106468201], [-1.2573559284210205, -0.9216254949569702], [-1.3071898221969604, -0.9259911179542542], [-1.2282265424728394, -0.8066256046295166], [-1.3158767223358154, -0.8468542695045471]]","[1.0, -1.0, -1.0, -1.0, 0.0, -1.0, 0.0, -1.0]",1,"[-1.178902268409729, -0.8097730278968811]","[-1.1691614389419556, -0.8000321388244629]","[-1.4594205617904663, -1.0902912616729736]",0,-1.0,train
355,"[[-1.545859456062317, -0.7409971952438354], [-1.760981559753418, -1.0551483631134033], [-1.701924204826355, -0.8483529090881348], [-2.060523748397827, -1.3123745918273926], [-1.774956464767456, -1.4114834070205688], [-1.508832335472107, -1.306356430053711], [-1.7439512014389038, -1.5835314989089966], [-1.498922348022461, -1.5303809642791748]]","[0.0, 1.0, 0.0, 1.0, 0.0, 0.0, 1.0, -1.0]",1,"[-1.4945648908615112, -1.4191269874572754]","[-1.4652749300003052, -1.3898370265960693]","[-1.7359850406646729, -1.660547137260437]",0,-1.0,train
356,"[[-0.7437238097190857, -1.4033266305923462], [-0.7014287114143372, -1.2946035861968994], [-0.7282829880714417, -1.2155818939208984], [-0.7543879151344299, -1.131398320198059], [-0.8930338621139526, -1.084928035736084], [-0.8743457794189453, -0.8489739894866943], [-0.8133782148361206, -0.862399160861969], [-1.34014892578125, -1.0913186073303223]]","[1.0, -1.0, -1.0, 0.0, -1.0, -1.0, 0.0, 1.0]",0,"[-1.4971516132354736, -1.2260181903839111]","[-1.2130416631698608, -0.9419083595275879]","[-1.2289319038391113, -0.9577984809875488]",0,1.0,train
357,"[[-1.7115423679351807, -0.9346757531166077], [-1.7649508714675903, -0.9316945672035217], [-1.7183361053466797, -1.2951915264129639], [-1.9627505540847778, -1.4435728788375854], [-1.8616172075271606, -1.2701776027679443], [-1.8552051782608032, -1.6999775171279907], [-1.8198198080062866, -1.7275630235671997], [-1.7323229312896729, -1.6670511960983276]]","[-1.0, -1.0, -1.0, -1.0, 1.0, -1.0, 1.0, 0.0]",0,"[-1.9677172899246216, -1.9693562984466553]","[-1.704188346862793, -1.7058273553848267]","[-1.740659475326538, -1.7422983646392822]",0,1.0,train
358,"[[0.30687105655670166, 0.04238852486014366], [0.24083980917930603, 0.04004305228590965], [0.20339299738407135, 0.34467101097106934], [-0.24439507722854614, -0.10905525833368301], [-0.6670846343040466, -0.539956271648407], [-0.618391215801239, -0.6317190527915955], [-0.49805811047554016, -0.5173512697219849], [-0.8382837176322937, -0.6025160551071167]]","[1.0, 0.0, 0.0, -1.0, -1.0, 1.0, 0.0, -1.0]",0,"[-1.370666265487671, -0.7889285683631897]","[-1.055777668952942, -0.4740399122238159]","[-1.040889024734497, -0.4591512680053711]",1,1.0,train
359,"[[-1.1492310762405396, -2.1538450717926025], [-1.1554234027862549, -2.1121022701263428], [-1.3313523530960083, -2.0895586013793945], [-1.2206358909606934, -2.0945639610290527], [-1.3239502906799316, -2.0439071655273438], [-1.6633007526397705, -2.4546003341674805], [-1.4861946105957031, -2.353665351867676], [-1.657232642173767, -2.595167875289917]]","[-1.0, 0.0, -1.0, 1.0, 1.0, -1.0, 1.0, -1.0]",1,"[-1.749373435974121, -2.4097251892089844]","[-1.6978145837783813, -2.358166456222534]","[-1.9462558031082153, -2.606607675552368]",0,-1.0,train
360,"[[-0.7452377676963806, -0.5899250507354736], [-0.8904592990875244, -1.1088796854019165], [-1.0121724605560303, -1.3008934259414673], [-0.7662187218666077, -1.3484898805618286], [-0.7957921624183655, -1.3058370351791382], [-0.7249730229377747, -1.1443647146224976], [-0.6687434911727905, -1.1783300638198853], [-0.6068944334983826, -1.1669223308563232]]","[-1.0, -1.0, -1.0, 0.0, 0.0, 1.0, 0.0, 0.0]",0,"[-0.7788194417953491, -1.4020791053771973]","[-0.47800377011299133, -1.101263403892517]","[-0.4771881103515625, -1.1004477739334106]",1,1.0,train
361,"[[-0.44615402817726135, -0.3374500274658203], [-0.6559765338897705, -0.23525963723659515], [-0.6090419292449951, 0.004130175337195396], [-0.5248645544052124, 0.07219435274600983], [-0.4044841527938843, 0.32424911856651306], [-0.38539016246795654, 0.28126752376556396], [-0.799720048904419, -0.16441519558429718], [-0.6900191307067871, -0.07082496583461761]]","[0.0, 1.0, 0.0, 0.0, 1.0, 0.0, -1.0, 1.0]",0,"[-0.976306140422821, -0.373691201210022]","[-0.6406840085983276, -0.03806910291314125]","[-0.6050618886947632, -0.002446993486955762]",1,1.0,train
362,"[[-0.31001144647598267, -0.48154452443122864], [-0.10288649797439575, -0.3910621106624603], [-0.4845186173915863, -0.5922122597694397], [-0.41085341572761536, -0.46156781911849976], [-0.7019461393356323, -0.7402246594429016], [-1.120585322380066, -1.1020430326461792], [-1.2556918859481812, -0.9117562770843506], [-1.3762445449829102, -0.6529513001441956]]","[1.0, 1.0, -1.0, 1.0, -1.0, -1.0, 0.0, 1.0]",0,"[-1.5196866989135742, -0.9979010224342346]","[-1.227773666381836, -0.7059879899024963]","[-1.2358605861663818, -0.7140749096870422]",0,1.0,train
363,"[[-0.675786018371582, -0.6624701023101807], [-0.6617067456245422, -0.6697976589202881], [-0.877088725566864, -0.9660881161689758], [-1.1719331741333008, -1.216367244720459], [-0.9577452540397644, -1.3483816385269165], [-1.0228817462921143, -1.5923643112182617], [-1.2529256343841553, -1.3430678844451904], [-1.3172858953475952, -1.126758098602295]]","[0.0, -1.0, 1.0, 1.0, 0.0, -1.0, 0.0, 1.0]",0,"[-1.7335666418075562, -1.539528727531433]","[-1.4496420621871948, -1.2556041479110718]","[-1.4657174348831177, -1.2716795206069946]",0,1.0,train
364,"[[-1.0646792650222778, -0.6921325325965881], [-1.0358262062072754, -0.47825270891189575], [-1.1000466346740723, -0.47216352820396423], [-1.1576820611953735, -0.29653793573379517], [-1.370589256286621, -0.5790277123451233], [-1.486749529838562, -0.5457056760787964], [-1.6564443111419678, -0.7050958871841431], [-1.5687628984451294, -0.7402477264404297]]","[1.0, 0.0, 0.0, 0.0, -1.0, 1.0, -1.0, 0.0]",0,"[-1.981447696685791, -1.103043556213379]","[-1.6975661516189575, -0.8191618919372559]","[-1.7136844396591187, -0.8352802991867065]",0,1.0,train
365,"[[-0.71567702293396, -0.7486193776130676], [-0.7208426594734192, -0.6038371920585632], [-0.7336344718933105, -0.4548405408859253], [-0.8171883821487427, -0.9144842624664307], [-0.7304791808128357, -0.7458900809288025], [-0.7758268117904663, -0.9121143221855164], [-0.8010962009429932, -1.0040768384933472], [-0.967227041721344, -1.5183522701263428]]","[0.0, 1.0, 1.0, -1.0, 1.0, 1.0, 1.0, -1.0]",0,"[-1.2315685749053955, -1.6228077411651611]","[-0.9499984979629517, -1.3412376642227173]","[-0.9684284329414368, -1.3596676588058472]",0,1.0,train
366,"[[-0.8644139170646667, -1.4382565021514893], [-0.9094177484512329, -1.4832066297531128], [-1.3708972930908203, -1.7756544351577759], [-1.4302235841751099, -1.778799295425415], [-1.3017494678497314, -1.500048041343689], [-1.3153467178344727, -1.465639591217041], [-1.2841585874557495, -1.5628093481063843], [-1.477832317352295, -1.5652841329574585]]","[0.0, -1.0, -1.0, 1.0, 1.0, 0.0, 0.0, -1.0]",0,"[-1.7044451236724854, -1.7510862350463867]","[-1.4340413808822632, -1.4806824922561646]","[-1.4636377096176147, -1.5102788209915161]",0,1.0,train
367,"[[-0.67299884557724, -0.12947899103164673], [-0.8825855851173401, -0.41933751106262207], [-0.99104243516922, -0.3459891080856323], [-0.9197352528572083, -0.45245596766471863], [-0.9935543537139893, -0.25257858633995056], [-1.3145716190338135, -0.6186652779579163], [-1.232818365097046, -0.632560670375824], [-1.1855913400650024, -0.5409553647041321]]","[1.0, 1.0, -1.0, 0.0, 0.0, 1.0, 0.0, 0.0]",1,"[-1.184643268585205, -0.6035415530204773]","[-1.1860129833221436, -0.604911208152771]","[-1.4873825311660767, -0.9062808156013489]",-1,-1.0,train
368,"[[-0.43399685621261597, -0.35597479343414307], [-0.8538216948509216, -0.7293565273284912], [-0.6745791435241699, -0.7261057496070862], [-0.7192575335502625, -1.096826195716858], [-0.7575935125350952, -0.7376551032066345], [-0.7124261856079102, -0.6816796064376831], [-0.6799935698509216, -0.6865931153297424], [-1.056235671043396, -1.0504817962646484]]","[1.0, 1.0, -1.0, 1.0, -1.0, -1.0, -1.0, 1.0]",1,"[-0.8355551362037659, -1.175705075263977]","[-0.8288347721099854, -1.1689847707748413]","[-1.1221144199371338, -1.4622644186019897]",0,-1.0,train
369,"[[-0.30518412590026855, -0.9571199417114258], [-0.6137018203735352, -1.26922607421875], [-0.9051254987716675, -1.4278366565704346], [-1.2320767641067505, -1.7758339643478394], [-1.386694312095642, -1.9663500785827637], [-1.5546531677246094, -2.3107895851135254], [-1.9033069610595703, -2.5510542392730713], [-2.034254312515259, -2.5448663234710693]]","[-1.0, -1.0, -1.0, 1.0, -1.0, -1.0, -1.0, -1.0]",0,"[-2.042951822280884, -2.5478551387786865]","[-1.797858476638794, -2.3027617931365967]","[-1.8527652025222778, -2.357668399810791]",0,1.0,train
370,"[[-0.8390611410140991, -1.3186568021774292], [-1.07733952999115, -1.6852537393569946], [-0.9803645014762878, -1.5985691547393799], [-0.7165096998214722, -1.3780120611190796], [-0.5337488651275635, -1.1408770084381104], [-0.8754764199256897, -1.324186086654663], [-0.8866475224494934, -1.4288063049316406], [-0.9072899222373962, -1.433539867401123]]","[0.0, -1.0, 0.0, 0.0, 0.0, -1.0, 1.0, 0.0]",0,"[-1.0909483432769775, -1.6609725952148438]","[-0.805686354637146, -1.3757106065750122]","[-0.8204243779182434, -1.3904485702514648]",0,1.0,train
371,"[[-0.26239389181137085, -1.148215889930725], [-0.4445696175098419, -0.9617438912391663], [-0.7132825255393982, -1.3064419031143188], [-0.6928215026855469, -1.2114214897155762], [-1.034172534942627, -1.4720028638839722], [-1.2806769609451294, -1.655944585800171], [-1.5478225946426392, -1.8871608972549438], [-1.4333373308181763, -1.9881258010864258]]","[0.0, -1.0, 1.0, -1.0, 1.0, 1.0, 1.0, 0.0]",1,"[-1.2871390581130981, -1.8935602903366089]","[-1.2494748830795288, -1.855896234512329]","[-1.5118107795715332, -2.118232011795044]",0,-1.0,train
372,"[[-0.547733724117279, -1.0367686748504639], [-0.5430650115013123, -1.2624582052230835], [-0.444313645362854, -1.2621783018112183], [-0.625311553478241, -1.0897210836410522], [-0.7574897408485413, -1.2993826866149902], [-1.1567885875701904, -1.42813241481781], [-0.9541712999343872, -1.3653061389923096], [-1.0299501419067383, -1.7918617725372314]]","[1.0, 0.0, 0.0, 1.0, -1.0, -1.0, 0.0, -1.0]",0,"[-1.401159405708313, -2.262207269668579]","[-1.1282118558883667, -1.9892597198486328]","[-1.1552643775939941, -2.01631236076355]",0,1.0,train
373,"[[-0.36938712000846863, -0.6707251667976379], [-0.7309514284133911, -0.915673017501831], [-1.0494264364242554, -1.0630391836166382], [-0.91960209608078, -1.0690586566925049], [-1.0975351333618164, -1.2183476686477661], [-1.1053873300552368, -1.110471248626709], [-1.4424641132354736, -1.2359576225280762], [-1.2799345254898071, -1.2195223569869995]]","[1.0, 1.0, 1.0, -1.0, 1.0, 0.0, 1.0, -1.0]",1,"[-1.2435758113861084, -1.2725040912628174]","[-1.2262756824493408, -1.2552040815353394]","[-1.508975625038147, -1.5379040241241455]",0,-1.0,train
374,"[[0.02895098365843296, -0.4031819701194763], [-0.12734204530715942, -0.3530117869377136], [-0.6744615435600281, -0.5727534890174866], [-1.0346614122390747, -0.9043992161750793], [-1.0862752199172974, -0.7790672779083252], [-0.8605180382728577, -0.6845282912254333], [-1.0424919128417969, -0.9153760075569153], [-1.343408465385437, -1.2309374809265137]]","[1.0, 0.0, -1.0, -1.0, 0.0, 0.0, -1.0, -1.0]",0,"[-1.4900188446044922, -1.5663840770721436]","[-1.2091999053955078, -1.2855650186538696]","[-1.228380799293518, -1.3047460317611694]",0,1.0,train
375,"[[-0.47775307297706604, -1.2262976169586182], [-0.7421411871910095, -1.30803644657135], [-1.0665267705917358, -1.4473817348480225], [-1.4281673431396484, -1.5330442190170288], [-1.2380332946777344, -1.4619982242584229], [-1.457671880722046, -1.5324320793151855], [-1.6444110870361328, -1.9393013715744019], [-1.5601965188980103, -1.922774076461792]]","[-1.0, 1.0, 1.0, 1.0, 0.0, 1.0, 1.0, -1.0]",1,"[-1.60454261302948, -1.7018401622772217]","[-1.5662460327148438, -1.6635435819625854]","[-1.8279494047164917, -1.9252469539642334]",0,-1.0,train
376,"[[-0.8329135179519653, -1.1260285377502441], [-1.1253527402877808, -1.2995696067810059], [-1.1066677570343018, -1.099906086921692], [-0.949871301651001, -1.07639479637146], [-1.4095677137374878, -1.2928838729858398], [-1.1520122289657593, -1.1113706827163696], [-1.1813775300979614, -1.1765702962875366], [-1.0213074684143066, -1.0568444728851318]]","[-1.0, -1.0, 0.0, 0.0, -1.0, 0.0, 1.0, 1.0]",1,"[-0.854831874370575, -1.009816288948059]","[-0.8489369750022888, -1.003921389579773]","[-1.1430420875549316, -1.298026442527771]",0,-1.0,train
377,"[[-1.255013346672058, -1.3800874948501587], [-1.4330958127975464, -1.6733018159866333], [-1.304547905921936, -1.5084954500198364], [-0.9330135583877563, -1.2204028367996216], [-0.8003301024436951, -1.3110300302505493], [-1.007045865058899, -1.6285239458084106], [-0.9837191700935364, -1.4545878171920776], [-0.7915289998054504, -1.322859764099121]]","[0.0, 1.0, -1.0, 0.0, 0.0, 1.0, 0.0, 0.0]",1,"[-0.6543936133384705, -1.2563329935073853]","[-0.6455734372138977, -1.2475128173828125]","[-0.9367532730102539, -1.5386927127838135]",0,-1.0,train
378,"[[-2.514977216720581, -1.6204886436462402], [-2.325162649154663, -1.6744065284729004], [-2.5331919193267822, -1.7455060482025146], [-2.6527576446533203, -1.9869292974472046], [-2.6929402351379395, -1.8698025941848755], [-2.4085283279418945, -1.8317512273788452], [-2.3662474155426025, -1.6069209575653076], [-2.566042423248291, -1.7639391422271729]]","[-1.0, -1.0, 1.0, 1.0, -1.0, -1.0, -1.0, 1.0]",1,"[-2.48683500289917, -1.7180651426315308]","[-2.4346086978912354, -1.6658388376235962]","[-2.682382583618164, -1.9136126041412354]",0,-1.0,train
379,"[[-1.2763930559158325, -0.6470344662666321], [-1.1948213577270508, -0.7149465084075928], [-1.0932977199554443, -0.7827930450439453], [-1.3465608358383179, -1.032703161239624], [-1.2506946325302124, -0.8555710911750793], [-1.2906094789505005, -0.8412262797355652], [-1.1266372203826904, -0.8919632434844971], [-1.0925041437149048, -1.0016049146652222]]","[-1.0, 0.0, 0.0, -1.0, 1.0, 1.0, 1.0, 1.0]",0,"[-1.0819568634033203, -0.9887887835502625]","[-0.7883675694465637, -0.6951994299888611]","[-0.7947782278060913, -0.7016101479530334]",0,1.0,train
380,"[[-1.7920739650726318, -1.355974793434143], [-1.4654709100723267, -1.3056710958480835], [-1.356778621673584, -1.1714184284210205], [-1.3553065061569214, -1.1777342557907104], [-1.2490912675857544, -1.0541088581085205], [-1.2478715181350708, -1.247706651687622], [-1.4364726543426514, -1.6511930227279663], [-1.37099027633667, -1.3660447597503662]]","[-1.0, 0.0, -1.0, -1.0, -1.0, 1.0, 1.0, 0.0]",1,"[-1.6006202697753906, -1.3502846956253052]","[-1.5776728391647339, -1.3273372650146484]","[-1.8547253608703613, -1.6043897867202759]",0,-1.0,train
381,"[[0.4584848880767822, -0.48198479413986206], [0.47992759943008423, -0.5372607707977295], [0.36050131916999817, -0.6760218739509583], [0.43161800503730774, -0.5791034698486328], [0.40162035822868347, -0.6164526343345642], [0.4596680998802185, -0.47785669565200806], [0.06763830780982971, -0.760248601436615], [-0.05997003987431526, -0.730864405632019]]","[1.0, 1.0, 0.0, -1.0, 0.0, 0.0, 1.0, 1.0]",0,"[-0.3182918131351471, -1.0418000221252441]","[0.01463585440069437, -0.708872377872467]","[0.047563523054122925, -0.6759447455406189]",1,1.0,train
382,"[[-0.9547892808914185, -0.7271439433097839], [-1.300858497619629, -1.0036120414733887], [-0.9243736863136292, -1.1144835948944092], [-0.905346691608429, -1.02104651927948], [-0.6973729729652405, -1.013443112373352], [-0.862971305847168, -1.3868112564086914], [-1.031317114830017, -1.6344345808029175], [-0.907605767250061, -1.4657742977142334]]","[0.0, 1.0, 0.0, 0.0, 0.0, 1.0, 1.0, 0.0]",1,"[-0.8635140061378479, -1.542242169380188]","[-0.8477775454521179, -1.526505708694458]","[-1.132041096687317, -1.8107692003250122]",0,-1.0,train
383,"[[-2.4001007080078125, -2.103512763977051], [-2.422407388687134, -2.489649772644043], [-2.5040454864501953, -2.6066083908081055], [-2.23524808883667, -2.5453619956970215], [-2.1567792892456055, -2.4650864601135254], [-1.9187530279159546, -2.3569045066833496], [-2.033684015274048, -2.3088765144348145], [-1.9049906730651855, -2.3032453060150146]]","[-1.0, -1.0, -1.0, 1.0, 1.0, 0.0, 1.0, 0.0]",0,"[-1.9140489101409912, -2.348803758621216]","[-1.6638277769088745, -2.0985827445983887]","[-1.713606595993042, -2.1483614444732666]",0,1.0,train
384,"[[-0.6431875824928284, -0.7783624529838562], [-0.7767613530158997, -1.18323814868927], [-0.7474448084831238, -1.2702597379684448], [-0.5618283152580261, -1.170629620552063], [-0.5354623198509216, -1.2507187128067017], [-0.6880295276641846, -1.5764437913894653], [-0.5366630554199219, -1.3783196210861206], [-0.3651106357574463, -1.362542748451233]]","[-1.0, -1.0, 0.0, 1.0, 1.0, -1.0, 0.0, 1.0]",0,"[-0.6892999410629272, -1.6721470355987549]","[-0.392698734998703, -1.375545859336853]","[-0.3960975110530853, -1.3789446353912354]",0,1.0,train
385,"[[-1.1588703393936157, -0.3534126281738281], [-1.13845956325531, -0.33258622884750366], [-0.8299561142921448, -0.5447752475738525], [-0.8774368166923523, -0.39891067147254944], [-1.1709487438201904, -0.5435595512390137], [-1.5324749946594238, -0.5858651995658875], [-1.7411078214645386, -0.7528857588768005], [-1.6563817262649536, -0.7575342655181885]]","[1.0, -1.0, 0.0, -1.0, 1.0, 1.0, 1.0, -1.0]",1,"[-1.5997092723846436, -0.7788440585136414]","[-1.5805517435073853, -0.7596864700317383]","[-1.8613941669464111, -1.0405290126800537]",0,-1.0,train
386,"[[0.3185923099517822, -0.24621771275997162], [0.4148603081703186, -0.013804741203784943], [0.3078889846801758, -0.057100966572761536], [0.2467690259218216, -0.25053587555885315], [-0.22167620062828064, -0.5425735712051392], [-0.15991318225860596, -0.593801736831665], [-0.25900179147720337, -0.5611186027526855], [-0.6494287848472595, -0.9283545017242432]]","[0.0, 1.0, 0.0, 0.0, -1.0, 0.0, 0.0, 1.0]",0,"[-0.8040574193000793, -1.2052299976348877]","[-0.4944639801979065, -0.8956365585327148]","[-0.4848705530166626, -0.886043131351471]",1,1.0,train
387,"[[-0.8935611248016357, -0.973663866519928], [-1.1422663927078247, -1.3024858236312866], [-1.198782205581665, -1.037867784500122], [-1.20365309715271, -1.1378830671310425], [-1.4581048488616943, -1.5672087669372559], [-1.429980754852295, -1.6788115501403809], [-1.318353533744812, -1.594973087310791], [-1.2138442993164062, -1.5337517261505127]]","[-1.0, 1.0, 0.0, 1.0, -1.0, -1.0, -1.0, -1.0]",1,"[-1.2582964897155762, -1.6116101741790771]","[-1.2346878051757812, -1.5880014896392822]","[-1.5110790729522705, -1.8643927574157715]",0,-1.0,train
388,"[[-1.517313838005066, -1.7219804525375366], [-1.6622250080108643, -2.0891072750091553], [-1.6379517316818237, -2.193392038345337], [-1.6448822021484375, -2.3604400157928467], [-1.8721998929977417, -2.345240592956543], [-1.6727485656738281, -2.2669336795806885], [-1.3560240268707275, -2.093984365463257], [-1.4845852851867676, -1.89113187789917]]","[1.0, -1.0, 1.0, -1.0, -1.0, 1.0, 0.0, 1.0]",0,"[-1.6842485666275024, -2.0707943439483643]","[-1.4207215309143066, -1.807267427444458]","[-1.4571946859359741, -1.843740463256836]",0,1.0,train
389,"[[-0.8907857537269592, -1.4985839128494263], [-1.0189424753189087, -1.8168160915374756], [-0.9050838947296143, -1.8308331966400146], [-0.9883230924606323, -1.67804753780365], [-1.2104274034500122, -1.940537691116333], [-1.2731835842132568, -2.165432929992676], [-1.4319396018981934, -2.141650915145874], [-1.6549832820892334, -2.358710289001465]]","[-1.0, -1.0, 0.0, 0.0, -1.0, -1.0, -1.0, -1.0]",0,"[-1.640467882156372, -2.632235288619995]","[-1.3880383968353271, -2.379805564880371]","[-1.4356087446212769, -2.4273760318756104]",0,1.0,train
390,"[[-1.8869701623916626, -1.1268435716629028], [-2.1707923412323, -1.435618281364441], [-2.1427078247070312, -1.5410468578338623], [-2.316911458969116, -1.8143142461776733], [-2.329463481903076, -1.7065186500549316], [-2.2044949531555176, -1.6414721012115479], [-1.8543596267700195, -1.5178797245025635], [-2.0286788940429688, -1.7101138830184937]]","[-1.0, 1.0, 0.0, 1.0, -1.0, -1.0, 0.0, 1.0]",1,"[-1.8504564762115479, -1.5815256834030151]","[-1.807906985282898, -1.5389761924743652]","[-2.0653574466705322, -1.7964266538619995]",0,-1.0,train
391,"[[-1.0334237813949585, -0.2694198191165924], [-1.1689127683639526, -0.492404043674469], [-1.015869140625, -0.3811521828174591], [-0.889029324054718, -0.41328802704811096], [-0.7898051738739014, -0.23091687262058258], [-0.8145397305488586, -0.04673559218645096], [-0.944331705570221, -0.06838291138410568], [-1.0260629653930664, -0.21706706285476685]]","[1.0, -1.0, 0.0, 0.0, 0.0, 1.0, 1.0, 0.0]",0,"[-1.3708546161651611, -0.6306750774383545]","[-1.056854248046875, -0.3166746497154236]","[-1.042853832244873, -0.30267420411109924]",1,1.0,train
392,"[[-0.577530562877655, -1.264114499092102], [-0.5332062244415283, -1.2034142017364502], [-0.83811354637146, -1.5733859539031982], [-1.1097290515899658, -1.7388566732406616], [-1.0930733680725098, -1.4043813943862915], [-0.9690645337104797, -1.5279463529586792], [-0.9806060791015625, -1.7565637826919556], [-1.0216705799102783, -1.4753082990646362]]","[-1.0, -1.0, 1.0, 1.0, -1.0, 0.0, 1.0, -1.0]",1,"[-1.0846397876739502, -1.411014437675476]","[-1.0664082765579224, -1.3927830457687378]","[-1.3481768369674683, -1.6745516061782837]",0,-1.0,train
393,"[[-0.35728996992111206, -0.08452185988426208], [-0.14366118609905243, 0.027605459094047546], [-0.10633885115385056, 0.15639689564704895], [-0.23868919909000397, -0.2819640338420868], [-0.26446256041526794, -0.30055126547813416], [-0.4892529845237732, -0.80357426404953], [-0.42182067036628723, -0.6598953008651733], [-0.43512600660324097, -0.44657251238822937]]","[-1.0, -1.0, 1.0, 1.0, 0.0, -1.0, 1.0, 1.0]",0,"[-0.6752448678016663, -1.052638053894043]","[-0.3346603214740753, -0.7120534181594849]","[-0.29407575726509094, -0.6714689135551453]",1,1.0,train
394,"[[-1.6834701299667358, -0.9111247062683105], [-1.7018792629241943, -0.8412313461303711], [-1.8294098377227783, -0.8155576586723328], [-1.6179776191711426, -0.764201283454895], [-1.8432180881500244, -0.8982545137405396], [-1.532654881477356, -1.000988245010376], [-1.4937186241149902, -1.0048550367355347], [-1.8921434879302979, -1.4122869968414307]]","[0.0, 1.0, -1.0, 0.0, -1.0, 1.0, 1.0, -1.0]",0,"[-2.230973720550537, -1.3472052812576294]","[-1.9663236141204834, -1.0825551748275757]","[-2.001673460006714, -1.1179050207138062]",0,1.0,train
395,"[[-0.9704402685165405, -0.43272414803504944], [-1.1201242208480835, -0.31782734394073486], [-1.1333640813827515, -0.30651339888572693], [-1.1782281398773193, -0.3313038945198059], [-1.5094118118286133, -0.7249554991722107], [-1.8458257913589478, -0.8405765295028687], [-2.0126101970672607, -1.2046092748641968], [-1.9285749197006226, -1.4081997871398926]]","[1.0, 0.0, -1.0, 0.0, 1.0, 1.0, 1.0, 1.0]",0,"[-2.1019175052642822, -1.4766368865966797]","[-1.8379696607589722, -1.2126891613006592]","[-1.8740218877792358, -1.2487413883209229]",0,1.0,train
396,"[[-2.300006866455078, -1.6108503341674805], [-2.1943352222442627, -1.5210981369018555], [-2.078005790710449, -1.3465324640274048], [-2.0054116249084473, -1.0412057638168335], [-2.152181386947632, -0.9759009480476379], [-1.9024271965026855, -0.8817538022994995], [-1.769487977027893, -0.7576793432235718], [-1.8872082233428955, -0.5851664543151855]]","[1.0, 1.0, 0.0, 0.0, 0.0, 0.0, 1.0, -1.0]",0,"[-2.1531453132629395, -1.0191346406936646]","[-1.8773859739303589, -0.7433752417564392]","[-1.9016265869140625, -0.7676159143447876]",0,1.0,train
397,"[[-0.14566384255886078, 0.1269957572221756], [-0.18744494020938873, 0.20367871224880219], [-0.416251003742218, 0.16201230883598328], [-0.6208817958831787, 0.21995121240615845], [-0.5056153535842896, 0.3416231572628021], [-0.6722777485847473, 0.06612052768468857], [-0.6399783492088318, -0.0034938675817102194], [-0.6752873659133911, 0.07474380731582642]]","[0.0, 1.0, 0.0, 1.0, 1.0, -1.0, 0.0, -1.0]",1,"[-0.5831234455108643, 0.1491723507642746]","[-0.619731605052948, 0.11256418377161026]","[-0.9563397765159607, -0.22404398024082184]",-1,-1.0,train
398,"[[-1.3916434049606323, -0.8008049726486206], [-1.5261961221694946, -0.7622599601745605], [-1.405938744544983, -0.7571403980255127], [-1.4132920503616333, -0.9179440140724182], [-1.2266716957092285, -0.8645256757736206], [-1.260199785232544, -0.5855904221534729], [-1.103665828704834, -0.5182294249534607], [-1.2821470499038696, -0.7019027471542358]]","[0.0, 0.0, -1.0, -1.0, -1.0, -1.0, -1.0, 1.0]",1,"[-1.2505640983581543, -0.6893013119697571]","[-1.2450017929077148, -0.6837390065193176]","[-1.5394394397735596, -0.9781767129898071]",0,-1.0,train
399,"[[-1.0749973058700562, -0.22124165296554565], [-1.1854381561279297, -0.45925551652908325], [-1.4887900352478027, -0.7072483897209167], [-1.2561029195785522, -0.7696167230606079], [-1.0358251333236694, -0.7450429797172546], [-1.1708664894104004, -0.5028395652770996], [-1.0471391677856445, -0.46984338760375977], [-1.0475980043411255, -0.6608659625053406]]","[-1.0, -1.0, -1.0, 1.0, 0.0, 0.0, 1.0, -1.0]",0,"[-1.276166319847107, -0.9661765098571777]","[-0.9717800617218018, -0.6617902517318726]","[-0.9673938155174255, -0.6574040055274963]",1,1.0,train
400,"[[-0.3490411043167114, -0.5294414162635803], [-0.2402026653289795, -0.6682474613189697], [-0.7370011210441589, -1.0397982597351074], [-0.9815331697463989, -1.3496854305267334], [-0.8204795122146606, -1.0868998765945435], [-0.6795055866241455, -1.137570858001709], [-0.8920850157737732, -1.2044248580932617], [-1.1970337629318237, -1.3665512800216675]]","[1.0, 1.0, -1.0, -1.0, 0.0, 1.0, -1.0, -1.0]",0,"[-1.2670025825500488, -1.6865322589874268]","[-0.9859989881515503, -1.4055285453796387]","[-1.004995346069336, -1.4245249032974243]",0,1.0,test
401,"[[-0.8796098828315735, -1.6293396949768066], [-1.2019661664962769, -1.6086633205413818], [-1.170951008796692, -1.5034847259521484], [-1.1686729192733765, -1.4919778108596802], [-0.9485738277435303, -1.4545598030090332], [-0.9541165828704834, -1.2781602144241333], [-1.224259376525879, -1.3591089248657227], [-1.0376381874084473, -1.3347746133804321]]","[1.0, -1.0, 1.0, 1.0, 1.0, 0.0, -1.0, 0.0]",0,"[-1.147233486175537, -1.3769354820251465]","[-0.8617562055587769, -1.0914582014083862]","[-0.8762789368629456, -1.1059808731079102]",0,1.0,test
402,"[[-1.524416208267212, -1.4413403272628784], [-1.4371086359024048, -1.2397927045822144], [-1.371170997619629, -1.1754798889160156], [-1.7842295169830322, -1.5246809720993042], [-1.823508381843567, -1.5034890174865723], [-1.7026418447494507, -1.453179955482483], [-1.6393414735794067, -1.363392949104309], [-1.5848912000656128, -1.2538857460021973]]","[0.0, 0.0, -1.0, 1.0, 0.0, 0.0, 0.0, -1.0]",1,"[-1.3614789247512817, -1.4287036657333374]","[-1.3358286619186401, -1.4030534029006958]","[-1.6101783514022827, -1.6774030923843384]",0,-1.0,test
403,"[[-1.6460415124893188, -1.2998852729797363], [-1.6042588949203491, -1.3334015607833862], [-1.574669361114502, -1.2130131721496582], [-1.8311787843704224, -1.492403268814087], [-1.8331172466278076, -1.4608876705169678], [-1.7123697996139526, -1.5872703790664673], [-1.9456020593643188, -1.755373477935791], [-2.1452059745788574, -1.99355947971344]]","[1.0, 1.0, 1.0, -1.0, -1.0, 0.0, 1.0, 1.0]",1,"[-1.909960150718689, -1.9062671661376953]","[-1.8614106178283691, -1.8577176332473755]","[-2.112861156463623, -2.10916805267334]",0,-1.0,test
404,"[[-1.6365833282470703, -1.1542929410934448], [-1.945670485496521, -1.5162937641143799], [-1.948280692100525, -1.5550966262817383], [-2.0069875717163086, -1.6247965097427368], [-1.9181753396987915, -1.5281952619552612], [-1.8053394556045532, -1.405566930770874], [-1.9956822395324707, -1.5629240274429321], [-2.0549895763397217, -1.5414674282073975]]","[1.0, 1.0, -1.0, 1.0, 0.0, 1.0, -1.0, 0.0]",0,"[-2.3379065990448, -1.798932671546936]","[-2.078470468521118, -1.5394964218139648]","[-2.1190342903137207, -1.5800602436065674]",0,1.0,test
405,"[[-0.819066047668457, -1.7852122783660889], [-1.011936068534851, -1.9403504133224487], [-0.967430055141449, -1.797285556793213], [-1.2561755180358887, -1.932653784751892], [-1.247045636177063, -1.7124463319778442], [-1.0242221355438232, -1.5823440551757812], [-0.9946058392524719, -1.76025390625], [-1.218110203742981, -1.9613981246948242]]","[-1.0, 1.0, 1.0, -1.0, 0.0, 0.0, 1.0, -1.0]",1,"[-1.3634920120239258, -2.048769235610962]","[-1.3295317888259888, -2.0148088932037354]","[-1.595571517944336, -2.280848741531372]",0,-1.0,test
406,"[[-0.9583552479743958, -1.2609573602676392], [-0.8711998462677002, -1.228416085243225], [-0.7847830653190613, -1.2156007289886475], [-0.7365946173667908, -1.2310986518859863], [-0.8995435833930969, -1.4400352239608765], [-1.157212495803833, -1.5527863502502441], [-1.154504656791687, -1.5923283100128174], [-1.3486382961273193, -1.7371598482131958]]","[1.0, 1.0, 0.0, 1.0, -1.0, -1.0, 1.0, 1.0]",0,"[-1.6433327198028564, -1.9375838041305542]","[-1.374262809753418, -1.6685140132904053]","[-1.4051929712295532, -1.699444055557251]",0,1.0,test
407,"[[-0.5733738541603088, -1.1762213706970215], [-0.5205632448196411, -1.175713300704956], [-0.5772197842597961, -0.9765952825546265], [-0.7195522785186768, -1.1207488775253296], [-0.7761409282684326, -1.2971293926239014], [-0.7466138005256653, -1.4797898530960083], [-0.8144543170928955, -1.7705360651016235], [-0.7350623607635498, -1.6246824264526367]]","[1.0, 0.0, 1.0, -1.0, 1.0, 0.0, -1.0, 0.0]",0,"[-0.8862545490264893, -1.8045116662979126]","[-0.6040923595428467, -1.52234947681427]","[-0.6219301819801331, -1.5401873588562012]",0,1.0,test
408,"[[-1.2273935079574585, -0.8218196630477905], [-1.1101007461547852, -1.0576272010803223], [-0.952664315700531, -0.8385123014450073], [-0.957495391368866, -0.7341709733009338], [-0.9175707101821899, -0.7600526809692383], [-0.9640445113182068, -0.8924366235733032], [-0.8743366003036499, -0.8468320965766907], [-1.0849038362503052, -1.0265637636184692]]","[1.0, 1.0, 0.0, 1.0, 0.0, -1.0, 0.0, -1.0]",0,"[-1.5559158325195312, -1.2713874578475952]","[-1.2627971172332764, -0.9782688021659851]","[-1.2696783542633057, -0.9851500391960144]",0,1.0,test
409,"[[-1.3005905151367188, -0.9231060147285461], [-1.28197181224823, -0.7929251790046692], [-1.2988473176956177, -0.8278193473815918], [-1.169177770614624, -0.7836618423461914], [-1.135375738143921, -0.6560289263725281], [-1.1096563339233398, -0.7925024628639221], [-1.0508832931518555, -0.6918283104896545], [-1.1350090503692627, -0.6974987983703613]]","[0.0, 1.0, 0.0, 1.0, 1.0, -1.0, 1.0, 0.0]",0,"[-1.3511486053466797, -0.8541823625564575]","[-1.0510975122451782, -0.5541312098503113]","[-1.051046371459961, -0.554080069065094]",1,1.0,test
410,"[[-1.1192430257797241, -1.1613166332244873], [-1.2745540142059326, -1.4472031593322754], [-1.1167747974395752, -1.3487844467163086], [-1.0802699327468872, -1.3177212476730347], [-0.9416380524635315, -1.3120975494384766], [-1.190455436706543, -1.5667510032653809], [-1.1555182933807373, -1.4351413249969482], [-1.0050169229507446, -1.3346524238586426]]","[-1.0, 1.0, 0.0, -1.0, 0.0, 1.0, 0.0, 0.0]",1,"[-0.9747650027275085, -1.2794113159179688]","[-0.9609774351119995, -1.2656238079071045]","[-1.247189998626709, -1.551836371421814]",0,-1.0,test
411,"[[-1.179048776626587, -1.3262372016906738], [-1.1091063022613525, -1.1729816198349], [-1.4527405500411987, -1.4710638523101807], [-1.4946144819259644, -1.4170483350753784], [-1.7172322273254395, -1.7287354469299316], [-1.9231302738189697, -2.0017306804656982], [-2.049234390258789, -2.214573860168457], [-1.9643847942352295, -2.5438649654388428]]","[-1.0, 0.0, -1.0, 0.0, -1.0, -1.0, -1.0, -1.0]",0,"[-2.086577892303467, -2.564610004425049]","[-1.840682864189148, -2.3187150955200195]","[-1.8947880268096924, -2.3728201389312744]",0,1.0,test
412,"[[-0.8388311862945557, -0.21234767138957977], [-0.8692318201065063, -0.08784336596727371], [-0.949876606464386, -0.06751067191362381], [-0.9584336876869202, -0.42779552936553955], [-1.2478196620941162, -0.6053617596626282], [-1.5269851684570312, -1.032569408416748], [-1.6154706478118896, -1.1177133321762085], [-1.4360474348068237, -0.9440210461616516]]","[0.0, 0.0, 0.0, 1.0, 1.0, 1.0, -1.0, 0.0]",1,"[-1.3218368291854858, -0.8919101357460022]","[-1.3062978982925415, -0.8763712048530579]","[-1.5907589197158813, -1.1608322858810425]",0,-1.0,test
413,"[[-1.0379358530044556, -1.5944029092788696], [-1.0010325908660889, -1.4395325183868408], [-1.0797137022018433, -1.2616037130355835], [-1.0718653202056885, -1.2627737522125244], [-0.9948830008506775, -1.234005331993103], [-0.7821432948112488, -1.3378539085388184], [-0.9319481253623962, -1.2248437404632568], [-0.6708325147628784, -1.078853964805603]]","[-1.0, -1.0, -1.0, 0.0, -1.0, -1.0, 0.0, 1.0]",0,"[-0.9021098613739014, -1.358102560043335]","[-0.5992238521575928, -1.0552164316177368]","[-0.5963377952575684, -1.052330493927002]",1,1.0,test
414,"[[-0.7898532748222351, -1.1160529851913452], [-0.7503530383110046, -1.058152198791504], [-0.5907001495361328, -0.9491880536079407], [-0.7377868294715881, -0.8289805054664612], [-0.6909168362617493, -0.8899473547935486], [-0.6581053137779236, -0.7015979290008545], [-0.7408230304718018, -0.5962631106376648], [-0.6209055781364441, -0.5141315460205078]]","[1.0, 0.0, 1.0, 1.0, 1.0, 0.0, 1.0, 1.0]",0,"[-0.9577076435089111, -0.9830788969993591]","[-0.629526674747467, -0.654897928237915]","[-0.6013457179069519, -0.6267169713973999]",1,1.0,test
415,"[[-1.4418264627456665, -1.1981619596481323], [-1.3491146564483643, -1.323326587677002], [-1.195796012878418, -1.0954921245574951], [-0.9315121173858643, -0.9046471118927002], [-0.7574705481529236, -0.8351534605026245], [-0.6645973920822144, -0.9038882851600647], [-0.6713321805000305, -1.017669677734375], [-0.671126663684845, -0.8333621621131897]]","[0.0, -1.0, -1.0, 1.0, 0.0, -1.0, -1.0, 0.0]",1,"[-0.47631335258483887, -0.8380992412567139]","[-0.48917973041534424, -0.8509656190872192]","[-0.8020461201667786, -1.1638319492340088]",-1,-1.0,test
416,"[[-1.962049961090088, -1.6856048107147217], [-1.6760772466659546, -1.5790650844573975], [-1.7115254402160645, -1.7423255443572998], [-1.642171859741211, -1.5169860124588013], [-1.5865801572799683, -1.5314021110534668], [-1.6560313701629639, -1.4680852890014648], [-1.7560046911239624, -1.5293636322021484], [-1.685921549797058, -1.5042881965637207]]","[-1.0, 0.0, 1.0, 0.0, -1.0, 0.0, 1.0, 0.0]",1,"[-1.7024275064468384, -1.511136531829834]","[-1.6698129177093506, -1.4785219430923462]","[-1.9371984004974365, -1.7459074258804321]",0,-1.0,test
417,"[[-0.7996819615364075, -0.39636385440826416], [-1.097590684890747, -0.7349945306777954], [-0.8514830470085144, -0.5933615565299988], [-0.8686360120773315, -0.3558565676212311], [-1.1526926755905151, -0.6135774850845337], [-1.3874284029006958, -1.1630080938339233], [-1.298748254776001, -1.1850179433822632], [-1.35519540309906, -1.3701330423355103]]","[0.0, 1.0, -1.0, -1.0, 1.0, 1.0, 0.0, 0.0]",1,"[-1.2548487186431885, -1.4287350177764893]","[-1.232168197631836, -1.4060544967651367]","[-1.5094877481460571, -1.683374047279358]",0,-1.0,test
418,"[[-0.6064825057983398, 0.054568011313676834], [-0.9056127071380615, -0.34712737798690796], [-0.9918535351753235, -0.38019487261772156], [-0.8799253702163696, -0.3882662057876587], [-0.9934431314468384, -0.19061899185180664], [-1.0337542295455933, -0.23103810846805573], [-1.0192303657531738, -0.14750385284423828], [-0.87876296043396, 0.07947016507387161]]","[0.0, -1.0, 0.0, 1.0, 1.0, 0.0, -1.0, -1.0]",1,"[-0.6319715976715088, 0.12750181555747986]","[-0.6554412245750427, 0.10403219610452652]","[-0.9789108037948608, -0.21943742036819458]",-1,-1.0,test
419,"[[-1.1362180709838867, -1.2950854301452637], [-1.0499907732009888, -1.3715426921844482], [-0.8673948049545288, -1.2743867635726929], [-0.9476925134658813, -1.4277722835540771], [-1.153846025466919, -1.3666324615478516], [-0.9658374786376953, -1.3134623765945435], [-1.0595600605010986, -1.422200083732605], [-1.0541940927505493, -1.3599233627319336]]","[-1.0, 1.0, 0.0, 0.0, 0.0, 0.0, -1.0, 1.0]",0,"[-1.177720308303833, -1.4966051578521729]","[-0.8933360576629639, -1.2122209072113037]","[-0.9089517593383789, -1.2278366088867188]",0,1.0,test
420,"[[-1.7428377866744995, -0.45752304792404175], [-1.5751335620880127, -0.5318016409873962], [-1.7413175106048584, -0.9301919341087341], [-1.5622808933258057, -0.7302515506744385], [-1.4841471910476685, -0.4886532723903656], [-1.566402792930603, -0.8330050706863403], [-1.5032321214675903, -0.7263115644454956], [-1.2613168954849243, -0.7619189023971558]]","[0.0, 0.0, 1.0, 0.0, -1.0, 1.0, 0.0, 0.0]",0,"[-1.5441237688064575, -1.1608562469482422]","[-1.2501801252365112, -0.8669126033782959]","[-1.2562364339828491, -0.8729689121246338]",0,1.0,test
421,"[[-1.2697150707244873, -0.7823448777198792], [-1.3816719055175781, -0.9011766910552979], [-1.4664939641952515, -0.9635715484619141], [-1.4432727098464966, -0.9642093777656555], [-1.212825059890747, -0.8823693990707397], [-1.2362061738967896, -0.8402023911476135], [-1.0415763854980469, -0.6545526385307312], [-0.8930667042732239, -0.6403738260269165]]","[0.0, 1.0, 0.0, 0.0, 0.0, -1.0, 0.0, -1.0]",1,"[-0.9258166551589966, -0.6681575179100037]","[-0.9371626973152161, -0.6795035600662231]","[-1.2485086917877197, -0.9908495545387268]",-1,-1.0,test
422,"[[-0.7879182696342468, -1.0235488414764404], [-0.6769189834594727, -1.0783262252807617], [-0.6120150685310364, -1.0270261764526367], [-1.0672276020050049, -1.330855369567871], [-0.9329025149345398, -1.2565783262252808], [-1.0549761056900024, -1.2437366247177124], [-0.8017688393592834, -1.1393251419067383], [-0.5414855480194092, -1.2714911699295044]]","[1.0, 0.0, -1.0, 1.0, 0.0, 0.0, 0.0, 0.0]",1,"[-0.47589024901390076, -1.263562560081482]","[-0.47373223304748535, -1.2614046335220337]","[-0.7715741991996765, -1.55924654006958]",0,-1.0,test
423,"[[-0.6559134721755981, -0.8835698366165161], [-0.5249202251434326, -0.6526646614074707], [-0.40629714727401733, -0.639157772064209], [-0.258408784866333, -0.6844974756240845], [-0.6200227737426758, -0.8963293433189392], [-0.703544020652771, -1.168141484260559], [-0.7656829357147217, -0.7936986088752747], [-0.7632412314414978, -0.6132367849349976]]","[1.0, 0.0, 0.0, 0.0, -1.0, -1.0, -1.0, 0.0]",1,"[-0.6795453429222107, -0.5340245962142944]","[-0.697382390499115, -0.5518617033958435]","[-1.0152194499969482, -0.8696987628936768]",-1,-1.0,test
424,"[[-1.062174677848816, -1.2481938600540161], [-1.2031856775283813, -1.310301661491394], [-1.193026065826416, -1.469299554824829], [-1.0907059907913208, -1.3225195407867432], [-1.2430970668792725, -1.6547929048538208], [-0.9693151712417603, -1.6073434352874756], [-1.1952955722808838, -1.826970100402832], [-1.3720288276672363, -2.1016006469726562]]","[0.0, 1.0, 1.0, -1.0, 1.0, 0.0, 1.0, 1.0]",1,"[-1.1633446216583252, -2.2205913066864014]","[-1.1242138147354126, -2.1814606189727783]","[-1.3850830793380737, -2.4423296451568604]",0,-1.0,test
425,"[[-0.9338575601577759, -1.3863093852996826], [-1.2192479372024536, -1.7175265550613403], [-1.242567539215088, -1.5991449356079102], [-1.1595555543899536, -1.523179531097412], [-1.178902506828308, -1.5948716402053833], [-1.304977297782898, -1.7978990077972412], [-1.2567534446716309, -1.620958685874939], [-1.041795015335083, -1.4280996322631836]]","[-1.0, -1.0, 1.0, 1.0, -1.0, -1.0, 0.0, 1.0]",0,"[-1.2901791334152222, -1.8043105602264404]","[-1.0074726343154907, -1.521604061126709]","[-1.0247660875320435, -1.5388975143432617]",0,1.0,test
426,"[[-0.5334579348564148, -0.8562445044517517], [-0.547888457775116, -0.742000162601471], [-0.5899219512939453, -0.7248541116714478], [-0.2757117748260498, -0.663889467716217], [-0.2235805094242096, -0.9290022850036621], [-0.27922770380973816, -0.9308680295944214], [-0.27282261848449707, -0.8521925806999207], [-0.15343564748764038, -0.7407419681549072]]","[1.0, 1.0, 0.0, 1.0, 0.0, 0.0, 1.0, 1.0]",0,"[-0.43610936403274536, -1.1087260246276855]","[-0.10471770167350769, -0.7773343920707703]","[-0.07332604378461838, -0.7459427118301392]",1,1.0,test
427,"[[-1.2667673826217651, -0.8023319244384766], [-1.6357792615890503, -1.256460428237915], [-1.571897268295288, -1.2352750301361084], [-1.4352532625198364, -1.2702797651290894], [-1.484911561012268, -1.4671701192855835], [-1.5583771467208862, -1.4867725372314453], [-1.3825325965881348, -1.3325762748718262], [-1.5488104820251465, -1.2935597896575928]]","[1.0, -1.0, 1.0, 0.0, -1.0, 0.0, 0.0, 0.0]",1,"[-1.6418070793151855, -1.0154978036880493]","[-1.6162487268447876, -0.9899395108222961]","[-1.8906904458999634, -1.2643811702728271]",0,-1.0,test
428,"[[-1.2304751873016357, -0.9453817009925842], [-0.9368592500686646, -0.919753909111023], [-1.0495260953903198, -0.8176831603050232], [-1.0244078636169434, -0.8321135640144348], [-1.0817663669586182, -0.8181371092796326], [-0.9310975670814514, -0.6388072371482849], [-1.3146249055862427, -0.8707166314125061], [-1.3883495330810547, -0.8035622239112854]]","[-1.0, -1.0, 1.0, 0.0, 1.0, 1.0, -1.0, 1.0]",0,"[-1.6343717575073242, -1.0474623441696167]","[-1.3456419706344604, -0.7587325572967529]","[-1.3569121360778809, -0.7700027227401733]",0,1.0,test
429,"[[-1.0141946077346802, -0.666530430316925], [-1.0037106275558472, -0.7303764224052429], [-1.0018551349639893, -0.9878727793693542], [-1.2918871641159058, -1.2598179578781128], [-1.3049396276474, -1.170799970626831], [-1.162708044052124, -1.1293952465057373], [-1.2679989337921143, -1.1552786827087402], [-1.3611862659454346, -0.9946120381355286]]","[-1.0, 0.0, 1.0, 1.0, 0.0, 0.0, 1.0, -1.0]",1,"[-1.3746334314346313, -0.949401319026947]","[-1.3602875471115112, -0.9350553154945374]","[-1.6459414958953857, -1.2207093238830566]",0,-1.0,test
430,"[[-0.3410973846912384, -0.6908788681030273], [-0.35575070977211, -0.450467973947525], [-0.3180542588233948, -0.3191997706890106], [-0.7112925052642822, -0.7503145337104797], [-0.682610034942627, -0.6338497996330261], [-1.008011817932129, -0.7704998850822449], [-0.919312059879303, -0.67315673828125], [-0.800026535987854, -0.4119296371936798]]","[-1.0, -1.0, -1.0, 1.0, 0.0, 1.0, 0.0, -1.0]",1,"[-0.6223921775817871, -0.2744554877281189]","[-0.6448149681091309, -0.29687824845314026]","[-0.9672377109527588, -0.6193010210990906]",-1,-1.0,test
431,"[[-1.49099600315094, 0.224704772233963], [-1.7183561325073242, -0.14483705163002014], [-1.6367361545562744, -0.08614196628332138], [-1.589552640914917, 0.01704581268131733], [-1.535171627998352, -0.1090979278087616], [-1.2672566175460815, -0.11326078325510025], [-1.1472574472427368, -0.12067835032939911], [-0.916842520236969, 0.0585978738963604]]","[0.0, 1.0, 0.0, 0.0, 0.0, -1.0, 0.0, 0.0]",1,"[-0.8119339942932129, 0.1787177175283432]","[-0.8332423567771912, 0.15740932524204254]","[-1.1545507907867432, -0.16389904916286469]",-1,-1.0,test
432,"[[-1.1213942766189575, -0.9872778058052063], [-1.2388135194778442, -0.9712397456169128], [-1.1039098501205444, -1.0208253860473633], [-1.122175693511963, -0.9861801862716675], [-1.4325381517410278, -1.3449058532714844], [-1.7229502201080322, -1.381988286972046], [-1.7394033670425415, -1.2835599184036255], [-1.8679382801055908, -1.6132129430770874]]","[-1.0, -1.0, 0.0, -1.0, 1.0, 1.0, 0.0, 1.0]",1,"[-1.9254170656204224, -1.4852591753005981]","[-1.8873207569122314, -1.4471628665924072]","[-2.1492245197296143, -1.70906662940979]",0,-1.0,test
433,"[[-1.163354754447937, -1.309004306793213], [-1.1545429229736328, -1.3045042753219604], [-1.5468848943710327, -1.344560146331787], [-1.4224189519882202, -1.3033721446990967], [-1.1648597717285156, -1.1179609298706055], [-1.1687651872634888, -1.1491737365722656], [-1.374068021774292, -1.2644004821777344], [-1.256637692451477, -1.112213134765625]]","[-1.0, 1.0, -1.0, 0.0, 0.0, 0.0, -1.0, 0.0]",0,"[-1.3967738151550293, -1.3871617317199707]","[-1.1108355522155762, -1.1012234687805176]","[-1.1248972415924072, -1.1152851581573486]",0,1.0,test
434,"[[-0.025493117049336433, -0.13999754190444946], [-0.564091682434082, -0.44490063190460205], [-0.26730984449386597, -0.45465657114982605], [-0.2976436913013458, -0.47273707389831543], [-0.3561491072177887, -0.4632076323032379], [-0.3402741849422455, -0.43365561962127686], [-0.2814275622367859, -0.3420371413230896], [-0.7621911764144897, -0.4878939986228943]]","[0.0, 1.0, 0.0, -1.0, 0.0, -1.0, 0.0, 1.0]",1,"[-0.7853310704231262, -0.5236900448799133]","[-0.8074496984481812, -0.5458086729049683]","[-1.129568338394165, -0.8679273128509521]",-1,-1.0,test
435,"[[0.022271620109677315, 0.2742719352245331], [-0.016354043036699295, 0.20172899961471558], [-0.4149756133556366, 0.05700748413801193], [-0.3448638617992401, 0.13743789494037628], [-0.7307307124137878, -0.2927033305168152], [-0.9099780917167664, -0.624306857585907], [-0.8622015714645386, -0.6547231674194336], [-0.6396901607513428, -0.4510238468647003]]","[-1.0, 1.0, -1.0, 1.0, -1.0, -1.0, 1.0, 1.0]",0,"[-0.9637274742126465, -0.7657320499420166]","[-0.6340461373329163, -0.43605074286460876]","[-0.604364812374115, -0.4063694179058075]",1,1.0,test
436,"[[0.15728530287742615, 0.2843985855579376], [-0.02499975822865963, -0.08400137722492218], [0.05714946240186691, -0.028959915041923523], [-0.3351851999759674, -0.35175707936286926], [-0.38471516966819763, -0.36346596479415894], [-0.24363569915294647, -0.2635978162288666], [-0.21550671756267548, -0.11643820255994797], [-0.10160461068153381, -0.29362475872039795]]","[1.0, -1.0, 1.0, -1.0, 0.0, 1.0, 1.0, 0.0]",0,"[-0.5415626168251038, -0.49222663044929504]","[-0.175178661942482, -0.12584266066551208]","[-0.1087946966290474, -0.059458691626787186]",1,1.0,test
437,"[[-1.5708050727844238, -1.1548092365264893], [-1.4483418464660645, -1.035775065422058], [-1.4691847562789917, -1.080491542816162], [-1.4878828525543213, -0.8007506132125854], [-1.7469539642333984, -0.8538790345191956], [-2.0194411277770996, -1.1570525169372559], [-1.944290041923523, -1.1249244213104248], [-1.9651448726654053, -1.0503981113433838]]","[-1.0, 1.0, -1.0, -1.0, 1.0, 1.0, -1.0, 0.0]",1,"[-1.8327592611312866, -1.1210135221481323]","[-1.801011323928833, -1.0892654657363892]","[-2.069263219833374, -1.3575176000595093]",0,-1.0,test
438,"[[0.004981651436537504, -0.41501888632774353], [0.1391180157661438, -0.3817950189113617], [0.2110103815793991, -0.30055373907089233], [0.026567408815026283, -0.6479829549789429], [-0.2907659411430359, -0.9047167897224426], [-0.24235022068023682, -0.9680772423744202], [-0.5783641934394836, -1.1876416206359863], [-0.8220512866973877, -1.3477226495742798]]","[1.0, 0.0, -1.0, 1.0, 1.0, 1.0, -1.0, -1.0]",0,"[-1.049478530883789, -1.6590880155563354]","[-0.7597609758377075, -1.3693703413009644]","[-0.7700433135032654, -1.379652738571167]",0,1.0,test
439,"[[-1.196897268295288, -0.37741485238075256], [-1.1522223949432373, -0.45066773891448975], [-1.4176849126815796, -0.6181923747062683], [-1.3464676141738892, -0.49759891629219055], [-1.3955799341201782, -0.528768002986908], [-1.2296141386032104, -0.7190470695495605], [-1.1568012237548828, -0.8893558979034424], [-1.2686761617660522, -0.8635915517807007]]","[-1.0, 0.0, -1.0, 0.0, 0.0, 0.0, -1.0, -1.0]",1,"[-1.2081815004348755, -0.7965237498283386]","[-1.1996358633041382, -0.7879781126976013]","[-1.491090178489685, -1.079432487487793]",0,-1.0,test
440,"[[0.014319845475256443, -0.1150173470377922], [-0.06254458427429199, -0.042971156537532806], [-0.5119109749794006, -0.20911794900894165], [-0.595719039440155, -0.2863624691963196], [-0.328737735748291, -0.42943504452705383], [-0.3137420415878296, -0.3619333803653717], [-0.2624472379684448, -0.1546386331319809], [-0.3814951181411743, -0.10456624627113342]]","[0.0, 0.0, 1.0, -1.0, 0.0, -1.0, -1.0, 1.0]",0,"[-0.6590765118598938, -0.47280290722846985]","[-0.3003576099872589, -0.11408399045467377]","[-0.2416386753320694, -0.05536506325006485]",1,1.0,test
441,"[[-0.38475149869918823, -0.061495207250118256], [-0.6961683034896851, -0.23291707038879395], [-0.981366753578186, -0.32636046409606934], [-1.2045600414276123, -0.8129302859306335], [-1.2286121845245361, -0.8954450488090515], [-1.1666345596313477, -0.9341522455215454], [-1.4078245162963867, -1.3224666118621826], [-1.4110350608825684, -1.074988842010498]]","[0.0, 1.0, 1.0, 1.0, -1.0, 0.0, 1.0, 0.0]",1,"[-1.5144492387771606, -1.1975258588790894]","[-1.4969390630722046, -1.1800158023834229]","[-1.7794290781021118, -1.4625056982040405]",0,-1.0,test
442,"[[-1.182222843170166, -0.9254986643791199], [-1.0182641744613647, -0.8764680027961731], [-1.1490845680236816, -0.9418251514434814], [-1.2139796018600464, -0.91225665807724], [-1.214679479598999, -1.0611993074417114], [-1.5343774557113647, -1.1989251375198364], [-1.2754042148590088, -1.1712812185287476], [-1.4169306755065918, -1.375638484954834]]","[1.0, 0.0, 0.0, 1.0, 0.0, -1.0, 0.0, -1.0]",0,"[-1.6623855829238892, -1.4458458423614502]","[-1.3865950107574463, -1.1700552701950073]","[-1.4108045101165771, -1.1942646503448486]",0,1.0,test
443,"[[-0.7630912661552429, -0.3162233531475067], [-0.4772322177886963, -0.36840447783470154], [-0.2949129343032837, -0.4591614305973053], [-0.6446441411972046, -0.931862473487854], [-0.698829174041748, -0.8951395153999329], [-0.622076153755188, -0.7859642505645752], [-1.0448440313339233, -0.9939523339271545], [-0.8604928255081177, -1.0016162395477295]]","[0.0, 0.0, -1.0, 1.0, 0.0, -1.0, 1.0, -1.0]",1,"[-0.864069402217865, -1.0489192008972168]","[-0.864649772644043, -1.0494996309280396]","[-1.16523015499115, -1.3500800132751465]",-1,-1.0,test
444,"[[-0.8954500555992126, -0.45641788840293884], [-1.2442864179611206, -0.8445901274681091], [-1.2278443574905396, -1.0388213396072388], [-1.2865395545959473, -0.8961716294288635], [-1.2412052154541016, -0.7877216339111328], [-1.188312292098999, -0.9159456491470337], [-0.957384467124939, -0.7789219617843628], [-0.7134113907814026, -0.4779461622238159]]","[0.0, 1.0, 0.0, -1.0, 0.0, 0.0, -1.0, -1.0]",1,"[-0.5498552918434143, -0.2407418191432953]","[-0.5747591853141785, -0.26564568281173706]","[-0.8996630311012268, -0.5905495285987854]",-1,-1.0,test
445,"[[-0.8537372350692749, -0.3464060127735138], [-0.6662265658378601, -0.26283717155456543], [-0.6133609414100647, -0.15337646007537842], [-0.9616925120353699, -0.5824689865112305], [-0.9443185329437256, -0.5396192073822021], [-1.2675974369049072, -0.8636831045150757], [-1.3833426237106323, -1.0125527381896973], [-1.6074182987213135, -1.305530309677124]]","[1.0, -1.0, 0.0, 1.0, -1.0, 1.0, -1.0, -1.0]",0,"[-1.7802808284759521, -1.3918601274490356]","[-1.507454752922058, -1.1190340518951416]","[-1.5346287488937378, -1.1462080478668213]",0,1.0,test
446,"[[-1.1677396297454834, -1.1961055994033813], [-1.2737630605697632, -1.049262285232544], [-1.2093721628189087, -1.0157580375671387], [-1.4484084844589233, -1.1798237562179565], [-1.886480450630188, -1.231487512588501], [-1.9189943075180054, -1.0993942022323608], [-1.8428879976272583, -1.1198740005493164], [-1.9011553525924683, -0.9370383024215698]]","[1.0, 0.0, 1.0, -1.0, 1.0, -1.0, -1.0, 0.0]",1,"[-1.9274115562438965, -1.0462974309921265]","[-1.8987845182418823, -1.0176702737808228]","[-2.1701574325561523, -1.2890431880950928]",0,-1.0,test
447,"[[-0.5331546664237976, -0.05389651656150818], [-0.2842041850090027, 0.1561405509710312], [-0.18764854967594147, 0.16289915144443512], [-0.08700292557477951, 0.09238819777965546], [-0.2635018825531006, 0.18173304200172424], [-0.5901057720184326, -0.252999871969223], [-0.471612811088562, -0.3355043828487396], [-0.7945350408554077, -0.553748369216919]]","[1.0, -1.0, 0.0, 0.0, -1.0, 1.0, 0.0, 1.0]",1,"[-0.8152310848236084, -0.5546546578407288]","[-0.8336683511734009, -0.5730919241905212]","[-1.1521055698394775, -0.8915292024612427]",-1,-1.0,test
448,"[[-0.7599518895149231, -0.7594266533851624], [-0.7044052481651306, -0.6502966284751892], [-0.7014395594596863, -0.5207052826881409], [-1.090858817100525, -0.529533863067627], [-1.3358715772628784, -0.7751750946044922], [-1.3291207551956177, -0.7305727005004883], [-1.4373629093170166, -0.6632146239280701], [-1.3630523681640625, -0.5661011338233948]]","[-1.0, 0.0, 0.0, -1.0, -1.0, 0.0, 1.0, 1.0]",0,"[-1.5070194005966187, -0.9743748307228088]","[-1.2131731510162354, -0.6805286407470703]","[-1.2193269729614258, -0.686682403087616]",0,1.0,test
449,"[[-1.218264102935791, -0.6941548585891724], [-1.6750766038894653, -0.9291536211967468], [-1.4632190465927124, -1.0744787454605103], [-1.4699170589447021, -1.1725934743881226], [-1.649444580078125, -1.2693930864334106], [-1.8169454336166382, -1.3817198276519775], [-1.995713710784912, -1.366126298904419], [-2.1743218898773193, -1.400020718574524]]","[-1.0, 1.0, -1.0, 0.0, 1.0, 1.0, 1.0, 1.0]",1,"[-1.9223371744155884, -1.392342448234558]","[-1.8813631534576416, -1.3513683080673218]","[-2.1403889656066895, -1.6103942394256592]",0,-1.0,test
450,"[[-0.9244986176490784, -1.967869758605957], [-0.902498185634613, -1.8683017492294312], [-1.180018663406372, -2.162895441055298], [-1.4513558149337769, -2.2623355388641357], [-1.2956750392913818, -2.236321449279785], [-1.5262246131896973, -2.188445568084717], [-1.697855830192566, -2.3603780269622803], [-1.6611264944076538, -2.075131416320801]]","[1.0, 0.0, 1.0, 1.0, 0.0, 1.0, 1.0, -1.0]",1,"[-1.5511709451675415, -2.1206653118133545]","[-1.5085108280181885, -2.078005075454712]","[-1.7658506631851196, -2.3353447914123535]",0,-1.0,test
451,"[[-1.523226261138916, -2.3612656593322754], [-1.2407264709472656, -2.162611722946167], [-1.4850696325302124, -2.6569297313690186], [-1.294601559638977, -2.4908287525177], [-1.1556757688522339, -2.46632981300354], [-1.3936171531677246, -2.6084580421447754], [-1.327128529548645, -2.374688148498535], [-1.3404525518417358, -2.271028995513916]]","[-1.0, 0.0, -1.0, 0.0, 0.0, -1.0, 0.0, 0.0]",1,"[-1.2642426490783691, -2.2096307277679443]","[-1.2220683097839355, -2.1674563884735107]","[-1.4798939228057861, -2.4252820014953613]",0,-1.0,test
452,"[[-1.6819844245910645, -0.6522831320762634], [-1.6220353841781616, -0.5229558348655701], [-1.8767735958099365, -0.8642097115516663], [-1.8468159437179565, -0.7175316214561462], [-2.013590097427368, -0.7970563769340515], [-1.9933428764343262, -0.7427920699119568], [-2.2824387550354004, -1.0504337549209595], [-1.9430370330810547, -1.1103993654251099]]","[0.0, 1.0, -1.0, 1.0, -1.0, 0.0, -1.0, 0.0]",1,"[-1.8859225511550903, -1.2630600929260254]","[-1.853904366493225, -1.2310419082641602]","[-2.1218862533569336, -1.499023675918579]",0,-1.0,test
453,"[[-1.5260716676712036, -1.3175508975982666], [-1.8444453477859497, -1.4797834157943726], [-1.8751009702682495, -1.3632460832595825], [-2.1206061840057373, -1.6721769571304321], [-2.1290743350982666, -1.7429710626602173], [-2.2780606746673584, -1.6044272184371948], [-2.130448341369629, -1.5000051259994507], [-2.0135252475738525, -1.3890149593353271]]","[1.0, -1.0, 1.0, -1.0, 1.0, 1.0, 0.0, 0.0]",1,"[-2.020993947982788, -1.3878461122512817]","[-1.9834508895874023, -1.3503029346466064]","[-2.245907783508301, -1.6127598285675049]",0,-1.0,test
454,"[[-0.5090283155441284, -0.6291339993476868], [-0.9097824692726135, -0.8942243456840515], [-1.117822527885437, -1.2633928060531616], [-1.3052783012390137, -0.9532259702682495], [-1.3046932220458984, -0.9088777303695679], [-1.5142385959625244, -1.251100778579712], [-1.4174176454544067, -1.3041677474975586], [-1.3005883693695068, -1.2025763988494873]]","[1.0, 1.0, 1.0, 1.0, 0.0, -1.0, 0.0, 0.0]",0,"[-1.3144111633300781, -1.4045345783233643]","[-1.0318330526351929, -1.121956467628479]","[-1.0492548942565918, -1.139378309249878]",0,1.0,test
455,"[[-0.9348697066307068, -0.8813271522521973], [-0.9984306693077087, -0.9905905723571777], [-1.2145012617111206, -1.1341118812561035], [-1.5899919271469116, -1.4514869451522827], [-1.6102983951568604, -1.3893406391143799], [-1.8242533206939697, -1.6962860822677612], [-1.9383652210235596, -1.8434958457946777], [-2.180414915084839, -1.9261380434036255]]","[-1.0, 0.0, 1.0, -1.0, 1.0, -1.0, -1.0, -1.0]",1,"[-2.1965198516845703, -1.9666746854782104]","[-2.148366689682007, -1.918521523475647]","[-2.4002134799957275, -2.1703684329986572]",0,-1.0,test
456,"[[-0.7969971299171448, -0.9918902516365051], [-0.9563285708427429, -1.2570606470108032], [-1.1792508363723755, -1.5210351943969727], [-1.1036454439163208, -1.432481288909912], [-1.1484283208847046, -1.5442767143249512], [-1.3432339429855347, -1.8971201181411743], [-1.3507959842681885, -1.962295651435852], [-1.3729037046432495, -2.2373204231262207]]","[0.0, 1.0, 1.0, 0.0, -1.0, -1.0, 1.0, -1.0]",0,"[-1.729642391204834, -2.4180595874786377]","[-1.4715336561203003, -2.1599507331848145]","[-1.5134247541427612, -2.2018418312072754]",0,1.0,test
457,"[[-0.8725564479827881, -0.6764684319496155], [-0.9652032852172852, -0.5710463523864746], [-1.262214183807373, -0.8421589732170105], [-1.236903429031372, -1.053330898284912], [-1.1526713371276855, -0.9565109014511108], [-1.1858153343200684, -0.7600690722465515], [-0.7876725792884827, -0.6790380477905273], [-0.7346045970916748, -0.5895189642906189]]","[-1.0, 0.0, 1.0, 1.0, 0.0, 0.0, 0.0, 0.0]",1,"[-0.6942588090896606, -0.6272813081741333]","[-0.714216947555542, -0.6472394466400146]","[-1.034175157546997, -0.967197597026825]",-1,-1.0,test
458,"[[-1.3275429010391235, -1.1642614603042603], [-1.4607101678848267, -0.9874451160430908], [-1.3997600078582764, -1.1839697360992432], [-1.4013437032699585, -1.0755722522735596], [-1.8857277631759644, -1.3903886079788208], [-2.2341415882110596, -1.3212809562683105], [-2.031876802444458, -1.4363123178482056], [-2.061776638031006, -1.5050263404846191]]","[-1.0, 0.0, -1.0, -1.0, 1.0, 1.0, 0.0, -1.0]",1,"[-2.016150951385498, -1.66584312915802]","[-1.9759769439697266, -1.625669240951538]","[-2.2358031272888184, -1.8854954242706299]",0,-1.0,test
459,"[[-0.4684804677963257, -0.5824880599975586], [-0.34050968289375305, -0.5477247834205627], [-0.17416667938232422, -0.2892340421676636], [0.05879545584321022, 0.08155567198991776], [0.24249860644340515, -0.06592018902301788], [0.24361450970172882, -0.129603773355484], [-0.19876781105995178, -0.7578843832015991], [-0.018656566739082336, -0.5607884526252747]]","[-1.0, 1.0, 0.0, 1.0, 0.0, 1.0, -1.0, 0.0]",0,"[-0.3705193102359772, -0.8693978190422058]","[-0.025290578603744507, -0.5241690874099731]","[0.019938146695494652, -0.47894036769866943]",1,1.0,test
460,"[[-0.9463067054748535, -0.89720219373703], [-0.7349643707275391, -0.8497498035430908], [-0.49953800439834595, -0.7770861387252808], [-0.4043404757976532, -0.8949937224388123], [-0.8132317066192627, -1.2207129001617432], [-0.7512430548667908, -1.1983414888381958], [-0.5551576614379883, -1.0961750745773315], [-0.40033265948295593, -1.0667871236801147]]","[0.0, -1.0, 1.0, 1.0, -1.0, 0.0, -1.0, 0.0]",1,"[-0.39948809146881104, -0.9470049738883972]","[-0.4087526500225067, -0.9562695622444153]","[-0.7180172204971313, -1.2655341625213623]",-1,-1.0,test
461,"[[-1.2352880239486694, -1.4069552421569824], [-1.371700406074524, -1.5843660831451416], [-1.5469849109649658, -1.8213984966278076], [-1.617313265800476, -1.8282414674758911], [-1.780511736869812, -1.9893519878387451], [-1.9168815612792969, -2.1366219520568848], [-1.8497645854949951, -1.951982021331787], [-1.7216975688934326, -1.742026686668396]]","[0.0, 1.0, 1.0, 1.0, 1.0, 1.0, -1.0, -1.0]",1,"[-1.7494453191757202, -1.6999578475952148]","[-1.7118233442306519, -1.662335991859436]","[-1.9742015600204468, -1.9247140884399414]",0,-1.0,test
462,"[[-1.4156968593597412, -1.3473718166351318], [-1.3213750123977661, -1.2564735412597656], [-1.4859308004379272, -1.6222988367080688], [-1.7123981714248657, -1.829335331916809], [-1.4220731258392334, -1.7216073274612427], [-1.4793286323547363, -1.5420111417770386], [-1.6197338104248047, -1.4957034587860107], [-1.4430173635482788, -1.4134387969970703]]","[-1.0, 1.0, -1.0, -1.0, 0.0, 0.0, 1.0, 0.0]",0,"[-1.7734947204589844, -1.476118564605713]","[-1.4991143941879272, -1.2017382383346558]","[-1.5247341394424438, -1.2273578643798828]",0,1.0,test
463,"[[-0.7950371503829956, -1.2566826343536377], [-0.8011806011199951, -1.118154525756836], [-0.9370457530021667, -1.3562525510787964], [-1.099473237991333, -1.6620081663131714], [-1.0497450828552246, -1.6656131744384766], [-1.4663110971450806, -2.0027260780334473], [-1.4165501594543457, -1.9010365009307861], [-1.4142876863479614, -2.128862142562866]]","[-1.0, 0.0, 1.0, 1.0, -1.0, 1.0, 0.0, 1.0]",1,"[-1.3785253763198853, -1.9618269205093384]","[-1.3382748365402222, -1.9215764999389648]","[-1.5980243682861328, -2.181325912475586]",0,-1.0,test
464,"[[-0.9406046867370605, -1.7864664793014526], [-1.1623727083206177, -1.6715731620788574], [-1.112859845161438, -1.3654727935791016], [-1.0336542129516602, -1.2217090129852295], [-1.3002043962478638, -1.4556255340576172], [-1.2936921119689941, -1.4085285663604736], [-1.3196483850479126, -1.479134440422058], [-1.3535674810409546, -1.4645698070526123]]","[-1.0, 1.0, 0.0, -1.0, 1.0, 0.0, -1.0, 0.0]",1,"[-1.3582266569137573, -1.5195269584655762]","[-1.3334059715270996, -1.4947062730789185]","[-1.6085853576660156, -1.7698856592178345]",0,-1.0,test
465,"[[-2.1419591903686523, -1.427718162536621], [-2.10610032081604, -1.4190016984939575], [-2.042874336242676, -1.4321180582046509], [-1.894614338874817, -1.2778011560440063], [-2.1316628456115723, -1.363290548324585], [-2.307642936706543, -1.4417386054992676], [-2.3606338500976562, -1.285449743270874], [-2.2666304111480713, -1.3011466264724731]]","[1.0, -1.0, 0.0, -1.0, 1.0, 1.0, -1.0, 0.0]",1,"[-2.221431255340576, -1.4242714643478394]","[-2.1798079013824463, -1.3826481103897095]","[-2.4381844997406006, -1.6410247087478638]",0,-1.0,test
466,"[[-0.21843034029006958, -0.3097505569458008], [-0.5670181512832642, -0.5623982548713684], [-0.37333688139915466, -0.4267086386680603], [-0.2411733865737915, -0.4384632110595703], [-0.47203242778778076, -0.8343730568885803], [-0.431204229593277, -0.7904328107833862], [-0.4755845367908478, -0.5608874559402466], [-0.7388876080513, -0.850025475025177]]","[0.0, -1.0, 0.0, 1.0, -1.0, 0.0, 0.0, -1.0]",0,"[-1.0734790563583374, -1.1742807626724243]","[-0.7635443806648254, -0.8643460869789124]","[-0.7536096572875977, -0.8544114232063293]",1,1.0,test
467,"[[-0.6273345351219177, -1.1955915689468384], [-0.4506601095199585, -1.1039886474609375], [-0.4674641191959381, -1.1317082643508911], [-0.7687175273895264, -1.2899460792541504], [-0.9508973360061646, -1.61130952835083], [-0.8766096830368042, -1.6283552646636963], [-0.8517040014266968, -1.4075137376785278], [-0.8879980444908142, -1.2747008800506592]]","[1.0, 1.0, 0.0, -1.0, -1.0, 0.0, 0.0, 0.0]",1,"[-0.8771525025367737, -1.2778912782669067]","[-0.867858350276947, -1.26859712600708]","[-1.1585642099380493, -1.5593029260635376]",0,-1.0,test
468,"[[-0.7692857384681702, -1.3285651206970215], [-0.8356534242630005, -1.2324135303497314], [-1.0619170665740967, -1.6012109518051147], [-1.0917818546295166, -1.3833129405975342], [-1.409847617149353, -1.5744165182113647], [-1.3344206809997559, -1.5479404926300049], [-1.1537114381790161, -1.580793023109436], [-1.2193416357040405, -1.4724209308624268]]","[1.0, 1.0, -1.0, 0.0, -1.0, 0.0, 0.0, 1.0]",0,"[-1.6077873706817627, -1.501169204711914]","[-1.3299676179885864, -1.2233493328094482]","[-1.3521478176116943, -1.2455296516418457]",0,1.0,test
469,"[[-1.1252939701080322, -1.4963014125823975], [-1.11357581615448, -1.3223621845245361], [-0.8827880024909973, -1.4018269777297974], [-0.996029257774353, -1.3008183240890503], [-1.065584421157837, -1.1784173250198364], [-1.2069891691207886, -1.5503294467926025], [-1.3209291696548462, -1.5013240575790405], [-1.2014793157577515, -1.412660002708435]]","[1.0, 0.0, -1.0, -1.0, 0.0, 1.0, 0.0, 0.0]",0,"[-1.2729740142822266, -1.6211150884628296]","[-0.9932554364204407, -1.341396450996399]","[-1.013536810874939, -1.361677885055542]",0,1.0,test
470,"[[-1.9610915184020996, -1.643376111984253], [-1.7870880365371704, -1.4884573221206665], [-1.7962353229522705, -1.2539101839065552], [-1.587889313697815, -1.1051249504089355], [-1.4552171230316162, -1.017845630645752], [-1.2264422178268433, -0.9151818156242371], [-1.0745891332626343, -0.900644063949585], [-1.1069976091384888, -0.938060998916626]]","[-1.0, 1.0, 0.0, 0.0, 0.0, 1.0, 1.0, 0.0]",0,"[-1.4076775312423706, -1.1292577981948853]","[-1.1127920150756836, -0.834372341632843]","[-1.1179064512252808, -0.8394867777824402]",0,1.0,test
471,"[[-0.36566057801246643, -1.2064100503921509], [-0.46236422657966614, -1.3455853462219238], [-0.741073727607727, -1.4893174171447754], [-0.8120595812797546, -1.3901612758636475], [-0.700394868850708, -1.1573258638381958], [-0.503360390663147, -0.9992202520370483], [-0.7468312978744507, -1.4575031995773315], [-0.8793162703514099, -1.5018593072891235]]","[-1.0, 0.0, -1.0, 1.0, 1.0, 0.0, -1.0, -1.0]",0,"[-1.108263611793518, -1.862419843673706]","[-0.8245858550071716, -1.5787421464920044]","[-0.8409081697463989, -1.595064401626587]",0,1.0,test
472,"[[-1.2371453046798706, -0.6627072691917419], [-1.0909940004348755, -0.6497451663017273], [-1.3305991888046265, -0.8254219889640808], [-1.4826511144638062, -1.0330160856246948], [-1.3161029815673828, -0.897101104259491], [-1.510202407836914, -1.1397629976272583], [-1.78024160861969, -1.5220001935958862], [-1.8433270454406738, -1.6866179704666138]]","[0.0, 0.0, -1.0, -1.0, 1.0, -1.0, 1.0, 1.0]",1,"[-1.8448253870010376, -1.6547833681106567]","[-1.8059734106063843, -1.6159313917160034]","[-2.0671215057373047, -1.8770793676376343]",0,-1.0,test
473,"[[-1.1665791273117065, -0.8238720893859863], [-1.6152535676956177, -0.9922358393669128], [-1.4264397621154785, -0.9626295566558838], [-1.3365217447280884, -0.872897207736969], [-1.3570330142974854, -1.041885256767273], [-1.5456242561340332, -1.2099322080612183], [-1.4139164686203003, -1.3115850687026978], [-1.9278770685195923, -1.6623703241348267]]","[-1.0, 1.0, -1.0, 0.0, 1.0, -1.0, 1.0, 1.0]",1,"[-1.7694700956344604, -1.6115083694458008]","[-1.7294660806655884, -1.5715043544769287]","[-1.9894620180130005, -1.8315002918243408]",0,-1.0,test
474,"[[-0.588873028755188, -0.7467588782310486], [-0.5700514316558838, -0.7117442488670349], [-0.8902655839920044, -0.9715317487716675], [-0.9079727530479431, -0.7787790298461914], [-1.2469085454940796, -0.9363924264907837], [-1.2321025133132935, -0.7303072810173035], [-1.6467158794403076, -1.037103533744812], [-1.8558809757232666, -1.4330618381500244]]","[0.0, 0.0, 1.0, 1.0, -1.0, 1.0, -1.0, -1.0]",0,"[-2.0206382274627686, -1.7447147369384766]","[-1.7555572986602783, -1.4796339273452759]","[-1.7904765605926514, -1.5145530700683594]",0,1.0,test
475,"[[-0.14434818923473358, -1.0325511693954468], [-0.17074231803417206, -0.9856728911399841], [-0.6361411213874817, -1.235541820526123], [-0.7815112471580505, -1.3795015811920166], [-0.9431281089782715, -1.584787130355835], [-0.8640637993812561, -1.443913459777832], [-0.7847062349319458, -1.2724419832229614], [-0.6437491178512573, -1.2016443014144897]]","[-1.0, 0.0, 1.0, 1.0, 1.0, 0.0, -1.0, 0.0]",1,"[-0.6698676943778992, -1.0374025106430054]","[-0.6685348749160767, -1.036069631576538]","[-0.9672020077705383, -1.3347368240356445]",0,-1.0,test
476,"[[-1.5447227954864502, -1.2514809370040894], [-1.6949372291564941, -1.4415169954299927], [-1.4470539093017578, -1.338787317276001], [-1.4412562847137451, -1.4587708711624146], [-1.3255518674850464, -1.4197304248809814], [-1.0390063524246216, -1.3890416622161865], [-1.1295418739318848, -1.4981833696365356], [-1.1080528497695923, -1.4583064317703247]]","[-1.0, -1.0, 0.0, 1.0, 0.0, 0.0, 1.0, 0.0]",1,"[-0.9579105973243713, -1.3157732486724854]","[-0.9384073615074158, -1.2962700128555298]","[-1.2189041376113892, -1.576766848564148]",0,-1.0,test
477,"[[-1.841676115989685, -0.6915139555931091], [-1.7828956842422485, -0.5435352921485901], [-1.8881847858428955, -0.4750341475009918], [-1.7229206562042236, -0.5691370964050293], [-1.8847265243530273, -0.6622934341430664], [-2.0316998958587646, -0.868879497051239], [-1.9167625904083252, -0.8613731265068054], [-1.7988178730010986, -0.7430938482284546]]","[0.0, 0.0, 0.0, 0.0, -1.0, -1.0, 1.0, 1.0]",0,"[-2.1137566566467285, -1.1946156024932861]","[-1.8370543718338013, -0.9179133772850037]","[-1.8603521585464478, -0.9412111639976501]",0,1.0,test
478,"[[-0.41123560070991516, -0.23774023354053497], [-0.23755572736263275, -0.3246542513370514], [-0.163905531167984, -0.4866134524345398], [-0.040302373468875885, -0.31420108675956726], [-0.009865372441709042, -0.396473228931427], [0.027160800993442535, -0.33572933077812195], [-0.3499578833580017, -0.7099547982215881], [-0.5962883830070496, -0.9377739429473877]]","[0.0, 0.0, 0.0, 1.0, 1.0, 1.0, 1.0, 1.0]",1,"[-0.39479994773864746, -0.9454553723335266]","[-0.40550464391708374, -0.9561600685119629]","[-0.716209352016449, -1.2668647766113281]",-1,-1.0,test
479,"[[-1.073477029800415, -1.0967440605163574], [-1.4384130239486694, -1.3558306694030762], [-1.4579124450683594, -1.343745470046997], [-1.503153681755066, -1.6538904905319214], [-1.6728365421295166, -1.5578281879425049], [-1.7363332509994507, -1.8403701782226562], [-1.8361884355545044, -2.13608455657959], [-1.833634853363037, -2.204329490661621]]","[-1.0, 1.0, -1.0, 1.0, -1.0, 1.0, 1.0, -1.0]",0,"[-2.011824369430542, -2.3365848064422607]","[-1.7590975761413574, -2.083858013153076]","[-1.806370735168457, -2.131131172180176]",0,1.0,test
480,"[[-1.5115257501602173, -1.7399154901504517], [-1.4284532070159912, -1.7598841190338135], [-1.3951103687286377, -1.57513427734375], [-1.657336950302124, -1.7722431421279907], [-1.8206872940063477, -1.6520581245422363], [-1.9988220930099487, -1.6717734336853027], [-1.6960296630859375, -1.5176554918289185], [-1.5470750331878662, -1.4382535219192505]]","[-1.0, 0.0, 1.0, -1.0, 0.0, 0.0, 0.0, 1.0]",0,"[-1.9117226600646973, -1.7873088121414185]","[-1.6401376724243164, -1.515723705291748]","[-1.6685526371002197, -1.5441386699676514]",0,1.0,test
481,"[[-1.3564764261245728, -1.7661160230636597], [-1.3853875398635864, -1.694557547569275], [-1.5157588720321655, -1.7986825704574585], [-1.5358729362487793, -1.8123985528945923], [-1.8071950674057007, -2.029390335083008], [-1.6187889575958252, -1.9980093240737915], [-1.463484764099121, -2.011335849761963], [-1.5606451034545898, -2.1661152839660645]]","[0.0, -1.0, 1.0, -1.0, 1.0, -1.0, 0.0, 1.0]",1,"[-1.5607097148895264, -2.1607542037963867]","[-1.517781376838684, -2.117825984954834]","[-1.774852991104126, -2.3748974800109863]",0,-1.0,test
482,"[[-0.8511303067207336, -1.4461286067962646], [-0.8347175717353821, -1.3019174337387085], [-0.6016187071800232, -1.3332624435424805], [-0.6452149748802185, -1.4573630094528198], [-0.8452187180519104, -1.7317321300506592], [-0.7244254946708679, -1.5860402584075928], [-0.6331492066383362, -1.5669758319854736], [-0.8183785676956177, -1.4955931901931763]]","[1.0, 0.0, 0.0, 0.0, 1.0, -1.0, -1.0, -1.0]",1,"[-0.862353503704071, -1.6509356498718262]","[-0.8473114371299744, -1.6358935832977295]","[-1.1322693824768066, -1.9208515882492065]",0,-1.0,test
483,"[[-0.20967191457748413, -0.5096650123596191], [-0.37241479754447937, -0.9218518137931824], [-0.699320375919342, -1.185747742652893], [-0.5705143213272095, -0.8412483334541321], [-0.4807899296283722, -0.8195207118988037], [-0.36147138476371765, -0.8042107224464417], [-0.6513888239860535, -0.981283962726593], [-0.7488654851913452, -0.942804217338562]]","[-1.0, 1.0, 1.0, 0.0, 0.0, 0.0, 1.0, -1.0]",1,"[-0.8947094082832336, -0.883380115032196]","[-0.9007630944252014, -0.889433741569519]","[-1.2068166732788086, -1.195487380027771]",-1,-1.0,test
484,"[[-1.0958096981048584, -1.2326668500900269], [-1.1536372900009155, -1.1028443574905396], [-1.1501394510269165, -1.196121335029602], [-1.1624298095703125, -0.906331479549408], [-0.8670969009399414, -0.8221692442893982], [-0.9568873047828674, -0.643218994140625], [-0.9491046667098999, -0.6084215641021729], [-0.8705119490623474, -0.6064170598983765]]","[0.0, 0.0, -1.0, -1.0, 0.0, 0.0, -1.0, -1.0]",0,"[-1.4658771753311157, -0.9527356028556824]","[-1.152527093887329, -0.6393855810165405]","[-1.1391770839691162, -0.6260355114936829]",1,1.0,test
485,"[[-0.3309357464313507, -0.8426679968833923], [-0.5438406467437744, -1.0945152044296265], [-0.4373913109302521, -1.0298008918762207], [-0.2360258847475052, -0.9247896075248718], [-0.27762287855148315, -0.7348883748054504], [-0.5311815738677979, -0.9843091368675232], [-0.6101793050765991, -0.8294841051101685], [-0.8365815877914429, -1.2150732278823853]]","[-1.0, 1.0, -1.0, -1.0, -1.0, 1.0, 0.0, 1.0]",1,"[-0.8350972533226013, -1.0816290378570557]","[-0.8289730548858643, -1.0755047798156738]","[-1.1228488683700562, -1.3693805932998657]",0,-1.0,test
486,"[[-1.3984237909317017, -1.6352378129959106], [-1.467352271080017, -1.719458818435669], [-1.3476521968841553, -1.8131282329559326], [-1.1144814491271973, -1.7816716432571411], [-1.0079413652420044, -1.6395080089569092], [-1.4740936756134033, -2.038532257080078], [-1.3136664628982544, -1.9388972520828247], [-1.0952496528625488, -1.9382363557815552]]","[0.0, -1.0, 0.0, -1.0, -1.0, 1.0, 0.0, 0.0]",1,"[-1.0857129096984863, -1.8402197360992432]","[-1.0540201663970947, -1.8085269927978516]","[-1.3223274946212769, -2.076834201812744]",0,-1.0,test
487,"[[-0.876899242401123, -0.781400740146637], [-1.2502127885818481, -0.9794800281524658], [-1.3636125326156616, -0.8956698179244995], [-1.6541662216186523, -1.094401478767395], [-1.509090781211853, -1.0621083974838257], [-1.761872410774231, -1.4410831928253174], [-1.704028606414795, -1.3786969184875488], [-1.8814287185668945, -1.7339727878570557]]","[-1.0, 1.0, 0.0, 1.0, -1.0, 1.0, -1.0, 1.0]",1,"[-2.0410845279693604, -1.8749547004699707]","[-2.000767230987549, -1.8346375226974487]","[-2.2604501247406006, -2.094320297241211]",0,-1.0,test
488,"[[-0.8969833850860596, -0.9795717000961304], [-1.3456324338912964, -1.3297369480133057], [-1.414977788925171, -1.3986997604370117], [-1.5128353834152222, -1.643432378768921], [-1.6794040203094482, -1.9215688705444336], [-1.585579514503479, -1.9014068841934204], [-1.7012789249420166, -1.932554841041565], [-1.5433241128921509, -1.778655767440796]]","[-1.0, -1.0, 1.0, -1.0, 1.0, -1.0, -1.0, -1.0]",1,"[-1.4346673488616943, -1.7720460891723633]","[-1.3994810581207275, -1.7368597984313965]","[-1.664294719696045, -2.001673460006714]",0,-1.0,test
489,"[[-1.0819406509399414, -1.5714507102966309], [-1.0867706537246704, -1.5914418697357178], [-1.0851256847381592, -1.7627036571502686], [-1.1102393865585327, -1.7950383424758911], [-1.3512154817581177, -2.077136516571045], [-1.2603118419647217, -2.001770257949829], [-1.26109778881073, -2.0076937675476074], [-1.5176877975463867, -2.144397497177124]]","[-1.0, -1.0, 1.0, -1.0, 1.0, 0.0, 0.0, 1.0]",1,"[-1.5474215745925903, -1.9680522680282593]","[-1.5054798126220703, -1.9261106252670288]","[-1.763538122177124, -2.184168815612793]",0,-1.0,test
490,"[[-0.7591061592102051, -0.16371522843837738], [-0.6925342679023743, -0.03675888106226921], [-0.6463012099266052, -0.0017421648371964693], [-1.1035454273223877, -0.35074901580810547], [-1.3527963161468506, -0.46430039405822754], [-1.3575029373168945, -0.5019717812538147], [-1.0704593658447266, -0.4515327513217926], [-0.9115104079246521, -0.39343762397766113]]","[0.0, -1.0, 0.0, 1.0, -1.0, 1.0, -1.0, 1.0]",0,"[-1.2760372161865234, -0.8389975428581238]","[-0.9589694142341614, -0.5219297409057617]","[-0.9419015645980835, -0.5048618912696838]",1,1.0,test
491,"[[-0.21310867369174957, -1.728036880493164], [-0.11001371592283249, -1.6061835289001465], [-0.046874139457941055, -1.3632227182388306], [-0.11485729366540909, -1.2258108854293823], [-0.3313647210597992, -1.4527907371520996], [-0.5681920051574707, -1.7339913845062256], [-0.27506327629089355, -1.6684799194335938], [-0.4868161380290985, -1.8328193426132202]]","[0.0, 0.0, -1.0, -1.0, 1.0, 1.0, -1.0, 1.0]",1,"[-0.46494683623313904, -1.8586698770523071]","[-0.4432714283466339, -1.8369944095611572]","[-0.7215960025787354, -2.115319013595581]",0,-1.0,test
492,"[[-1.1492761373519897, -1.180145025253296], [-0.9696930050849915, -1.125980019569397], [-1.0901305675506592, -1.0939574241638184], [-1.3087154626846313, -1.3059744834899902], [-1.5656752586364746, -1.2852407693862915], [-1.5243505239486694, -1.4805623292922974], [-1.5241148471832275, -1.494115948677063], [-1.556212067604065, -1.5921168327331543]]","[-1.0, 0.0, 1.0, -1.0, -1.0, -1.0, -1.0, 1.0]",1,"[-1.3702336549758911, -1.8652894496917725]","[-1.3385391235351562, -1.8335949182510376]","[-1.6068445444107056, -2.101900339126587]",0,-1.0,test
493,"[[-0.9953755736351013, -1.484887719154358], [-0.963549017906189, -1.5668052434921265], [-1.1494288444519043, -1.6758519411087036], [-0.9952018857002258, -1.644288182258606], [-1.0811783075332642, -1.4902961254119873], [-0.9706311821937561, -1.4002645015716553], [-1.3113404512405396, -1.4757007360458374], [-1.272255301475525, -1.443233847618103]]","[1.0, 1.0, -1.0, 0.0, 0.0, 0.0, 1.0, 0.0]",1,"[-1.2092727422714233, -1.3275130987167358]","[-1.1866955757141113, -1.3049359321594238]","[-1.464118480682373, -1.582358717918396]",0,-1.0,test
494,"[[-1.0796313285827637, -1.2308149337768555], [-1.3507905006408691, -1.3793575763702393], [-1.3045496940612793, -1.51994788646698], [-1.5765941143035889, -1.7436374425888062], [-1.4382892847061157, -1.7161399126052856], [-1.3202835321426392, -1.3921184539794922], [-1.3022574186325073, -1.461409091949463], [-1.2373615503311157, -1.2866007089614868]]","[0.0, 1.0, -1.0, 1.0, 0.0, 0.0, 0.0, 0.0]",1,"[-1.11056387424469, -1.4335393905639648]","[-1.0926625728607178, -1.4156380891799927]","[-1.3747612237930298, -1.6977366209030151]",0,-1.0,test
495,"[[-0.05912841483950615, -0.7966638803482056], [0.10802363604307175, -0.5831457376480103], [-0.32755333185195923, -0.7080096006393433], [-0.19960805773735046, -0.688209593296051], [-0.5788767337799072, -0.8527688384056091], [-0.39698946475982666, -0.7927682995796204], [-0.4390179216861725, -0.5808641910552979], [-0.2576838433742523, -0.5713726878166199]]","[1.0, -1.0, 1.0, 0.0, 1.0, 0.0, -1.0, 0.0]",0,"[-0.4509706497192383, -0.8278570771217346]","[-0.11062435805797577, -0.4875107705593109]","[-0.07027807086706161, -0.44716447591781616]",1,1.0,test
496,"[[-0.925553560256958, -1.166108250617981], [-0.8940005898475647, -1.00600266456604], [-0.8729963302612305, -0.9043383598327637], [-0.8774471282958984, -0.7467226386070251], [-0.8804193139076233, -0.7507420182228088], [-1.2643486261367798, -0.6940112113952637], [-1.3536183834075928, -0.5939500331878662], [-1.4339436292648315, -0.6358572840690613]]","[0.0, 0.0, 0.0, 0.0, 0.0, 1.0, -1.0, -1.0]",1,"[-1.6179364919662476, -0.6406856179237366]","[-1.608047366142273, -0.6307965517044067]","[-1.898158311843872, -0.9209074974060059]",0,-1.0,test
497,"[[-0.7180339097976685, -1.442081332206726], [-0.9950709939002991, -1.3607028722763062], [-1.015665054321289, -1.220895767211914], [-1.0461117029190063, -1.2096537351608276], [-1.0440057516098022, -1.1762876510620117], [-1.2268489599227905, -1.3497583866119385], [-1.0866223573684692, -1.2898741960525513], [-1.459462285041809, -1.7984824180603027]]","[-1.0, 0.0, 0.0, -1.0, -1.0, 1.0, 0.0, 1.0]",1,"[-1.508430004119873, -1.873427391052246]","[-1.474273920059204, -1.8392713069915771]","[-1.7401177883148193, -2.1051151752471924]",0,-1.0,test
498,"[[-0.81357342004776, -0.29192227125167847], [-1.206699252128601, -0.5850401520729065], [-1.5656434297561646, -0.7766168117523193], [-1.2934226989746094, -0.7225347757339478], [-1.3337432146072388, -0.7586672306060791], [-1.2612041234970093, -0.6599169373512268], [-1.1047308444976807, -0.7186242341995239], [-1.0816924571990967, -0.9743726849555969]]","[1.0, -1.0, -1.0, -1.0, -1.0, 0.0, 0.0, -1.0]",0,"[-1.3798505067825317, -1.3891255855560303]","[-1.0851677656173706, -1.0944428443908691]","[-1.0904849767684937, -1.0997600555419922]",0,1.0,test
499,"[[-1.7526313066482544, -1.5084928274154663], [-1.8050955533981323, -1.5257389545440674], [-2.030636787414551, -1.7818399667739868], [-2.2526021003723145, -2.093170404434204], [-2.28955340385437, -2.0328946113586426], [-2.179473400115967, -1.8940398693084717], [-2.108886957168579, -1.934992790222168], [-1.9213063716888428, -1.8104640245437622]]","[1.0, 0.0, -1.0, -1.0, 1.0, 0.0, 0.0, 0.0]",0,"[-2.055405616760254, -1.7943782806396484]","[-1.7976452112197876, -1.5366178750991821]","[-1.839884877204895, -1.5788575410842896]",0,1.0,test
500,"[[-0.9511488676071167, -1.348160982131958], [-1.3126980066299438, -1.5652337074279785], [-1.6727042198181152, -1.7147765159606934], [-1.9116003513336182, -1.88655686378479], [-1.704371690750122, -1.710377812385559], [-1.6065905094146729, -1.8478786945343018], [-1.4292746782302856, -1.5696594715118408], [-1.6536575555801392, -1.596068024635315]]","[-1.0, 1.0, 1.0, 1.0, -1.0, 0.0, 1.0, -1.0]",0,"[-1.8311432600021362, -1.7855807542800903]","[-1.564817190170288, -1.5192546844482422]","[-1.5984911918640137, -1.5529286861419678]",0,1.0,test
501,"[[-0.9102927446365356, -0.6849979758262634], [-1.2225849628448486, -1.078838586807251], [-1.1935625076293945, -0.9107486605644226], [-1.0361170768737793, -0.7126460075378418], [-1.0357134342193604, -0.6961254477500916], [-1.207574725151062, -0.8170575499534607], [-1.2092431783676147, -0.7454264163970947], [-1.2110860347747803, -0.7311713099479675]]","[1.0, -1.0, 1.0, 0.0, 0.0, -1.0, 0.0, 1.0]",0,"[-1.5124636888504028, -1.041827917098999]","[-1.216037392616272, -0.7454016208648682]","[-1.2196110486984253, -0.7489753365516663]",0,1.0,test
502,"[[-1.3819022178649902, -1.5289593935012817], [-1.422305703163147, -1.335777759552002], [-1.6432991027832031, -1.3201770782470703], [-1.5561907291412354, -1.3051202297210693], [-1.629042625427246, -1.3258531093597412], [-1.7682671546936035, -1.130411982536316], [-1.6501308679580688, -0.9298399090766907], [-1.7150155305862427, -0.7834841012954712]]","[1.0, 0.0, -1.0, 0.0, 0.0, -1.0, 0.0, 0.0]",1,"[-1.591559886932373, -0.6872848868370056]","[-1.5702433586120605, -0.6659682989120483]","[-1.8489267826080322, -0.9446517825126648]",0,-1.0,test
503,"[[-1.0913326740264893, -0.9450259208679199], [-1.3179497718811035, -1.1978446245193481], [-1.171822190284729, -1.1229742765426636], [-1.4350017309188843, -1.2959433794021606], [-1.5861469507217407, -1.5332539081573486], [-1.7940726280212402, -1.7343307733535767], [-1.8112311363220215, -1.8500869274139404], [-1.8712431192398071, -1.734826683998108]]","[0.0, -1.0, 0.0, -1.0, -1.0, -1.0, -1.0, 1.0]",0,"[-2.2372403144836426, -2.095695734024048]","[-1.977391242980957, -1.8358466625213623]","[-2.0175421237945557, -1.8759976625442505]",0,1.0,test
504,"[[-0.47185271978378296, -0.371563196182251], [-0.5713628530502319, -0.23524820804595947], [-0.7949384450912476, -0.6245739459991455], [-1.1022231578826904, -0.7339047789573669], [-0.9260573387145996, -0.572673499584198], [-0.890720546245575, -0.3605327904224396], [-0.9416889548301697, -0.35396715998649597], [-0.8373735547065735, -0.15661385655403137]]","[0.0, 1.0, -1.0, -1.0, 0.0, 1.0, 0.0, 0.0]",0,"[-1.036149501800537, -0.4708348512649536]","[-0.7108273506164551, -0.14551272988319397]","[-0.6855052709579468, -0.12019061297178268]",1,1.0,test
505,"[[0.5563169717788696, -0.039332032203674316], [0.43058088421821594, -0.14998739957809448], [0.672109842300415, -0.3015821576118469], [0.5276079773902893, -0.2152184545993805], [0.18455152213573456, -0.2430316060781479], [0.4116326868534088, -0.24859021604061127], [0.005335848778486252, -0.49374622106552124], [-0.10189410299062729, -0.8721142411231995]]","[1.0, 0.0, 1.0, 0.0, 0.0, 0.0, -1.0, -1.0]",0,"[-0.4441075921058655, -1.107986569404602]","[-0.12037862092256546, -0.7842575907707214]","[-0.096649669110775, -0.7605286836624146]",1,1.0,test
506,"[[-0.9807450771331787, -0.6241825819015503], [-0.9390879273414612, -0.6414465308189392], [-0.8593387007713318, -0.6583568453788757], [-0.7904433608055115, -0.5947540998458862], [-0.8154958486557007, -0.577087938785553], [-0.8128516674041748, -0.3906590938568115], [-0.895223081111908, -0.18680094182491302], [-0.8120672702789307, -0.12017306685447693]]","[-1.0, 1.0, 1.0, 1.0, 0.0, 0.0, 0.0, 0.0]",0,"[-1.1547104120254517, -0.5242182016372681]","[-0.8274627327919006, -0.19697047770023346]","[-0.8002150058746338, -0.169722780585289]",1,1.0,test
507,"[[-1.5108734369277954, -1.2500929832458496], [-1.647533893585205, -1.2374919652938843], [-1.3896218538284302, -1.160863995552063], [-1.4708980321884155, -1.4450750350952148], [-1.8690141439437866, -1.4177671670913696], [-1.6375011205673218, -1.2434941530227661], [-1.766213059425354, -1.487808346748352], [-1.7448678016662598, -1.4536267518997192]]","[1.0, -1.0, -1.0, 1.0, 1.0, 0.0, 1.0, -1.0]",1,"[-1.8390328884124756, -1.6192880868911743]","[-1.8061004877090454, -1.5863556861877441]","[-2.0731682777404785, -1.8534234762191772]",0,-1.0,test
508,"[[-0.90604168176651, -0.7979362607002258], [-1.162865161895752, -1.0926514863967896], [-1.257581353187561, -0.9497241973876953], [-1.5175867080688477, -1.0636048316955566], [-1.301181435585022, -0.9696681499481201], [-1.169515609741211, -0.9981537461280823], [-1.5231903791427612, -1.3428432941436768], [-1.726061224937439, -1.1032484769821167]]","[0.0, 1.0, 0.0, -1.0, 0.0, 1.0, -1.0, 1.0]",0,"[-2.087178945541382, -1.07459557056427]","[-1.8136770725250244, -0.8010936975479126]","[-1.8401752710342407, -0.8275918364524841]",0,1.0,test
509,"[[-1.4524986743927002, -0.7693427801132202], [-1.5487645864486694, -0.6779277324676514], [-1.6116477251052856, -0.7724165916442871], [-1.5771430730819702, -0.6813669204711914], [-1.5877635478973389, -0.9784970283508301], [-1.5433093309402466, -0.862537682056427], [-1.6720848083496094, -0.7259817123413086], [-1.6185967922210693, -0.841973066329956]]","[-1.0, 0.0, -1.0, -1.0, 1.0, -1.0, -1.0, 0.0]",1,"[-1.6313384771347046, -0.666759192943573]","[-1.612074851989746, -0.647495448589325]","[-1.8928110599517822, -0.9282317757606506]",0,-1.0,test
510,"[[-1.0590260028839111, -1.1532255411148071], [-1.2219208478927612, -1.513588309288025], [-1.096346139907837, -1.180358648300171], [-1.0869609117507935, -0.9867271780967712], [-0.6790594458580017, -0.9714744091033936], [-0.44523584842681885, -1.0035674571990967], [-0.41857558488845825, -0.8637360334396362], [-0.22283457219600677, -0.9215049147605896]]","[-1.0, 1.0, -1.0, -1.0, 0.0, 0.0, -1.0, -1.0]",1,"[-0.25578340888023376, -0.793220579624176]","[-0.2753862142562866, -0.8128233551979065]","[-0.594989001750946, -1.132426142692566]",-1,-1.0,test
511,"[[-1.6968082189559937, -0.9151487350463867], [-1.7798700332641602, -1.2598397731781006], [-1.8328771591186523, -1.4526915550231934], [-1.9301625490188599, -1.3358622789382935], [-1.6697278022766113, -1.220857858657837], [-1.9112217426300049, -1.3018563985824585], [-2.027791738510132, -1.4539334774017334], [-1.9879494905471802, -1.3037010431289673]]","[0.0, 1.0, 1.0, 0.0, 0.0, 1.0, 1.0, -1.0]",1,"[-1.8544238805770874, -1.1163735389709473]","[-1.818649411201477, -1.080599069595337]","[-2.0828750133514404, -1.3448246717453003]",0,-1.0,test
512,"[[-0.8759976029396057, -1.7323561906814575], [-0.8294808268547058, -1.6820721626281738], [-0.8521276116371155, -1.6187200546264648], [-0.7826231718063354, -1.8283741474151611], [-0.942610502243042, -2.056349039077759], [-1.018448829650879, -1.8126286268234253], [-1.2888795137405396, -2.010110378265381], [-1.1983227729797363, -1.8773269653320312]]","[1.0, 1.0, 1.0, 1.0, -1.0, 1.0, -1.0, 0.0]",1,"[-1.422183632850647, -1.773594617843628]","[-1.3904658555984497, -1.7418767213821411]","[-1.658747911453247, -2.0101587772369385]",0,-1.0,test
513,"[[-0.8103946447372437, -1.448408603668213], [-0.7709234952926636, -1.4287723302841187], [-0.6814936995506287, -1.3646026849746704], [-0.711159348487854, -1.3211835622787476], [-0.6314785480499268, -1.3313415050506592], [-0.6414573192596436, -1.2193151712417603], [-1.2657941579818726, -1.5037814378738403], [-1.3701835870742798, -1.4702128171920776]]","[1.0, -1.0, 0.0, -1.0, -1.0, 1.0, -1.0, 0.0]",0,"[-1.5635573863983154, -1.6599096059799194]","[-1.2888600826263428, -1.3852123022079468]","[-1.3141627311706543, -1.4105149507522583]",0,1.0,test
514,"[[-1.7386665344238281, -1.2245705127716064], [-1.9406607151031494, -1.3538528680801392], [-1.9780592918395996, -1.624407410621643], [-1.8832323551177979, -1.3485242128372192], [-1.841982364654541, -1.7528610229492188], [-2.0315544605255127, -1.961939811706543], [-2.050352096557617, -2.1760144233703613], [-2.0709996223449707, -2.5466442108154297]]","[0.0, -1.0, -1.0, 1.0, -1.0, -1.0, -1.0, -1.0]",0,"[-2.244417667388916, -2.63870906829834]","[-1.9997644424438477, -2.3940560817718506]","[-2.0551114082336426, -2.4494028091430664]",0,1.0,test
515,"[[-0.9726895093917847, -1.6639693975448608], [-1.2516130208969116, -1.761772871017456], [-1.2791908979415894, -1.469783067703247], [-1.3094089031219482, -1.34060800075531], [-1.3262684345245361, -1.032693862915039], [-1.4639936685562134, -1.3039007186889648], [-2.042649984359741, -1.591607928276062], [-2.00712513923645, -1.4149342775344849]]","[1.0, 1.0, 0.0, 1.0, 1.0, -1.0, -1.0, 1.0]",0,"[-2.03045392036438, -1.6814614534378052]","[-1.7682386636734009, -1.4192461967468262]","[-1.8060234785079956, -1.457031011581421]",0,1.0,test
516,"[[-1.149787425994873, -1.5525476932525635], [-0.9339462518692017, -1.5583864450454712], [-0.9165034890174866, -1.3921586275100708], [-1.1089750528335571, -1.4923585653305054], [-1.2098053693771362, -1.5012288093566895], [-1.2297327518463135, -1.2557356357574463], [-1.4346442222595215, -1.5623533725738525], [-1.2773430347442627, -1.4376556873321533]]","[-1.0, 0.0, 0.0, 1.0, -1.0, 0.0, 1.0, -1.0]",1,"[-1.3837894201278687, -1.371411681175232]","[-1.3612383604049683, -1.348860740661621]","[-1.6386873722076416, -1.6263097524642944]",0,-1.0,test
517,"[[-1.2470808029174805, -0.7654612064361572], [-1.1434377431869507, -0.7122419476509094], [-1.220178246498108, -0.5682715177536011], [-1.3024163246154785, -0.5374563932418823], [-1.2947009801864624, -0.5668596029281616], [-1.1750673055648804, -0.3210636377334595], [-1.606299877166748, -0.41792336106300354], [-1.4784578084945679, -0.3169775903224945]]","[1.0, 1.0, 0.0, 1.0, 1.0, 1.0, -1.0, 0.0]",0,"[-1.7109074592590332, -0.6114846467971802]","[-1.418540596961975, -0.3191179037094116]","[-1.4261739253997803, -0.32675114274024963]",0,1.0,test
518,"[[-0.9368458986282349, -0.9438156485557556], [-1.1050485372543335, -1.1846343278884888], [-1.3222850561141968, -1.4611542224884033], [-1.210361361503601, -1.515249490737915], [-1.2207070589065552, -1.3901541233062744], [-1.3988597393035889, -1.6609828472137451], [-1.2471047639846802, -1.6258286237716675], [-1.0682951211929321, -1.5364525318145752]]","[0.0, 1.0, 1.0, -1.0, 0.0, 1.0, 0.0, -1.0]",1,"[-1.1315134763717651, -1.594231367111206]","[-1.1106674671173096, -1.5733853578567505]","[-1.3898215293884277, -1.852539300918579]",0,-1.0,test
519,"[[-2.1536505222320557, -1.3138753175735474], [-2.322175979614258, -1.5986131429672241], [-2.160609245300293, -1.6641021966934204], [-2.1759471893310547, -1.6158970594406128], [-2.184323310852051, -1.7230509519577026], [-2.131835699081421, -1.6025996208190918], [-2.4503583908081055, -1.8247698545455933], [-2.652369499206543, -1.7798441648483276]]","[-1.0, -1.0, 0.0, 1.0, 0.0, -1.0, 1.0, 1.0]",1,"[-2.39570689201355, -1.6768276691436768]","[-2.341968059539795, -1.6230888366699219]","[-2.5882294178009033, -1.8693500757217407]",0,-1.0,test
520,"[[-0.19365820288658142, -1.674220323562622], [-0.26956090331077576, -1.382250189781189], [-0.4939667880535126, -1.5745548009872437], [-0.5006656050682068, -1.5337809324264526], [-0.6700361967086792, -1.7624270915985107], [-0.683851957321167, -1.6429191827774048], [-0.48783862590789795, -1.5890483856201172], [-0.8022397756576538, -1.8208873271942139]]","[0.0, 0.0, -1.0, 0.0, 1.0, 0.0, 0.0, 1.0]",1,"[-0.9028705358505249, -1.9890495538711548]","[-0.8781907558441162, -1.964369773864746]","[-1.1535109281539917, -2.239690065383911]",0,-1.0,test
521,"[[-0.4895147979259491, -0.3068360686302185], [-0.5682242512702942, -0.3370899260044098], [-0.6733589172363281, -0.2531515657901764], [-0.4836972653865814, 0.04524996876716614], [-0.3749711513519287, -0.10577426105737686], [-0.6261566877365112, -0.20484644174575806], [-0.5459924936294556, -0.08353880047798157], [-0.9129826426506042, -0.4948611557483673]]","[-1.0, 0.0, 0.0, -1.0, -1.0, 1.0, 0.0, 1.0]",1,"[-0.6784247159957886, -0.39977964758872986]","[-0.6929810643196106, -0.41433602571487427]","[-1.0075374841690063, -0.72889244556427]",-1,-1.0,test
522,"[[-0.8900661468505859, -1.1728408336639404], [-1.4022350311279297, -1.3110641241073608], [-1.538787603378296, -1.7187031507492065], [-1.5997014045715332, -2.018416166305542], [-1.6455825567245483, -2.0570106506347656], [-1.4846327304840088, -1.9285972118377686], [-1.484489917755127, -1.7801580429077148], [-1.756723403930664, -1.9433362483978271]]","[-1.0, -1.0, -1.0, -1.0, -1.0, 1.0, 0.0, -1.0]",0,"[-2.0657577514648438, -2.0399036407470703]","[-1.8075246810913086, -1.7816705703735352]","[-1.8492916822433472, -1.8234375715255737]",0,1.0,test
523,"[[-0.8548182845115662, -0.061709146946668625], [-0.9648362398147583, 0.10446618497371674], [-0.5580654144287109, 0.09171141684055328], [-0.46096378564834595, -0.10365970432758331], [-0.5330379009246826, -0.1708776354789734], [-0.41842663288116455, -0.05592167004942894], [-0.4770551323890686, -0.342402845621109], [-0.7544304728507996, -0.7792004942893982]]","[-1.0, 1.0, 0.0, 0.0, 0.0, 0.0, 0.0, -1.0]",1,"[-0.6524859070777893, -0.6832292675971985]","[-0.664582371711731, -0.6953257918357849]","[-0.9766789078712463, -1.0074223279953003]",-1,-1.0,test
524,"[[-0.6946227550506592, -1.0180470943450928], [-0.7862305045127869, -0.958422839641571], [-0.7923915982246399, -1.0050406455993652], [-1.2176575660705566, -1.1117979288101196], [-1.284711480140686, -1.0271912813186646], [-1.3902043104171753, -0.7631426453590393], [-1.2401193380355835, -0.8217687010765076], [-1.2126609086990356, -0.6204122304916382]]","[1.0, -1.0, 0.0, 1.0, 0.0, 1.0, 0.0, -1.0]",1,"[-1.119429349899292, -0.6458675861358643]","[-1.1181436777114868, -0.6445818543434143]","[-1.4168579578399658, -0.9432961344718933]",0,-1.0,test
525,"[[-1.2618825435638428, -1.0578645467758179], [-1.3769433498382568, -1.2482727766036987], [-1.0908172130584717, -1.1859949827194214], [-1.4205673933029175, -1.4855694770812988], [-1.3901954889297485, -1.508916974067688], [-1.3737903833389282, -1.353485107421875], [-1.3021130561828613, -1.6218593120574951], [-1.4236805438995361, -1.3273500204086304]]","[-1.0, -1.0, 1.0, -1.0, 0.0, -1.0, 1.0, -1.0]",1,"[-1.3573060035705566, -1.432525396347046]","[-1.3340016603469849, -1.4092211723327637]","[-1.6106973886489868, -1.685916781425476]",0,-1.0,test
526,"[[-1.2671316862106323, -1.2591431140899658], [-1.3311553001403809, -1.1608432531356812], [-1.1735080480575562, -1.0833207368850708], [-1.4543582201004028, -1.2588399648666382], [-1.4843436479568481, -0.947734534740448], [-1.6000295877456665, -1.268485426902771], [-1.392735481262207, -1.1527220010757446], [-1.4436347484588623, -1.3821593523025513]]","[-1.0, -1.0, -1.0, 1.0, 0.0, 1.0, -1.0, 1.0]",1,"[-1.3713278770446777, -1.5642683506011963]","[-1.3463714122772217, -1.5393117666244507]","[-1.6214147806167603, -1.8143551349639893]",0,-1.0,test
527,"[[-0.8061398863792419, -1.4902312755584717], [-0.993573009967804, -1.2589409351348877], [-0.968440055847168, -1.2487117052078247], [-0.7049133777618408, -1.165374517440796], [-0.669441819190979, -1.3531365394592285], [-0.8415694236755371, -1.554037094116211], [-0.6330739855766296, -1.3610762357711792], [-0.6859149932861328, -1.3698875904083252]]","[-1.0, 1.0, 0.0, 0.0, 1.0, -1.0, 1.0, 1.0]",0,"[-1.0787330865859985, -1.5814337730407715]","[-0.7871708869934082, -1.2898715734481812]","[-0.795608639717102, -1.298309326171875]",0,1.0,test
528,"[[-2.472630500793457, -1.3565962314605713], [-2.1937365531921387, -1.41714346408844], [-2.328968048095703, -1.5537554025650024], [-2.4774281978607178, -1.627761721611023], [-2.4519002437591553, -1.647704005241394], [-2.381657123565674, -1.8945778608322144], [-2.1932361125946045, -1.8219692707061768], [-2.1233770847320557, -1.8093215227127075]]","[1.0, 0.0, 1.0, -1.0, 1.0, -1.0, 1.0, 0.0]",0,"[-2.227100372314453, -2.0641918182373047]","[-1.9727095365524292, -1.8098008632659912]","[-2.0183186531066895, -1.8554099798202515]",0,1.0,test
529,"[[-1.1243810653686523, -1.231387734413147], [-1.25775945186615, -1.4519014358520508], [-1.1473560333251953, -1.5510026216506958], [-1.2344878911972046, -1.633819580078125], [-1.3685071468353271, -1.992235779762268], [-1.2176916599273682, -1.9412381649017334], [-1.2394565343856812, -1.8481566905975342], [-1.3492802381515503, -1.778751015663147]]","[1.0, -1.0, 0.0, -1.0, -1.0, 0.0, 0.0, 0.0]",0,"[-1.622970461845398, -2.0481746196746826]","[-1.35483980178833, -1.7800438404083252]","[-1.386709213256836, -1.811913251876831]",0,1.0,test
530,"[[-0.9534299969673157, -0.45122596621513367], [-1.2245385646820068, -0.7052802443504333], [-1.36203134059906, -0.5633537769317627], [-1.4160587787628174, -0.8009686470031738], [-1.1556957960128784, -0.7096448540687561], [-1.091346025466919, -0.6171591877937317], [-0.9760900139808655, -0.4873427748680115], [-0.933036744594574, -0.5055764317512512]]","[-1.0, -1.0, 1.0, -1.0, 1.0, 0.0, 0.0, -1.0]",0,"[-1.1276497840881348, -0.8667802810668945]","[-0.814315676689148, -0.5534461140632629]","[-0.8009815216064453, -0.5401119589805603]",1,1.0,test
531,"[[-0.7723734974861145, -0.9243370294570923], [-1.1338683366775513, -1.1628637313842773], [-1.3784860372543335, -1.2955893278121948], [-1.2382161617279053, -1.6212115287780762], [-1.5220659971237183, -1.6816432476043701], [-1.7252390384674072, -1.8806111812591553], [-1.7727676630020142, -1.877532720565796], [-1.9678987264633179, -1.9112060070037842]]","[1.0, 1.0, 1.0, 0.0, 1.0, 1.0, -1.0, -1.0]",1,"[-1.859546422958374, -1.8878668546676636]","[-1.8149596452713013, -1.8432801961898804]","[-2.070373058319092, -2.098693370819092]",0,-1.0,test
532,"[[-0.37048104405403137, -0.356142520904541], [-0.3871271312236786, -0.10440150648355484], [-0.39195534586906433, -0.22050151228904724], [-0.8187345266342163, -0.8075107932090759], [-0.9177428483963013, -1.393432855606079], [-1.2889924049377441, -1.6398799419403076], [-1.1962835788726807, -1.5111777782440186], [-1.2659214735031128, -1.3423168659210205]]","[1.0, 1.0, 0.0, 1.0, 1.0, -1.0, 0.0, 1.0]",0,"[-1.5106005668640137, -1.5014156103134155]","[-1.2305647134780884, -1.2213798761367798]","[-1.2505289316177368, -1.2413439750671387]",0,1.0,test
533,"[[-1.5739223957061768, -1.1162575483322144], [-1.9330229759216309, -1.3287149667739868], [-2.050628900527954, -1.3726738691329956], [-2.2278075218200684, -1.354772925376892], [-2.42513108253479, -1.571982979774475], [-2.5861475467681885, -1.7396397590637207], [-2.7926247119903564, -1.883209228515625], [-2.6967687606811523, -1.8279558420181274]]","[-1.0, -1.0, 0.0, -1.0, 1.0, 1.0, 1.0, -1.0]",1,"[-2.321013927459717, -1.5213249921798706]","[-2.266108751296997, -1.4664198160171509]","[-2.5112035274505615, -1.7115145921707153]",0,-1.0,test
534,"[[-1.2182050943374634, -1.6408511400222778], [-1.205180287361145, -1.6040486097335815], [-1.048277735710144, -1.5727460384368896], [-0.7642762660980225, -1.4192484617233276], [-0.8472047448158264, -1.224686622619629], [-0.7427772283554077, -1.170001745223999], [-1.0223801136016846, -1.4511938095092773], [-0.7480503916740417, -1.4031076431274414]]","[0.0, 0.0, -1.0, -1.0, -1.0, 0.0, 1.0, -1.0]",1,"[-0.6992482542991638, -1.1729775667190552]","[-0.6885217428207397, -1.1622509956359863]","[-0.9777951836585999, -1.4515244960784912]",0,-1.0,test
535,"[[-0.34310758113861084, -0.5037884712219238], [-0.3464853763580322, -0.5166149735450745], [-0.20207785069942474, -0.5537264943122864], [-0.2007361799478531, -0.6271812915802002], [-0.6307084560394287, -1.0318350791931152], [-0.5403768420219421, -1.1069480180740356], [-0.5088974833488464, -0.9641811847686768], [-0.5656681060791016, -0.8888822197914124]]","[-1.0, 1.0, 0.0, 0.0, -1.0, 1.0, 0.0, 1.0]",0,"[-0.8079512715339661, -1.202536702156067]","[-0.4942106008529663, -0.8887959718704224]","[-0.4804699122905731, -0.8750553131103516]",1,1.0,test
536,"[[-0.4756142497062683, -0.24176858365535736], [-0.49797484278678894, -0.1406945437192917], [-0.9323462843894958, -0.240191251039505], [-1.1084914207458496, -0.14359420537948608], [-1.3834434747695923, -0.476765900850296], [-1.1140201091766357, -0.324861079454422], [-1.2058665752410889, -0.7186362743377686], [-1.5246186256408691, -0.9175299406051636]]","[-1.0, 0.0, -1.0, 0.0, -1.0, 0.0, 1.0, 1.0]",1,"[-1.5173234939575195, -0.8625996708869934]","[-1.4996190071105957, -0.8448952436447144]","[-1.7819145917892456, -1.1271908283233643]",0,-1.0,test
537,"[[-1.1715402603149414, -1.3311372995376587], [-1.3118033409118652, -1.1984091997146606], [-1.3967198133468628, -1.6081844568252563], [-1.800645112991333, -1.7840931415557861], [-1.8707668781280518, -1.7007534503936768], [-1.7486822605133057, -1.662327766418457], [-1.8757743835449219, -1.4688037633895874], [-1.7989779710769653, -1.4143980741500854]]","[1.0, 0.0, -1.0, -1.0, 0.0, 1.0, 1.0, 0.0]",0,"[-2.0144431591033936, -1.7588540315628052]","[-1.747849941253662, -1.4922608137130737]","[-1.7812567949295044, -1.525667667388916]",0,1.0,test
538,"[[-1.7456916570663452, -1.6929007768630981], [-1.7481083869934082, -1.6228314638137817], [-1.733323574066162, -1.6080080270767212], [-1.9365640878677368, -1.9293385744094849], [-1.758586049079895, -1.797174096107483], [-1.5791115760803223, -1.9292244911193848], [-1.471107840538025, -1.9142911434173584], [-1.5744115114212036, -1.801090121269226]]","[0.0, -1.0, -1.0, 1.0, 0.0, 0.0, -1.0, -1.0]",1,"[-1.5376695394515991, -1.7906397581100464]","[-1.50150728225708, -1.7544775009155273]","[-1.7653450965881348, -2.018315315246582]",0,-1.0,test
539,"[[-0.40023311972618103, -0.30947762727737427], [-0.6049049496650696, -0.6641192436218262], [-0.6391490697860718, -0.6840274930000305], [-0.661243200302124, -0.6896015405654907], [-0.718299388885498, -0.8409886956214905], [-0.8756464123725891, -0.8973019123077393], [-1.077293038368225, -1.0854939222335815], [-1.0665860176086426, -0.9183957576751709]]","[0.0, 1.0, 0.0, 0.0, 0.0, -1.0, -1.0, 0.0]",0,"[-1.377704381942749, -1.072593092918396]","[-1.080969214439392, -0.7758579254150391]","[-1.0842341184616089, -0.7791228294372559]",0,1.0,test
540,"[[-1.6979317665100098, 0.016079168766736984], [-1.7396106719970703, 0.015002764761447906], [-1.930397868156433, -0.23991616070270538], [-1.8704833984375, -0.3571275472640991], [-1.881827473640442, -0.3542657494544983], [-1.795113444328308, -0.23390866816043854], [-1.9456688165664673, -0.6024503111839294], [-1.5598288774490356, -0.5525900721549988]]","[-1.0, 0.0, 1.0, 0.0, 0.0, 0.0, 1.0, 0.0]",1,"[-1.278464674949646, -0.6241684556007385]","[-1.2652703523635864, -0.6109741926193237]","[-1.5520761013031006, -0.8977799415588379]",0,-1.0,test
541,"[[-1.500722885131836, 0.1132100373506546], [-1.832650899887085, -0.2303832620382309], [-1.9224748611450195, -0.29165875911712646], [-1.954940915107727, -0.3923666775226593], [-1.8891091346740723, -0.19093354046344757], [-2.0176608562469482, -0.11253716796636581], [-2.204216241836548, -0.34710732102394104], [-2.3775689601898193, -0.6898645162582397]]","[-1.0, 1.0, -1.0, 0.0, 0.0, 0.0, 1.0, 1.0]",1,"[-2.2722761631011963, -0.7109387516975403]","[-2.233992338180542, -0.6726548671722412]","[-2.495708465576172, -0.9343709349632263]",0,-1.0,test
542,"[[-0.2178310751914978, -0.5130378007888794], [-0.43534812331199646, -0.5610811114311218], [-0.40759706497192383, -0.6477950215339661], [-0.24293220043182373, -0.6018006205558777], [-0.09155923128128052, -0.7923102378845215], [-0.1785028874874115, -0.7519816160202026], [-0.060997553169727325, -0.7989725470542908], [-0.22545792162418365, -1.105257511138916]]","[-1.0, -1.0, 0.0, -1.0, 0.0, 1.0, 0.0, -1.0]",0,"[-0.5958772301673889, -1.2916539907455444]","[-0.2860316038131714, -0.9818083643913269]","[-0.2761860191822052, -0.9719628095626831]",1,1.0,test
543,"[[-1.5340721607208252, -0.9192880988121033], [-1.589700698852539, -0.8436279296875], [-1.655002236366272, -0.9944024682044983], [-1.8115700483322144, -1.2555969953536987], [-1.7590326070785522, -1.2063769102096558], [-2.1603119373321533, -1.5124599933624268], [-2.3526558876037598, -1.8045365810394287], [-2.425316095352173, -1.6142669916152954]]","[0.0, 0.0, -1.0, -1.0, 1.0, -1.0, -1.0, 1.0]",0,"[-2.4522650241851807, -1.8699053525924683]","[-2.200502872467041, -1.6181432008743286]","[-2.2487406730651855, -1.6663811206817627]",0,1.0,test
544,"[[-1.2578837871551514, -0.3417922258377075], [-1.3011795282363892, -0.5009936690330505], [-1.5575309991836548, -0.7427547574043274], [-1.434970498085022, -0.6592012047767639], [-1.3723253011703491, -0.6279410719871521], [-1.4117835760116577, -0.5668606162071228], [-1.3190675973892212, -0.6391671299934387], [-1.4945063591003418, -0.8111796379089355]]","[-1.0, 0.0, 1.0, 0.0, -1.0, -1.0, -1.0, 1.0]",1,"[-1.4063096046447754, -0.6995108127593994]","[-1.391427993774414, -0.6846292018890381]","[-1.676546335220337, -0.9697475433349609]",0,-1.0,test
545,"[[-1.232344150543213, -1.0131001472473145], [-1.540102243423462, -1.45148766040802], [-1.561486840248108, -1.3951605558395386], [-1.6657187938690186, -1.5547633171081543], [-1.9202960729599, -1.8143056631088257], [-1.8641799688339233, -1.8560678958892822], [-2.0344815254211426, -1.778713345527649], [-2.287125587463379, -2.03197979927063]]","[-1.0, -1.0, 0.0, 1.0, -1.0, 0.0, -1.0, -1.0]",0,"[-2.4319143295288086, -2.312662124633789]","[-2.1830883026123047, -2.063836097717285]","[-2.234262228012085, -2.1150100231170654]",0,1.0,test
546,"[[-1.2907127141952515, -0.8960518836975098], [-1.2786353826522827, -0.8976558446884155], [-1.6281574964523315, -0.8543112874031067], [-1.9688770771026611, -1.0693297386169434], [-1.8853093385696411, -1.019889235496521], [-1.864530324935913, -0.7338970303535461], [-1.7606290578842163, -0.7018011212348938], [-1.5079460144042969, -0.5498372316360474]]","[0.0, 0.0, 1.0, 1.0, 0.0, 0.0, -1.0, -1.0]",1,"[-1.4838193655014038, -0.4411172568798065]","[-1.472513198852539, -0.42981114983558655]","[-1.761207103729248, -0.7185050249099731]",0,-1.0,test
547,"[[-2.080648899078369, -2.1623828411102295], [-2.1926732063293457, -2.111762762069702], [-2.176886558532715, -1.9562264680862427], [-2.102900266647339, -1.833483099937439], [-2.0609683990478516, -1.6916394233703613], [-2.174609899520874, -1.8515766859054565], [-2.4373667240142822, -2.0207221508026123], [-2.8155500888824463, -2.3035342693328857]]","[1.0, -1.0, 0.0, 1.0, 1.0, -1.0, -1.0, -1.0]",0,"[-2.88344669342041, -2.325369119644165]","[-2.6447596549987793, -2.086682081222534]","[-2.7060725688934326, -2.1479949951171875]",0,1.0,test
548,"[[-0.558280885219574, -0.6365665793418884], [-0.279172420501709, -0.6579398512840271], [-0.1648099422454834, -0.7294925451278687], [-0.19165168702602386, -0.762841522693634], [-0.5214277505874634, -1.269232988357544], [-0.4007676839828491, -0.8689918518066406], [-0.5387868285179138, -0.7261950969696045], [-0.8308699131011963, -1.0106257200241089]]","[0.0, -1.0, -1.0, 0.0, 1.0, 0.0, 0.0, -1.0]",0,"[-0.9286115169525146, -1.358930230140686]","[-0.6274775266647339, -1.0577962398529053]","[-0.6263435482978821, -1.0566622018814087]",1,1.0,test
549,"[[-1.5943669080734253, -1.1571872234344482], [-1.3061676025390625, -1.11387300491333], [-0.9559448957443237, -0.9893417358398438], [-1.3350310325622559, -0.9589504599571228], [-1.280185341835022, -1.0546531677246094], [-1.252013921737671, -1.005681037902832], [-1.3187576532363892, -1.126051902770996], [-1.1712629795074463, -0.9448021650314331]]","[0.0, 0.0, 0.0, -1.0, 0.0, 1.0, 1.0, 0.0]",1,"[-1.0032711029052734, -0.8338035345077515]","[-0.9959314465522766, -0.8264638781547546]","[-1.288591742515564, -1.1191242933273315]",0,-1.0,test
550,"[[-1.4139107465744019, -1.946857213973999], [-1.6748852729797363, -2.132572650909424], [-1.865234613418579, -2.398446559906006], [-1.6304724216461182, -2.235445499420166], [-1.6859560012817383, -2.040590286254883], [-1.696799874305725, -1.8888928890228271], [-1.7720019817352295, -1.9741413593292236], [-2.0998237133026123, -2.1934425830841064]]","[-1.0, 1.0, 1.0, 0.0, -1.0, -1.0, 0.0, 1.0]",1,"[-2.0704760551452637, -2.179511308670044]","[-2.0197508335113525, -2.128786087036133]","[-2.2690258026123047, -2.378061056137085]",0,-1.0,test
551,"[[-0.5837354063987732, -0.5516778826713562], [-0.5558070540428162, -0.44138091802597046], [-0.48804759979248047, -0.4490529000759125], [-0.44193288683891296, -0.4180487096309662], [-0.28333958983421326, -0.3340718150138855], [-0.12496703863143921, -0.3298395872116089], [0.0031808754429221153, -0.30020377039909363], [-0.5206643342971802, -0.7045224905014038]]","[1.0, 0.0, 0.0, -1.0, 0.0, -1.0, -1.0, 1.0]",1,"[-0.3528537154197693, -0.7679812908172607]","[-0.3767039477825165, -0.7918315529823303]","[-0.7005541920661926, -1.115681767463684]",-1,-1.0,test
552,"[[-0.8736367225646973, -0.41820868849754333], [-0.7447134852409363, -0.2723316550254822], [-0.9513550996780396, -0.5830676555633545], [-0.9932911992073059, -0.3999446928501129], [-0.8322036862373352, -0.47281384468078613], [-1.1048574447631836, -0.9459892511367798], [-1.1630640029907227, -1.384617567062378], [-1.1522552967071533, -1.3960399627685547]]","[0.0, 0.0, -1.0, 1.0, 0.0, 1.0, 1.0, 0.0]",1,"[-1.2279725074768066, -1.4131858348846436]","[-1.2092012166976929, -1.3944145441055298]","[-1.4904298782348633, -1.6756430864334106]",0,-1.0,test
553,"[[-0.9563275575637817, -1.4665699005126953], [-1.1346274614334106, -1.5384060144424438], [-1.0409760475158691, -1.3412305116653442], [-1.0582671165466309, -1.6352523565292358], [-1.0832220315933228, -1.3490478992462158], [-0.8147113919258118, -1.4827631711959839], [-1.0042670965194702, -1.563003420829773], [-0.947870671749115, -1.7121238708496094]]","[1.0, 1.0, 0.0, -1.0, 1.0, 0.0, -1.0, -1.0]",1,"[-0.8478570580482483, -1.479444980621338]","[-0.8242156505584717, -1.4558035135269165]","[-1.1005741357803345, -1.7321621179580688]",0,-1.0,test
554,"[[-0.46677684783935547, 0.04307660460472107], [-0.29891976714134216, 0.12298065423965454], [-0.6252608895301819, -0.27327924966812134], [-1.0327491760253906, -0.5207712650299072], [-1.3138264417648315, -0.7629755139350891], [-1.2427024841308594, -0.5957069396972656], [-1.6129249334335327, -1.07585608959198], [-1.7780499458312988, -1.2383174896240234]]","[0.0, -1.0, 1.0, 1.0, 1.0, 0.0, 1.0, 1.0]",1,"[-1.620055079460144, -1.1406925916671753]","[-1.5900520086288452, -1.110689640045166]","[-1.8600491285324097, -1.380686640739441]",0,-1.0,test
555,"[[-1.0978096723556519, -1.9395077228546143], [-1.0167243480682373, -2.002934694290161], [-0.8646881580352783, -1.845535397529602], [-0.8635837435722351, -1.6621336936950684], [-0.8535670638084412, -1.5808385610580444], [-0.7536415457725525, -1.3677856922149658], [-0.549299418926239, -1.2869340181350708], [-1.0278152227401733, -1.4374849796295166]]","[-1.0, 0.0, 1.0, 0.0, 1.0, 1.0, 0.0, 1.0]",1,"[-1.0381256341934204, -1.540132761001587]","[-1.0208524465560913, -1.5228595733642578]","[-1.303579330444336, -1.8055864572525024]",0,-1.0,test
556,"[[-0.9220752716064453, -1.1869311332702637], [-0.8753542900085449, -1.239316701889038], [-1.3061398267745972, -1.5928752422332764], [-1.5689815282821655, -1.7734949588775635], [-1.6633058786392212, -1.9289259910583496], [-1.7958167791366577, -2.230910301208496], [-2.094764232635498, -2.452603340148926], [-2.473543167114258, -2.6462180614471436]]","[0.0, 0.0, 1.0, 1.0, 1.0, 1.0, 1.0, 1.0]",1,"[-2.4272773265838623, -2.637441396713257]","[-2.3662092685699463, -2.576373338699341]","[-2.6051411628723145, -2.815305471420288]",0,-1.0,test
557,"[[-0.8305539488792419, -1.5424439907073975], [-0.8283714652061462, -1.332556962966919], [-0.9559302926063538, -1.2902090549468994], [-0.9381605386734009, -1.3255881071090698], [-0.9090825915336609, -1.2811728715896606], [-1.0267071723937988, -1.7425758838653564], [-0.9244489669799805, -1.8645013570785522], [-0.98255455493927, -1.918234944343567]]","[0.0, 0.0, 0.0, 1.0, 1.0, -1.0, 0.0, 1.0]",0,"[-1.2018868923187256, -2.0337257385253906]","[-0.931556761264801, -1.7633956670761108]","[-0.9612266421318054, -1.7930655479431152]",0,1.0,test
558,"[[-0.2525269687175751, -0.9379758834838867], [-0.14577549695968628, -0.9499592185020447], [-0.1436004340648651, -0.8095366954803467], [-0.1544974148273468, -0.795508861541748], [-0.1906503140926361, -0.7472619414329529], [-0.16500316560268402, -0.9106785655021667], [-0.23265083134174347, -0.8451611399650574], [-0.023204291239380836, -0.9389450550079346]]","[-1.0, -1.0, -1.0, -1.0, 0.0, 0.0, 0.0, -1.0]",1,"[-0.051000818610191345, -0.8448458313941956]","[-0.07111329585313797, -0.8649583458900452]","[-0.39122578501701355, -1.1850707530975342]",-1,-1.0,test
559,"[[-1.550577163696289, -1.0877388715744019], [-1.7228392362594604, -1.2166849374771118], [-1.7122352123260498, -1.160495638847351], [-1.9737011194229126, -1.3077738285064697], [-1.8035153150558472, -1.319547176361084], [-2.0969958305358887, -1.4847760200500488], [-2.40543532371521, -1.5990567207336426], [-2.2356998920440674, -1.4611386060714722]]","[1.0, 1.0, 0.0, 1.0, 0.0, 1.0, 1.0, -1.0]",1,"[-2.2168784141540527, -1.4417601823806763]","[-2.1739258766174316, -1.3988077640533447]","[-2.430973529815674, -1.6558552980422974]",0,-1.0,test
560,"[[-0.5099156498908997, -0.17526249587535858], [-0.5246747136116028, -0.04598238319158554], [-0.5954762697219849, 0.06053090840578079], [-0.8943046927452087, -0.15824249386787415], [-0.836226761341095, -0.19439822435379028], [-0.5368935465812683, -0.2347787618637085], [-0.484257310628891, -0.09528622776269913], [-0.8309427499771118, -0.4479060173034668]]","[1.0, -1.0, 0.0, 1.0, -1.0, -1.0, 0.0, 1.0]",1,"[-0.8052932024002075, -0.302193284034729]","[-0.8251317143440247, -0.32203179597854614]","[-1.144970178604126, -0.6418703198432922]",-1,-1.0,test
561,"[[-1.6236560344696045, -0.8873586058616638], [-1.6973793506622314, -0.8137838244438171], [-1.4973781108856201, -0.5918402671813965], [-1.5962597131729126, -0.6015798449516296], [-1.987818717956543, -0.8279147744178772], [-2.194761037826538, -0.9219657778739929], [-2.1576883792877197, -1.2213586568832397], [-2.1654293537139893, -1.1144137382507324]]","[0.0, 1.0, 1.0, 1.0, -1.0, -1.0, -1.0, 0.0]",0,"[-2.3163206577301025, -1.3870550394058228]","[-2.0535902976989746, -1.1243247985839844]","[-2.09086012840271, -1.1615945100784302]",0,1.0,test
562,"[[-0.17544610798358917, -0.8074937462806702], [-0.09132272750139236, -0.8914766311645508], [-0.016894500702619553, -0.5875778794288635], [-0.20377786457538605, -0.9989766478538513], [-0.20805804431438446, -0.7847005128860474], [-0.3617807924747467, -1.1737009286880493], [-0.5492256879806519, -1.436392068862915], [-0.4315824806690216, -1.3416023254394531]]","[-1.0, -1.0, -1.0, 1.0, -1.0, 1.0, 1.0, -1.0]",1,"[-0.4517050087451935, -1.0858601331710815]","[-0.4483621418476105, -1.0825172662734985]","[-0.7450193166732788, -1.3791744709014893]",0,-1.0,test
563,"[[-1.1962891817092896, -0.804035484790802], [-1.0255190134048462, -0.6975962519645691], [-1.0709741115570068, -0.6621920466423035], [-1.3686829805374146, -0.9322996735572815], [-1.097438097000122, -0.762446939945221], [-1.1265926361083984, -0.7329333424568176], [-1.007652759552002, -0.6720076203346252], [-0.8993049263954163, -0.6146813035011292]]","[1.0, 1.0, 0.0, 1.0, 0.0, 0.0, 1.0, 1.0]",0,"[-1.2155934572219849, -0.8439996838569641]","[-0.9037446975708008, -0.53215092420578]","[-0.8918959498405457, -0.5203021168708801]",1,1.0,test
564,"[[-0.45448538661003113, -0.7900531888008118], [-0.7222921252250671, -1.1098508834838867], [-0.6847776770591736, -0.8683425188064575], [-1.0855742692947388, -1.2300491333007812], [-1.0421998500823975, -1.249300241470337], [-0.9670907258987427, -1.2059651613235474], [-0.8953427076339722, -1.1787062883377075], [-0.7359954714775085, -1.065134882926941]]","[0.0, -1.0, 1.0, -1.0, 1.0, 1.0, 0.0, 1.0]",0,"[-0.8787742257118225, -1.5760575532913208]","[-0.5770145654678345, -1.274297833442688]","[-0.5752547979354858, -1.272538185119629]",1,1.0,test
565,"[[-0.654496431350708, 0.11479350179433823], [-0.7910665273666382, 0.09123681485652924], [-0.9845197796821594, -0.2727731168270111], [-1.112992525100708, -0.2421339452266693], [-1.3307520151138306, -0.4373188018798828], [-1.0746803283691406, -0.35262662172317505], [-1.3122584819793701, -0.5518001914024353], [-1.4357163906097412, -0.6946080327033997]]","[0.0, -1.0, 1.0, -1.0, 1.0, -1.0, -1.0, -1.0]",0,"[-1.7256207466125488, -0.9736021161079407]","[-1.4365355968475342, -0.6845168471336365]","[-1.4474502801895142, -0.6954315900802612]",0,1.0,test
566,"[[-1.848026990890503, -1.6194618940353394], [-1.8104078769683838, -1.5955737829208374], [-1.7130287885665894, -1.52754807472229], [-1.6016042232513428, -1.5399523973464966], [-1.4865206480026245, -1.855290412902832], [-1.619412899017334, -2.0014944076538086], [-1.6416985988616943, -1.9919705390930176], [-1.5932215452194214, -1.7635973691940308]]","[0.0, -1.0, -1.0, 0.0, -1.0, 1.0, -1.0, 0.0]",1,"[-1.4261516332626343, -1.7221333980560303]","[-1.3903932571411133, -1.6863750219345093]","[-1.654634952545166, -1.950616717338562]",0,-1.0,test
567,"[[-0.786734402179718, -1.7164639234542847], [-0.7114865183830261, -1.6392006874084473], [-0.7249208092689514, -1.6097168922424316], [-0.5561490058898926, -1.4585206508636475], [-0.5581386685371399, -1.4385334253311157], [-0.41039907932281494, -1.6236368417739868], [-0.5422852635383606, -1.5616562366485596], [-0.4305318593978882, -1.5582107305526733]]","[1.0, 0.0, 1.0, 1.0, 1.0, 1.0, 1.0, 0.0]",0,"[-0.7449703216552734, -1.621487021446228]","[-0.45671871304512024, -1.3332353830337524]","[-0.468467116355896, -1.3449838161468506]",0,1.0,test
568,"[[-1.6741920709609985, -1.8917616605758667], [-1.546393632888794, -1.851632833480835], [-1.5255939960479736, -1.833875298500061], [-1.3853648900985718, -1.7349177598953247], [-1.474137783050537, -1.467989206314087], [-1.5360407829284668, -1.6750448942184448], [-1.4889781475067139, -1.3548396825790405], [-1.6562788486480713, -1.5905894041061401]]","[0.0, 1.0, 1.0, 1.0, 0.0, -1.0, 0.0, -1.0]",0,"[-1.8404525518417358, -1.5914084911346436]","[-1.5740747451782227, -1.3250306844711304]","[-1.6076968908309937, -1.3586528301239014]",0,1.0,test
569,"[[-0.673623263835907, -1.0947251319885254], [-0.7135140895843506, -0.9283655881881714], [-0.9083118438720703, -1.3944531679153442], [-0.965235710144043, -1.377286672592163], [-1.1973052024841309, -1.3703633546829224], [-1.3495426177978516, -1.3671647310256958], [-1.4104292392730713, -1.5828969478607178], [-1.1465342044830322, -1.5312565565109253]]","[0.0, 0.0, -1.0, 1.0, -1.0, 1.0, -1.0, 0.0]",0,"[-1.1015299558639526, -1.8028737306594849]","[-0.8237482905387878, -1.5250921249389648]","[-0.8459666967391968, -1.547310471534729]",0,1.0,test
570,"[[-1.7211359739303589, -1.857123851776123], [-1.332015037536621, -1.759819507598877], [-1.0890185832977295, -1.7176059484481812], [-1.0386319160461426, -1.5572489500045776], [-1.0641740560531616, -1.5727702379226685], [-0.9962049722671509, -1.244996190071106], [-1.1591593027114868, -1.4787328243255615], [-1.1114801168441772, -1.4038879871368408]]","[-1.0, 0.0, 0.0, -1.0, -1.0, 0.0, 1.0, -1.0]",1,"[-1.1082020998001099, -1.3674845695495605]","[-1.0901069641113281, -1.3493893146514893]","[-1.3720117807388306, -1.6312942504882812]",0,-1.0,test
571,"[[-1.175292730331421, -1.4533385038375854], [-1.3549548387527466, -1.7256126403808594], [-1.3926044702529907, -1.877427339553833], [-1.3679336309432983, -1.5894759893417358], [-1.3617935180664062, -1.6064846515655518], [-1.4248988628387451, -1.741977334022522], [-1.705417513847351, -1.888613224029541], [-1.5446021556854248, -1.9184612035751343]]","[-1.0, -1.0, -1.0, 0.0, 0.0, 1.0, -1.0, 1.0]",0,"[-1.901059627532959, -2.0542218685150146]","[-1.6390269994735718, -1.7921892404556274]","[-1.6769943237304688, -1.8301565647125244]",0,1.0,test
572,"[[-1.9627008438110352, -1.5398799180984497], [-2.1572887897491455, -1.7373772859573364], [-1.9330151081085205, -1.629433274269104], [-1.9489364624023438, -1.95644211769104], [-1.8830695152282715, -2.1127254962921143], [-1.7164597511291504, -2.0416319370269775], [-1.9980841875076294, -2.220902681350708], [-2.037863254547119, -2.1119987964630127]]","[0.0, 1.0, 0.0, 1.0, -1.0, -1.0, 1.0, -1.0]",1,"[-1.9049537181854248, -2.0349745750427246]","[-1.8562736511230469, -1.9862945079803467]","[-2.107593536376953, -2.237614393234253]",0,-1.0,test
573,"[[-0.32692044973373413, -1.8057409524917603], [-0.3632052540779114, -2.2355334758758545], [-0.30687984824180603, -2.0392563343048096], [-0.21429990231990814, -2.0114505290985107], [-0.08764033764600754, -1.919602394104004], [0.0314767025411129, -1.9126546382904053], [-0.051785338670015335, -1.7381378412246704], [-0.2765877842903137, -2.0904812812805176]]","[0.0, 1.0, 0.0, -1.0, 0.0, -1.0, 0.0, 1.0]",1,"[-0.4565832018852234, -2.0355119705200195]","[-0.4282762110233307, -2.007205009460449]","[-0.6999692320823669, -2.278898000717163]",0,-1.0,test
574,"[[0.10244078189134598, -0.2690395414829254], [-0.34520223736763, -0.5264095664024353], [-0.5778519511222839, -0.8296452164649963], [-0.5511866211891174, -0.7665320038795471], [-0.8096888661384583, -1.0889942646026611], [-0.8168544769287109, -0.9447202086448669], [-1.2081928253173828, -1.0770107507705688], [-1.0095125436782837, -1.0894427299499512]]","[1.0, 1.0, 1.0, 0.0, 1.0, 1.0, -1.0, 0.0]",0,"[-1.1873482465744019, -1.37507963180542]","[-0.8938870429992676, -1.0816184282302856]","[-0.9004257321357727, -1.0881571769714355]",0,1.0,test
575,"[[-1.1653683185577393, -1.4578322172164917], [-1.4269059896469116, -1.6435563564300537], [-1.7528460025787354, -2.027730703353882], [-1.5358792543411255, -2.1969728469848633], [-1.4568169116973877, -1.994343876838684], [-1.1645188331604004, -2.0766775608062744], [-0.9796648025512695, -2.032261371612549], [-1.2687970399856567, -2.0527501106262207]]","[0.0, -1.0, -1.0, 1.0, 1.0, 1.0, 0.0, -1.0]",1,"[-1.2402381896972656, -2.2839932441711426]","[-1.2035341262817383, -2.2472894191741943]","[-1.4668301343917847, -2.510585308074951]",0,-1.0,test
576,"[[-1.0964504480361938, -1.8295891284942627], [-0.980955958366394, -1.7468801736831665], [-0.9388568997383118, -1.565252423286438], [-0.9478868842124939, -1.400506854057312], [-0.8706032037734985, -1.2297648191452026], [-0.7312095761299133, -1.168975830078125], [-0.7500101327896118, -1.1134334802627563], [-0.8909713625907898, -1.0590718984603882]]","[1.0, 1.0, 1.0, 0.0, -1.0, 1.0, 0.0, 1.0]",0,"[-1.123585820198059, -1.3003261089324951]","[-0.8258318901062012, -1.0025720596313477]","[-0.8280778527259827, -1.004818081855774]",0,1.0,test
577,"[[-0.9613537192344666, -0.20478570461273193], [-1.4001368284225464, -0.6431155204772949], [-1.5333454608917236, -0.9337325096130371], [-1.5282038450241089, -0.9250330328941345], [-1.361728310585022, -1.0745594501495361], [-1.511051893234253, -1.2174508571624756], [-1.4340242147445679, -1.2855221033096313], [-1.3338903188705444, -1.215682029724121]]","[0.0, 1.0, 1.0, 1.0, 1.0, 0.0, 0.0, 1.0]",0,"[-1.5369243621826172, -1.3681365251541138]","[-1.255509853363037, -1.0867221355438232]","[-1.2740954160690308, -1.105307698249817]",0,1.0,test
578,"[[-0.2687798738479614, 0.6229686141014099], [-0.1597994714975357, 0.7835299968719482], [-0.3730975389480591, 0.3546742796897888], [-0.2102777659893036, 0.30542322993278503], [-0.07795102894306183, 0.2404542714357376], [-0.08972126245498657, 0.22316499054431915], [-0.03549845144152641, 0.08414109796285629], [0.1536935269832611, -0.038534339517354965]]","[-1.0, -1.0, 1.0, -1.0, -1.0, 0.0, 0.0, 0.0]",0,"[-0.1876552402973175, -0.43881210684776306]","[0.19399240612983704, -0.05716446042060852]","[0.2756400406360626, 0.024483179673552513]",1,1.0,test
579,"[[-0.767704427242279, -1.320942997932434], [-0.7447275519371033, -1.3950022459030151], [-0.8428974151611328, -1.5134779214859009], [-0.6123384237289429, -1.5119044780731201], [-0.7897300720214844, -1.5793542861938477], [-0.9556631445884705, -1.4006297588348389], [-0.6762349009513855, -1.3445299863815308], [-0.7712465524673462, -1.3152477741241455]]","[1.0, -1.0, 1.0, 0.0, -1.0, -1.0, 0.0, 0.0]",1,"[-0.8323444128036499, -1.2835876941680908]","[-0.8242005705833435, -1.2754439115524292]","[-1.1160567998886108, -1.5673002004623413]",0,-1.0,test
580,"[[0.35707756876945496, 0.09923166781663895], [0.16173528134822845, 0.08015940338373184], [0.2017875611782074, 0.45885032415390015], [-0.09919387102127075, 0.1959243267774582], [0.024745600298047066, -0.031482476741075516], [-0.08483874797821045, 0.1022096797823906], [0.005986353382468224, 0.10382746905088425], [0.14227581024169922, 0.24737048149108887]]","[0.0, 0.0, 1.0, -1.0, -1.0, 0.0, -1.0, 0.0]",1,"[0.2544606626033783, 0.32176002860069275]","[0.1856774538755417, 0.25297683477401733]","[-0.18310575187206268, -0.11580636352300644]",-1,-1.0,test
581,"[[-1.65443754196167, -1.492032527923584], [-1.6278847455978394, -1.4058563709259033], [-1.475154161453247, -1.4599649906158447], [-1.4503530263900757, -1.9125282764434814], [-1.6696600914001465, -2.2817184925079346], [-1.8484655618667603, -2.1948747634887695], [-1.8696730136871338, -2.287581205368042], [-1.994220495223999, -2.1982874870300293]]","[1.0, 0.0, 0.0, -1.0, -1.0, 1.0, 1.0, 0.0]",0,"[-1.8895814418792725, -2.2569286823272705]","[-1.638938546180725, -2.0062859058380127]","[-1.688295602798462, -2.055643081665039]",0,1.0,test
582,"[[-1.7752981185913086, -1.0370553731918335], [-1.6190303564071655, -0.7125701308250427], [-1.5161532163619995, -0.6782673001289368], [-1.6313178539276123, -0.6990823745727539], [-1.8272627592086792, -1.1192331314086914], [-1.5692238807678223, -1.0998848676681519], [-1.7052276134490967, -1.3480432033538818], [-1.64224112033844, -1.3751344680786133]]","[0.0, 1.0, 1.0, 1.0, 1.0, 0.0, 1.0, -1.0]",1,"[-1.693662166595459, -1.2883573770523071]","[-1.6643781661987305, -1.2590734958648682]","[-1.9350942373275757, -1.5297895669937134]",0,-1.0,test
583,"[[-0.6748268008232117, -1.1912392377853394], [-0.8980737328529358, -1.1854702234268188], [-1.0888168811798096, -1.0971225500106812], [-0.9502314329147339, -0.8875042796134949], [-0.7574974298477173, -0.8337149024009705], [-0.5938172340393066, -0.8103260397911072], [-0.6272492408752441, -0.6166172623634338], [-0.8930960893630981, -1.001794695854187]]","[1.0, 0.0, -1.0, 0.0, 0.0, 0.0, 0.0, 1.0]",1,"[-0.9125508666038513, -0.8318513631820679]","[-0.9121577143669128, -0.8314582109451294]","[-1.2117645740509033, -1.131065011024475]",0,-1.0,test
584,"[[-0.30155980587005615, -1.0320299863815308], [-0.2805408835411072, -0.8544655442237854], [-0.3648184835910797, -0.8025138974189758], [-0.5432499051094055, -0.6774880886077881], [-0.9002394676208496, -0.8348694443702698], [-1.1210857629776, -0.9949949383735657], [-0.851230800151825, -0.9728943705558777], [-1.0901857614517212, -1.2774676084518433]]","[1.0, -1.0, 1.0, 0.0, -1.0, -1.0, 1.0, -1.0]",0,"[-1.3955366611480713, -1.638990879058838]","[-1.1096453666687012, -1.3530997037887573]","[-1.1237541437149048, -1.367208480834961]",0,1.0,test
585,"[[-1.5481730699539185, -1.6280181407928467], [-1.4756531715393066, -1.4853895902633667], [-1.64523446559906, -1.7549370527267456], [-1.5071799755096436, -1.7003828287124634], [-1.6494760513305664, -1.8695383071899414], [-1.4649956226348877, -1.952091932296753], [-1.4158201217651367, -2.0267410278320312], [-1.3833234310150146, -2.254703998565674]]","[-1.0, 0.0, -1.0, 0.0, -1.0, 1.0, 1.0, -1.0]",0,"[-1.505846619606018, -2.4256997108459473]","[-1.2482094764709473, -2.168062448501587]","[-1.2905724048614502, -2.21042537689209]",0,1.0,test
586,"[[-1.2096657752990723, -0.8979607224464417], [-1.0288944244384766, -0.8732967376708984], [-1.1028698682785034, -1.0119290351867676], [-0.919439435005188, -1.009538173675537], [-0.9039072394371033, -0.9609195590019226], [-0.8463962078094482, -1.0167568922042847], [-0.9307155609130859, -1.010018229484558], [-0.9579274654388428, -1.108042597770691]]","[0.0, 1.0, 0.0, 0.0, 1.0, 1.0, 0.0, 1.0]",0,"[-1.428704857826233, -1.3206944465637207]","[-1.1343927383422852, -1.026382327079773]","[-1.1400806903839111, -1.0320701599121094]",0,1.0,test
587,"[[-0.8016207814216614, -1.5725380182266235], [-0.6641468405723572, -1.403807520866394], [-0.44426029920578003, -1.2138352394104004], [-0.3676987588405609, -1.1270085573196411], [-0.3741445243358612, -0.8916794657707214], [-0.723376452922821, -1.133244514465332], [-0.7044349312782288, -1.0053716897964478], [-0.8076341152191162, -0.8743236660957336]]","[-1.0, -1.0, -1.0, -1.0, -1.0, 1.0, 0.0, 0.0]",1,"[-0.7684400081634521, -0.7445850372314453]","[-0.7751671671867371, -0.7513121962547302]","[-1.0818942785263062, -1.0580393075942993]",-1,-1.0,test
588,"[[-1.1144250631332397, -0.656834065914154], [-1.2104917764663696, -0.4264979958534241], [-1.0277413129806519, -0.27085983753204346], [-1.2874089479446411, -0.46412795782089233], [-1.1084426641464233, -0.33256107568740845], [-0.7413017153739929, -0.04926791042089462], [-0.8475797176361084, -0.3299873471260071], [-0.9375916123390198, -0.31326594948768616]]","[-1.0, 0.0, 1.0, -1.0, 0.0, 0.0, 1.0, 0.0]",1,"[-0.8660058379173279, -0.3402065336704254]","[-0.8833115100860596, -0.3575122654438019]","[-1.2006171941757202, -0.6748179793357849]",-1,-1.0,test
589,"[[0.09360668063163757, -0.8265174627304077], [0.11649966239929199, -0.7069367170333862], [0.04858025535941124, -0.6506913900375366], [-0.08666007220745087, -0.5240800380706787], [-0.04524500295519829, -0.36648085713386536], [0.12644127011299133, -0.23335014283657074], [0.19696331024169922, -0.1894603967666626], [0.16773000359535217, -0.05544152110815048]]","[0.0, 0.0, 0.0, 0.0, 0.0, 0.0, -1.0, -1.0]",1,"[0.5400506854057312, 0.004537765868008137]","[0.4603404700756073, -0.07517246901988983]","[0.08063022047281265, -0.4548827111721039]",-1,-1.0,test
590,"[[-1.1685575246810913, -1.6109445095062256], [-1.1796103715896606, -1.427186369895935], [-0.9932090044021606, -1.6562424898147583], [-0.8688383102416992, -1.572035789489746], [-0.8276711106300354, -1.631150484085083], [-0.7308729887008667, -1.6822268962860107], [-0.6324614882469177, -1.5579127073287964], [-0.6159969568252563, -1.4476563930511475]]","[0.0, 0.0, 0.0, -1.0, 1.0, 0.0, 0.0, 0.0]",0,"[-0.7950567007064819, -1.6068438291549683]","[-0.5051286816596985, -1.31691575050354]","[-0.5152006149291992, -1.3269877433776855]",0,1.0,test
591,"[[-0.863982617855072, -1.5798975229263306], [-0.780668318271637, -1.526795744895935], [-0.686146080493927, -1.300563097000122], [-0.9416707158088684, -1.5904721021652222], [-1.315711259841919, -1.9413220882415771], [-1.0146414041519165, -1.8875586986541748], [-1.29451584815979, -2.1126630306243896], [-1.2036486864089966, -1.8812905550003052]]","[-1.0, -1.0, 0.0, 1.0, 1.0, -1.0, 1.0, -1.0]",1,"[-0.8859052658081055, -1.5780924558639526]","[-0.854013979434967, -1.5462011098861694]","[-1.1221226453781128, -1.81430983543396]",0,-1.0,test
592,"[[-0.9098774194717407, -0.05341801419854164], [-0.8574399352073669, -0.0785447359085083], [-1.3589237928390503, -0.3272610306739807], [-1.3508801460266113, -0.5131596922874451], [-1.386417269706726, -0.6003528237342834], [-1.3836767673492432, -0.38010382652282715], [-1.4401148557662964, -0.2774641513824463], [-1.160819172859192, -0.1805809587240219]]","[0.0, 0.0, -1.0, 1.0, 1.0, 0.0, 1.0, 0.0]",1,"[-1.038608193397522, -0.11106529831886292]","[-1.046099305152893, -0.11855647712945938]","[-1.353590488433838, -0.4260476529598236]",-1,-1.0,test
593,"[[-0.6954286098480225, -0.2614504098892212], [-0.6748090982437134, -0.3330785036087036], [-0.7117577791213989, -0.4736010730266571], [-0.83429354429245, -0.7893143892288208], [-0.8037063479423523, -0.7605249881744385], [-0.8294622302055359, -0.6192997694015503], [-0.5860246419906616, -0.5748118758201599], [-0.5981910228729248, -0.47120240330696106]]","[-1.0, -1.0, -1.0, 1.0, -1.0, -1.0, 0.0, 0.0]",1,"[-0.4578249156475067, -0.4427652657032013]","[-0.48888668417930603, -0.473827064037323]","[-0.8199484944343567, -0.8048888444900513]",-1,-1.0,test
594,"[[-1.3780721426010132, -0.7646853923797607], [-1.517799973487854, -0.9010875225067139], [-1.7608109712600708, -1.162280797958374], [-1.6013131141662598, -1.1546292304992676], [-1.6594822406768799, -1.3856136798858643], [-1.8057881593704224, -1.5597559213638306], [-1.9246187210083008, -1.9274399280548096], [-2.1414878368377686, -2.0115301609039307]]","[1.0, -1.0, -1.0, 0.0, -1.0, -1.0, -1.0, -1.0]",0,"[-2.3634300231933594, -2.2141237258911133]","[-2.112175941467285, -1.9628695249557495]","[-2.160921573638916, -2.01161527633667]",0,1.0,test
595,"[[-1.7088831663131714, -1.8215854167938232], [-1.9754060506820679, -1.9463324546813965], [-1.9289406538009644, -1.8399274349212646], [-1.7900712490081787, -1.8542948961257935], [-1.7079331874847412, -1.7518208026885986], [-1.5763155221939087, -1.4709827899932861], [-1.4344319105148315, -1.5712614059448242], [-1.4593814611434937, -1.4923702478408813]]","[1.0, 1.0, -1.0, 0.0, -1.0, -1.0, -1.0, 1.0]",0,"[-1.6685627698898315, -1.6352481842041016]","[-1.3962336778640747, -1.3629190921783447]","[-1.423904538154602, -1.390589952468872]",0,1.0,test
596,"[[-0.7400825619697571, -0.990547776222229], [-0.7315365672111511, -1.14276123046875], [-0.6819188594818115, -1.110408902168274], [-0.9548584818840027, -1.4947458505630493], [-1.1071041822433472, -1.4802006483078003], [-1.0019445419311523, -1.3138786554336548], [-0.8331307768821716, -1.2934836149215698], [-0.6716268658638, -1.3742352724075317]]","[-1.0, -1.0, -1.0, 1.0, 0.0, 0.0, -1.0, -1.0]",1,"[-0.6860379576683044, -1.400700569152832]","[-0.677698016166687, -1.3923605680465698]","[-0.9693580865859985, -1.6840206384658813]",0,-1.0,test
597,"[[-1.255811095237732, -1.828324794769287], [-1.2462908029556274, -1.5820096731185913], [-1.1916608810424805, -1.5860459804534912], [-1.1663585901260376, -1.4771119356155396], [-1.3043339252471924, -1.6752824783325195], [-1.4036736488342285, -1.5807241201400757], [-1.3839737176895142, -1.4226064682006836], [-1.3960877656936646, -1.208996295928955]]","[-1.0, 0.0, 1.0, 0.0, -1.0, 1.0, 1.0, -1.0]",1,"[-1.318861722946167, -1.3322851657867432]","[-1.2988393306732178, -1.312262773513794]","[-1.5788168907165527, -1.592240333557129]",0,-1.0,test
598,"[[-1.2316824197769165, -1.0505529642105103], [-1.1656378507614136, -0.9914181232452393], [-0.9935554265975952, -0.9507859349250793], [-0.9152117967605591, -0.919302761554718], [-0.9187670946121216, -0.852685272693634], [-0.758098304271698, -0.9490911364555359], [-0.7066115140914917, -1.071443796157837], [-0.7518861889839172, -1.031929850578308]]","[-1.0, 1.0, 0.0, 1.0, 1.0, 1.0, 1.0, 1.0]",0,"[-0.9649651646614075, -1.2184993028640747]","[-0.6623771786689758, -0.9159113168716431]","[-0.6597891449928284, -0.9133232831954956]",1,1.0,test
599,"[[-1.3881922960281372, -1.521835207939148], [-1.2986980676651, -1.376285433769226], [-1.1452594995498657, -1.075501561164856], [-1.3549844026565552, -1.126352071762085], [-1.3354190587997437, -1.0379018783569336], [-1.4471458196640015, -0.9511445164680481], [-1.4882347583770752, -1.0688421726226807], [-1.7390201091766357, -1.3428540229797363]]","[1.0, -1.0, 0.0, -1.0, -1.0, 0.0, -1.0, -1.0]",0,"[-1.6526850461959839, -1.422316551208496]","[-1.3835564851760864, -1.1531879901885986]","[-1.4144278764724731, -1.1840593814849854]",0,1.0,test
