capital_0,capital_1,capital_2,capital_3,step
0.25,0.25,0.25,0.25,0
0.24223724,0.24223724,0.27328828,0.24223724,1
0.23744062,0.23744062,0.28767815,0.23744062,2
0.23092319,0.25837192,0.27978176,0.23092319,3
0.22998504,0.26138476,0.27864513,0.22998504,4
0.22994885,0.26139703,0.27865824,0.22999586,5
0.22354041,0.25411218,0.29876122,0.22358613,6
0.2245664,0.2552785,0.30013245,0.22002263,7
0.23943798,0.25038263,0.29437637,0.21580295,8
0.24380611,0.24894463,0.2926857,0.21456353,9
0.23828563,0.24330778,0.30870143,0.20970519,10
0.23950033,0.24454808,0.31027508,0.20567647,11
0.23424362,0.2391806,0.32541355,0.20116214,12
0.24120615,0.23700592,0.32245484,0.19933315,13
0.23746926,0.23333411,0.3329516,0.19624497,14
0.24381466,0.23139241,0.33018097,0.19461192,15
0.23999192,0.22776444,0.34068304,0.19156063,16
0.23633279,0.22429174,0.3507356,0.18863991,17
0.22819991,0.22668037,0.35447082,0.19064887,18
0.22866556,0.22714293,0.35315362,0.1910379,19
0.22612019,0.2246145,0.36035398,0.18891138,20
0.23066433,0.22329557,0.35823798,0.18780209,21
0.22822791,0.22093698,0.3650168,0.1858184,22
0.22427447,0.21710983,0.37601605,0.18259959,23
0.22310005,0.21597295,0.37928367,0.18164341,24
0.22155191,0.21447426,0.3835909,0.18038295,25
0.21563727,0.20874856,0.4000468,0.17556737,26
0.2135614,0.20673901,0.39619568,0.18350397,27
0.21557315,0.20868649,0.3905078,0.18523258,28
0.21441182,0.20756225,0.39379123,0.18423471,29
0.2163661,0.2094541,0.38826594,0.18591392,30
0.22334865,0.20758775,0.38480628,0.18425733,31
0.21973456,0.2042287,0.3947609,0.1812758,32
0.22096589,0.20537314,0.396973,0.1766879,33
0.22037558,0.20482449,0.39858404,0.17621589,34
0.21975365,0.20424645,0.4002813,0.17571858,35
0.22388723,0.2031644,0.3981607,0.17478767,36
0.2249206,0.20410211,0.39538282,0.1755944,37
0.22792988,0.20683286,0.38729355,0.17794372,38
0.22755635,0.2064939,0.38665888,0.17929092,39
0.22676456,0.2057754,0.38879296,0.17866707,40
0.24075437,0.2020524,0.38175872,0.17543453,41
0.24013884,0.20409238,0.3807827,0.17498602,42
0.24055761,0.2044483,0.37970287,0.17529117,43
0.2366076,0.20551167,0.3816778,0.1762029,44
0.23676719,0.2056503,0.38193527,0.17564726,45
0.23533943,0.20441018,0.3856623,0.17458807,46
0.2358844,0.20488353,0.3842397,0.17499235,47
0.23837386,0.20704582,0.37774113,0.17683919,48
0.23782286,0.20656723,0.3791795,0.17643042,49
0.23483972,0.20397615,0.38696676,0.17421736,50
0.2342984,0.20350596,0.38837984,0.17381577,51
0.23348677,0.202801,0.38703445,0.17667772,52
0.23527133,0.20435104,0.3899926,0.170385,53
0.23453039,0.20370747,0.3919138,0.16984841,54
0.23136155,0.21446647,0.3866185,0.16755353,55
0.23088945,0.21402885,0.3858296,0.16925207,56
0.22894192,0.22065851,0.38257515,0.16782443,57
0.23472914,0.21900235,0.37970373,0.16656482,58
0.23455638,0.21884117,0.38016024,0.16644223,59
0.23449947,0.21878807,0.38031057,0.16640185,60
0.22307943,0.22205205,0.3859842,0.1688843,61
0.22804591,0.22063258,0.38351682,0.16780472,62
0.22595948,0.22776309,0.38000798,0.16626945,63
0.22662017,0.22842903,0.37819514,0.1667556,64
0.22522523,0.22702296,0.3820226,0.16572915,65
0.22473845,0.2265323,0.38119692,0.1675323,66
0.22823232,0.23005405,0.37157682,0.17013681,67
0.22949868,0.23133053,0.37363854,0.16553222,68
0.22409289,0.22588158,0.36483756,0.18518795,69
0.22533113,0.22712971,0.36132792,0.18621123,70
0.22471339,0.22650704,0.36307886,0.18570073,71
0.22585464,0.2276574,0.36492282,0.18156517,72
0.22590742,0.22747691,0.3650081,0.1816076,73
0.22326745,0.22481859,0.37242872,0.17948532,74
0.22331128,0.22486274,0.37230548,0.17952056,75
0.22437857,0.22593744,0.36930546,0.18037856,76
0.22198594,0.23419157,0.36536738,0.17845511,77
0.22652735,0.23282455,0.36323467,0.17741343,78
0.22592899,0.23485099,0.3622752,0.1769448,79
0.2280518,0.23420693,0.36128172,0.17645955,80
0.22817445,0.23433289,0.36093825,0.17655446,81
0.23120892,0.23744927,0.35243937,0.17890245,82
0.23994873,0.23474988,0.34843272,0.17686863,83
0.23971507,0.23452128,0.34906718,0.1766964,84
0.23782521,0.23267236,0.3463152,0.18318717,85
0.22966959,0.23516206,0.35002095,0.18514736,86
0.22839426,0.23385625,0.35363021,0.18411925,87
0.22801416,0.23346704,0.35304168,0.18547708,88
0.2265182,0.23193532,0.35072544,0.19082096,89
0.2235085,0.22885366,0.35935226,0.18828556,90
0.2257718,0.22818659,0.35830483,0.18773675,91
0.22644763,0.22886966,0.3593774,0.1853053,92
0.22692508,0.22935222,0.3601351,0.18358761,93
0.22572654,0.22814086,0.3635146,0.18261796,94
0.22816215,0.23060253,0.35664693,0.18458843,95
0.22626843,0.23116831,0.35752195,0.18504132,96
0.22553757,0.23042162,0.35636714,0.18767369,97
0.2238635,0.22871129,0.36114454,0.18628067,98
0.22301717,0.2289607,0.36153838,0.18648379,99
0.21912774,0.23010683,0.36334816,0.1874173,100
0.21597373,0.24118821,0.35811833,0.18471971,101
0.21233934,0.25395748,0.3520919,0.18161125,102
0.21556003,0.25291908,0.35065225,0.18086867,103
0.21557191,0.25293303,0.35061643,0.18087862,104
0.21407159,0.2581325,0.3481762,0.17961976,105
0.21295984,0.25679195,0.34636804,0.1838802,106
0.20622626,0.25898895,0.3493314,0.1854534,107
0.20579794,0.2605279,0.34860587,0.18506822,108
0.20240988,0.27270195,0.34286675,0.18202144,109
0.20104939,0.27759033,0.3405622,0.180798,110
0.2012388,0.27690977,0.34088302,0.18096831,111
0.2033049,0.2797528,0.33411595,0.18282631,112
0.2025282,0.28002557,0.3344417,0.18300456,113
0.20089874,0.2858181,0.33175093,0.18153217,114
0.20225476,0.2877473,0.3272405,0.18275747,115
0.1998772,0.29611996,0.3233937,0.1806091,116
0.20080465,0.297494,0.32025418,0.18144716,117
0.20119332,0.2980698,0.3189385,0.18179835,118
0.20026878,0.29841483,0.31930766,0.18200879,119
0.19890404,0.29638124,0.32394627,0.18076847,120
0.1981774,0.2989517,0.32276285,0.18010809,121
0.19835946,0.29922634,0.32305935,0.17935488,122
0.19725065,0.30314362,0.32125348,0.17835231,123
0.19801961,0.30042693,0.32250586,0.1790476,124
0.20032217,0.30392024,0.31462803,0.18112954,125
0.19820957,0.31126112,0.31131,0.17921937,126
0.20005815,0.31416407,0.304887,0.18089083,127
0.19977702,0.3137226,0.30586374,0.18063664,128
0.19839503,0.31155235,0.3106656,0.17938705,129
0.19944951,0.31320828,0.30700177,0.1803405,130
0.2011959,0.312525,0.30633202,0.17994708,131
0.20071422,0.3117768,0.30559865,0.18191029,132
0.19976543,0.310303,0.30888113,0.18105039,133
0.2013481,0.31276143,0.30340567,0.18248479,134
0.19970693,0.31021214,0.30908352,0.18099737,135
0.19878964,0.30878726,0.30766386,0.18475923,136
0.19823068,0.30791903,0.3067988,0.18705148,137
0.19774118,0.30715865,0.30851054,0.18658957,138
0.19630685,0.3121842,0.30627275,0.18523613,139
0.19775651,0.30710497,0.30853447,0.18660404,140
0.19694944,0.3058516,0.31135646,0.18584247,141
0.19328885,0.30724576,0.3127757,0.1866896,142
0.19494791,0.30661392,0.3121325,0.18630569,143
0.1953164,0.30530325,0.3127225,0.18665785,144
0.19664933,0.30738676,0.3080322,0.18793167,145
0.1962193,0.30890134,0.30735865,0.18752071,146
0.19629021,0.30901298,0.3074697,0.18722712,147
0.19466454,0.31473565,0.30492327,0.18567652,148
0.19537857,0.3158901,0.30237368,0.18635757,149
0.19553824,0.31533104,0.3026208,0.18650986,150
0.19990008,0.31362134,0.30098,0.18549861,151
0.20231721,0.31741357,0.29252765,0.1877416,152
0.20022072,0.3244867,0.28949636,0.18579616,153
0.199885,0.32462293,0.2896179,0.18587416,154
0.19934957,0.32643208,0.2888421,0.18537627,155
0.19801249,0.3269772,0.28932446,0.18568584,156
0.2002942,0.33074498,0.28113526,0.18782552,157
0.19990946,0.33203053,0.28059524,0.18746473,158
0.20233874,0.33606532,0.27185312,0.18974277,159
0.20394695,0.33538777,0.27130502,0.18936023,160
0.2054323,0.3378304,0.27328095,0.18345633,161
0.20462672,0.340427,0.2722093,0.18273693,162
0.20266688,0.34674418,0.26960218,0.18098675,163
0.20145401,0.35065365,0.26798874,0.17990363,164
0.20072255,0.34938046,0.26701567,0.18288137,165
0.20236368,0.34406084,0.26919883,0.18437663,166
0.20150688,0.34683806,0.26805905,0.18359599,167
0.20112845,0.3461867,0.26943365,0.1832512,168
0.19812068,0.34749013,0.2704481,0.18394116,169
0.19990778,0.35062456,0.27288762,0.17658012,170
0.19430548,0.35307965,0.27479836,0.17781654,171
0.19040301,0.35478985,0.2761294,0.17867781,172
0.19184971,0.3541558,0.27563593,0.17835851,173
0.19161251,0.35495436,0.27529517,0.178138,174
0.19231316,0.3562523,0.2763018,0.17513275,175
0.19350384,0.35845798,0.27182108,0.17621706,176
0.1923955,0.36213264,0.27026415,0.17520773,177
0.19283542,0.3606741,0.27088213,0.17560834,178
0.19195762,0.3635843,0.26964906,0.17480898,179
0.18191895,0.3681013,0.27299905,0.17698072,180
0.18227372,0.36794168,0.27288067,0.17690396,181
0.18024133,0.36885616,0.27355888,0.17734365,182
0.17965339,0.36765298,0.27266654,0.18002713,183
0.17716493,0.37641183,0.26888973,0.17753349,184
0.17587061,0.38096762,0.2669253,0.17623648,185
0.17575406,0.3807151,0.26674837,0.17678247,186
0.17608282,0.3795567,0.26724735,0.17711316,187
0.17527406,0.37781337,0.2706129,0.17629968,188
0.17568484,0.37869883,0.26890343,0.17671287,189
0.17526124,0.3777857,0.26825508,0.1786979,190
0.16685575,0.38163602,0.27098906,0.18051913,191
0.16730355,0.3826602,0.2690326,0.1810036,192
0.16788009,0.38053286,0.2699597,0.18162735,193
0.16750199,0.3796758,0.2716039,0.18121828,194
0.16637515,0.3771216,0.26977673,0.18672654,195
0.16606005,0.37640736,0.26926577,0.18826689,196
0.16616347,0.37664178,0.2694335,0.18776125,197
0.16718365,0.37895423,0.26494804,0.18891403,198
0.16769196,0.37706602,0.26575357,0.18948841,199
0.16844228,0.37427875,0.26694268,0.19033627,200
0.16901504,0.3755514,0.26445013,0.19098346,201
0.16850217,0.3744118,0.26364765,0.19343843,202
0.16928384,0.37614867,0.2602317,0.19433577,203
0.16871896,0.37489355,0.25936338,0.1970241,204
0.16817266,0.37691772,0.25852355,0.19638613,205
0.16809969,0.37718806,0.25841138,0.19630092,206
0.1694911,0.37203285,0.26055032,0.19792576,207
0.17109449,0.3755523,0.25355512,0.19979815,208
0.16966656,0.372418,0.25143898,0.20647654,209
0.17151049,0.3715909,0.25088057,0.206018,210
0.17188716,0.372407,0.25143155,0.20427428,211
0.17193891,0.37221798,0.25150728,0.2043358,212
0.17214268,0.371474,0.25180534,0.20457795,213
0.17237976,0.3719856,0.25077486,0.2048597,214
0.17459767,0.36390534,0.2540014,0.20749551,215
0.1759571,0.36673877,0.25597912,0.20132497,216
0.17693938,0.36878607,0.2574081,0.1968664,217
0.17697681,0.3688641,0.25725102,0.19690804,218
0.17723905,0.36941063,0.2576322,0.19571815,219
0.17475672,0.37052515,0.25840947,0.19630864,220
0.17613022,0.37343732,0.26044047,0.18999197,221
0.17620009,0.37358546,0.2601471,0.19006734,222
0.17874716,0.37898582,0.26390764,0.17835937,223
0.17853692,0.37854007,0.26359725,0.17932571,224
0.17801923,0.37744245,0.2628329,0.18170537,225
0.18282764,0.37523448,0.2612954,0.18064243,226
0.18521088,0.36709037,0.26470152,0.1829972,227
0.18652776,0.36970043,0.2594735,0.18429832,228
0.18921573,0.3684788,0.25861612,0.18368934,229
0.19181012,0.3735311,0.26216206,0.17249672,230
0.19256626,0.3750036,0.25925335,0.17317672,231
0.19304016,0.37346554,0.25989136,0.17360291,232
0.19571118,0.3647965,0.26348737,0.17600498,233
0.19613576,0.3655879,0.26188946,0.17638682,234
0.19639377,0.3660688,0.26223397,0.17530343,235
0.19431019,0.37279436,0.2594519,0.1734436,236
0.19430159,0.3728221,0.2594404,0.17343593,237
0.19286636,0.3774548,0.257524,0.17215481,238
0.19952543,0.37434074,0.2553994,0.17073451,239
0.19950175,0.37441498,0.2553691,0.17071424,240
0.20196956,0.37326065,0.25458178,0.17018794,241
0.20543496,0.3625072,0.2589499,0.17310803,242
0.2064697,0.36203504,0.25861263,0.17288256,243
0.20789726,0.36453822,0.2534866,0.1740779,244
0.20877516,0.36185485,0.25455704,0.17481299,245
0.20865141,0.36164033,0.25440615,0.17530209,246
0.20940335,0.36294362,0.255323,0.17233005,247
0.20898594,0.3642135,0.25481403,0.17198654,248
0.20962155,0.36532122,0.255589,0.16946816,249
0.20819674,0.3628381,0.25385177,0.17511338,250
0.20594566,0.3697273,0.25110704,0.17322,251
0.2097874,0.36793852,0.24989216,0.17238194,252
0.210713,0.36514983,0.2509947,0.1731425,253
0.20951015,0.36877382,0.2495619,0.17215411,254
0.20951436,0.3687812,0.24956691,0.17213744,255
0.20935445,0.369263,0.24937645,0.17200606,256
0.20664194,0.37052986,0.250232,0.17259619,257
0.20720984,0.37154818,0.2509197,0.17032231,258
0.20678511,0.37283635,0.25040537,0.1699732,259
0.20616034,0.3747312,0.24964881,0.16945964,260
0.20772642,0.36998144,0.25154525,0.17074692,261
0.20805779,0.36897635,0.25194654,0.17101932,262
0.20746985,0.3707596,0.25123456,0.17053604,263
0.20647208,0.37378573,0.25002632,0.1697159,264
0.20583673,0.3726355,0.24925694,0.1722708,265
0.20557901,0.37216896,0.24894485,0.17330715,266
0.20202368,0.37383455,0.25005898,0.17408276,267
0.20234832,0.37443528,0.2504608,0.17275564,268
0.20228176,0.37464103,0.2503784,0.17269881,269
0.20178416,0.37617937,0.24976249,0.172274,270
0.20280077,0.37303653,0.25102082,0.17314193,271
0.21874036,0.36557782,0.24600177,0.16968003,272
0.21964012,0.36708158,0.2429003,0.17037798,273
0.22022069,0.36540866,0.24354234,0.17082834,274
0.22634731,0.36253768,0.24162886,0.16948617,275
0.22582221,0.36169666,0.2433882,0.16909297,276
0.22331674,0.35768366,0.25178277,0.1672169,277
0.22368075,0.35826668,0.25219318,0.16585943,278
0.22189617,0.36338654,0.2501811,0.16453618,279
0.21920148,0.37111753,0.24714294,0.16253805,280
0.2185938,0.37140638,0.2473353,0.16266456,281
0.21666498,0.3769529,0.24515288,0.16122925,282
0.21617243,0.3783693,0.24459554,0.16086271,283
0.21935378,0.37683362,0.24360281,0.16020982,284
0.2184821,0.37930995,0.24263479,0.15957318,285
0.21969905,0.38142273,0.23841624,0.160462,286
0.21983832,0.38103065,0.23856737,0.16056372,287
0.22648822,0.37778282,0.23653387,0.15919511,288
0.22583446,0.37810212,0.2367338,0.15932967,289
0.22889118,0.36968458,0.23993804,0.16148622,290
0.23072176,0.37264118,0.23385935,0.16277774,291
0.23173966,0.36987337,0.23489109,0.16349587,292
0.23256317,0.36763415,0.23572579,0.16407686,293
0.23216304,0.3687221,0.23532023,0.16379458,294
0.24191773,0.36403784,0.2323307,0.16171372,295
0.24301687,0.36114842,0.23338628,0.16244845,296
0.24057558,0.36756614,0.23104173,0.16081654,297
0.24118443,0.36727145,0.2308565,0.1606876,298
0.2469002,0.364505,0.22911757,0.15947722,299
0.248211,0.36644018,0.23033397,0.15501489,300
0.2478067,0.3674721,0.2299588,0.1547624,301
0.24316211,0.3697412,0.23137875,0.15571801,302
0.24131222,0.37453598,0.2296185,0.15453337,303
0.2396506,0.371957,0.23492312,0.1534693,304
0.23915061,0.37118098,0.23651935,0.15314911,305
0.23064765,0.37532914,0.2391626,0.15486063,306
0.22974043,0.37385282,0.23822187,0.15818492,307
0.22853334,0.37714267,0.23697023,0.1573538,308
0.22784482,0.3790192,0.23625627,0.15687972,309
0.22857083,0.3770405,0.2370091,0.15737961,310
0.22821315,0.37645048,0.2366382,0.15869822,311
0.22734909,0.37881133,0.23574224,0.15809736,312
0.22714987,0.37847942,0.23641193,0.15795882,313
0.21686986,0.38351372,0.23955655,0.1600599,314
0.21475877,0.37978047,0.23722462,0.16823624,315
0.21625859,0.37905502,0.2367715,0.1679149,316
0.21577232,0.3804512,0.2362391,0.16753733,317
0.21297911,0.38180628,0.23708053,0.16813406,318
0.2101498,0.3831789,0.23793285,0.1687385,319
0.21097542,0.3807555,0.23886763,0.16940144,320
0.21226318,0.3769758,0.24032563,0.17043543,321
0.2107023,0.3742037,0.23855838,0.17653562,322
0.20889968,0.3710023,0.23651746,0.18358059,323
0.20729439,0.36815134,0.24238442,0.18216987,324
0.2068198,0.36959788,0.2418295,0.1817528,325
0.2065716,0.3703545,0.24153927,0.18153468,326
0.20805183,0.36966354,0.24108864,0.18119599,327
0.20920701,0.37171605,0.23687491,0.18220206,328
0.21263473,0.361422,0.24075595,0.18518732,329
0.21560374,0.3525056,0.2441176,0.18777308,330
0.21552333,0.3523741,0.24402657,0.18807602,331
0.21639541,0.34975353,0.24501398,0.18883704,332
0.21401885,0.3568949,0.24232312,0.18676314,333
0.21894313,0.3546589,0.24080493,0.18559304,334
0.21878752,0.35511762,0.24063377,0.18546113,335
0.21805836,0.35726678,0.2398318,0.18484305,336
0.21822393,0.35753804,0.2400139,0.18422411,337
0.21978867,0.35293138,0.24173489,0.18554506,338
0.2203095,0.351398,0.24230772,0.18598475,339
0.21916026,0.3495649,0.2462603,0.18501456,340
0.21679245,0.3565922,0.2435997,0.18301566,341
0.21625796,0.35571304,0.2429991,0.1850299,342
0.21663648,0.35633567,0.24342445,0.18360344,343
0.21804065,0.35216367,0.24500223,0.18479349,344
0.21399358,0.3539863,0.24627024,0.18574987,345
0.21049729,0.35556093,0.24736571,0.18657614,346
0.21041197,0.3554168,0.24767078,0.18650052,347
0.20937437,0.35859537,0.24644946,0.18558083,348
0.20991437,0.35952023,0.24450594,0.18605947,349
0.20681842,0.3542178,0.25564846,0.18331534,350
0.19991241,0.35730186,0.2578743,0.18491141,351
0.201476,0.3566036,0.25737035,0.18455005,352
0.20209542,0.3546255,0.25816163,0.18511744,353
0.2027061,0.35267535,0.25894174,0.18567683,354
0.20337898,0.353846,0.25648186,0.18629317,355
0.20360672,0.35424227,0.2567691,0.18538196,356
0.20146106,0.36104748,0.2540632,0.18342835,357
0.201259,0.36068538,0.25481123,0.18324438,358
0.20142658,0.36098567,0.25419083,0.18339695,359
0.20338932,0.35475886,0.25666773,0.18518402,360
0.20182887,0.35203707,0.26237074,0.18376324,361
0.20260195,0.3533855,0.26337573,0.18063675,362
0.20009202,0.35449785,0.26420474,0.18120535,363
0.20063506,0.35545996,0.26492178,0.17898321,364
0.19890955,0.35622722,0.26549363,0.17936955,365
0.19911028,0.35557756,0.26576155,0.17955057,366
0.19862427,0.3571506,0.26511285,0.17911229,367
0.2009947,0.36141294,0.25634256,0.18124987,368
0.20064427,0.3607828,0.2576391,0.18093385,369
0.20040733,0.36035675,0.25851578,0.1807202,370
0.19924568,0.36406437,0.2570173,0.17967266,371
0.1984215,0.366695,0.25595415,0.17892943,372
0.1906401,0.3702547,0.25843886,0.1806664,373
0.19098878,0.37093186,0.25708258,0.18099684,374
0.1958038,0.36872417,0.25555247,0.17991957,375
0.19541217,0.36798665,0.2550413,0.18155983,376
0.19560581,0.3683513,0.25430313,0.18173975,377
0.19528165,0.36774087,0.2555389,0.18143857,378
0.1878276,0.37114722,0.25790596,0.18311921,379
0.18909515,0.3736519,0.25289792,0.18435498,380
0.18955405,0.3721319,0.25351167,0.18480237,381
0.1867122,0.3815451,0.24971095,0.18203177,382
0.18784676,0.377787,0.2512283,0.18313788,383
0.18689963,0.3758822,0.25500363,0.1822145,384
0.18602134,0.37881514,0.25380528,0.18135822,385
0.18184608,0.38075826,0.25510713,0.18228847,386
0.18163571,0.38147467,0.254812,0.18207759,387
0.17946312,0.38248742,0.25548849,0.18256097,388
0.17844889,0.38032576,0.2540446,0.18718079,389
0.18019968,0.37424597,0.25653708,0.18901725,390
0.17993422,0.37516785,0.25615916,0.1887388,391
0.17904702,0.37331802,0.25982678,0.18780819,392
0.1784534,0.37208033,0.2622808,0.18718553,393
0.17701024,0.37715834,0.2601597,0.18567175,394
0.1770587,0.3772616,0.2599572,0.18572257,395
0.1753807,0.3831633,0.25749356,0.18396248,396
0.17509253,0.38417682,0.25707045,0.1836602,397
0.17667106,0.3786249,0.25938806,0.18531597,398
0.17493448,0.37942353,0.2599352,0.18570685,399
0.17502978,0.37908542,0.2600768,0.18580803,400
0.1772596,0.37117517,0.2633901,0.18817516,401
0.1759516,0.36843628,0.26144654,0.19416556,402
0.17956947,0.35545024,0.26682234,0.19815794,403
0.1783605,0.35305715,0.27175853,0.19682384,404
0.17877801,0.35154283,0.27239466,0.19728455,405
0.17976588,0.34795955,0.27389982,0.19837469,406
0.17649451,0.34934735,0.27499223,0.19916588,407
0.17433216,0.34506726,0.28387478,0.19672577,408
0.17569,0.33996612,0.28608584,0.19825803,409
0.17923945,0.32663152,0.29186562,0.20226343,410
0.18816172,0.32308078,0.2886928,0.20006466,411
0.18766093,0.32222095,0.28792447,0.20219366,412
0.19599332,0.31891584,0.28497118,0.20011972,413
0.19567141,0.31839204,0.2845031,0.20143348,414
0.19449654,0.31648034,0.28879914,0.20022403,415
0.1918802,0.31222308,0.28491423,0.21098252,416
0.19768263,0.30998126,0.2828685,0.20946763,417
0.20069075,0.2994813,0.28717285,0.21265507,418
0.20375142,0.28879794,0.29155245,0.2158982,419
0.20195244,0.28624806,0.28897825,0.22282124,420
0.20172359,0.2859237,0.28978395,0.22256875,421
0.19940437,0.2826364,0.2864523,0.23150694,422
0.20419028,0.28094682,0.28473988,0.230123,423
0.20632707,0.28388685,0.2877196,0.22206645,424
0.20786855,0.2785368,0.28986916,0.2237255,425
0.20985398,0.2716458,0.2926378,0.22586238,426
0.20388934,0.2736964,0.29484686,0.22756736,427
0.2020957,0.27128866,0.30105013,0.22556543,428
0.20253389,0.26970878,0.30170286,0.2260545,429
0.20248957,0.26964977,0.30163684,0.22622384,430
0.20319763,0.27059266,0.29919484,0.22701488,431
0.21018808,0.2682187,0.29656994,0.22502324,432
0.2102515,0.26819718,0.29654616,0.2250052,433
0.2070707,0.2692774,0.29774052,0.22591142,434
0.2049815,0.26656058,0.29473656,0.23372139,435
0.20215596,0.26288623,0.30445817,0.23049968,436
0.20155491,0.2621046,0.30355293,0.23278764,437
0.20260054,0.26346436,0.3051277,0.22880746,438
0.19932422,0.25920376,0.31636474,0.22510733,439
0.20054273,0.26078835,0.31829876,0.22037013,440
0.20156889,0.26212278,0.3148106,0.22149774,441
0.20378734,0.2540018,0.3182754,0.22393553,442
0.20440207,0.25175142,0.3192355,0.22461104,443
0.20287688,0.24987291,0.32431513,0.22293505,444
0.20488977,0.24243034,0.3275329,0.22514696,445
0.20626962,0.244063,0.32300407,0.22666323,446
0.20067504,0.2457833,0.3252808,0.22826089,447
0.19774076,0.24668556,0.32647488,0.22909883,448
0.1969106,0.24564993,0.3293025,0.22813703,449
0.19790098,0.2418559,0.33095872,0.22928445,450
0.19949771,0.24380729,0.32556054,0.2311344,451
0.20053767,0.23986542,0.32725763,0.23233928,452
0.19866638,0.23762715,0.3335352,0.23017123,453
0.19754612,0.23628719,0.33729345,0.22887333,454
0.1973359,0.23603575,0.3369345,0.2296939,455
0.1960282,0.23447159,0.34132847,0.22817178,456
0.19743885,0.23615889,0.34378475,0.22261755,457
0.20393135,0.23424843,0.34100363,0.22081664,458
0.20280536,0.23295504,0.33912078,0.22511889,459
0.20279847,0.23298103,0.33910927,0.22511125,460
0.20324443,0.23129429,0.339855,0.22560628,461
0.2038821,0.23201995,0.33778384,0.2263141,462
0.20372497,0.23261188,0.33752352,0.22613968,463
0.20239818,0.23109695,0.34183797,0.22466691,464
0.20461607,0.23362933,0.33462584,0.22712882,465
0.21164599,0.23156442,0.3316683,0.22512136,466
0.21256815,0.2282162,0.3331134,0.22610225,467
0.21949802,0.22620778,0.3301818,0.22411242,468
0.21967047,0.2263855,0.32965556,0.22428851,469
0.2218314,0.2257586,0.32874268,0.2236674,470
0.22024776,0.22621801,0.32941166,0.22412255,471
0.21994542,0.22590747,0.32895947,0.22518764,472
0.21893352,0.22486815,0.32744604,0.22875227,473
0.21794389,0.2238517,0.3259659,0.23223852,474
0.21851367,0.22182259,0.3268181,0.23284566,475
0.21995665,0.22141302,0.32621464,0.23241574,476
0.2191295,0.2243409,0.32498792,0.23154174,477
0.2161143,0.22520715,0.3262428,0.2324358,478
0.21301223,0.22609837,0.32753384,0.23335561,479
0.21133225,0.2243152,0.32495067,0.2394019,480
0.2129578,0.21834862,0.32745016,0.24124336,481
0.21257506,0.2179562,0.32865894,0.2408098,482
0.21272446,0.21791486,0.3285966,0.24076413,483
0.21923488,0.21611278,0.32587922,0.2387731,484
0.21897087,0.21585253,0.326691,0.23848554,485
0.2177821,0.21468067,0.3303464,0.23719083,486
0.22027907,0.21714209,0.33413398,0.22844486,487
0.21930227,0.21617919,0.3326523,0.23186626,488
0.21841249,0.2153021,0.3353599,0.2309255,489
0.2188049,0.21389227,0.33596244,0.2313404,490
0.21985179,0.21013105,0.3375699,0.23244727,491
0.21803348,0.2106208,0.33835667,0.23298903,492
0.20838413,0.21321985,0.34253195,0.23586409,493
0.21043468,0.21531798,0.33606228,0.23818505,494
0.20923309,0.21408851,0.33414334,0.24253508,495
0.20612842,0.2109118,0.34402356,0.23893628,496
0.2050595,0.20981807,0.34223956,0.24288294,497
0.20522429,0.20918302,0.3425146,0.24307811,498
0.20757651,0.2001188,0.3464404,0.24586421,499
0.20756745,0.20011006,0.346469,0.24585348,500
0.20467462,0.20084059,0.34773386,0.24675101,501
0.20394956,0.20367147,0.34650204,0.24587691,502
0.20314799,0.20287101,0.34907052,0.24491055,503
0.20199499,0.20171957,0.3470893,0.24919617,504
0.20320801,0.20141292,0.34656167,0.24881735,505
0.20378959,0.20198935,0.3446916,0.24952947,506
0.20154957,0.19976912,0.35189465,0.24678667,507
0.19892515,0.21018909,0.34731254,0.24357322,508
0.20236015,0.2138186,0.35330987,0.2305114,509
0.20241027,0.21380515,0.35328767,0.2304969,510
0.20281161,0.21422909,0.35398817,0.22897111,511
0.20596138,0.21338266,0.35258952,0.22806641,512
0.20373634,0.21107745,0.3595836,0.2256026,513
0.2044842,0.21185225,0.35723284,0.2264307,514
0.20334746,0.21067457,0.36080593,0.22517198,515
0.20427434,0.21163483,0.35789242,0.22619833,516
0.20534356,0.20750841,0.3597657,0.2273823,517
0.20387504,0.2060244,0.36434442,0.22575617,518
0.20443171,0.20658694,0.36260867,0.22637258,519
0.2170569,0.20330855,0.35685432,0.22278021,520
0.21805711,0.20424542,0.35389066,0.2238068,521
0.21972093,0.20580384,0.35659093,0.2178843,522
0.22091693,0.20148079,0.35853195,0.2190703,523
0.2202096,0.20403755,0.357384,0.21836889,524
0.22151473,0.20524684,0.35950214,0.21373634,525
0.22185437,0.20556153,0.3585201,0.21406405,526
0.2193083,0.21467872,0.3544056,0.21160738,527
0.22092089,0.21625726,0.34965846,0.21316333,528
0.22119445,0.21652505,0.35009143,0.21218903,529
0.21953769,0.21490327,0.35495934,0.21059972,530
0.22152199,0.21684568,0.34912908,0.21250324,531
0.21982802,0.22283442,0.34645933,0.21087824,532
0.21871473,0.22170591,0.3497691,0.20981027,533
0.21994999,0.22295806,0.3517445,0.20534746,534
0.22344987,0.22195771,0.35016632,0.20442612,535
0.2230036,0.22151442,0.3514641,0.20401785,536
0.22716774,0.22032727,0.34958053,0.20292446,537
0.22687241,0.22004084,0.35042608,0.20266066,538
0.22811586,0.22124684,0.35234666,0.19829065,539
0.22532652,0.22204633,0.3536199,0.1990072,540
0.22678071,0.22347936,0.35590208,0.19383782,541
0.22618808,0.22365066,0.3561749,0.19398639,542
0.22716393,0.22461557,0.3533972,0.19482331,543
0.22597615,0.22344112,0.3567781,0.19380465,544
0.22514068,0.22261502,0.3591562,0.19308811,545
0.22520298,0.22267662,0.35897884,0.19314155,546
0.22306465,0.22329119,0.3599696,0.1936746,547
0.22123931,0.221464,0.36520693,0.19208975,548
0.2213744,0.22159924,0.36542994,0.19159639,549
0.21912144,0.22224045,0.36648735,0.19215079,550
0.22601545,0.22027838,0.3632518,0.19045438,551
0.22586006,0.22081445,0.36300206,0.19032344,552
0.22672148,0.22165662,0.36438653,0.18723541,553
0.22435625,0.21934423,0.3710174,0.18528213,554
0.22926122,0.21795714,0.36867115,0.18411045,555
0.23030764,0.21895196,0.37035385,0.18038653,556
0.2307672,0.21938887,0.3710929,0.178751,557
0.23038106,0.21902177,0.37214524,0.1784519,558
0.22787622,0.21664043,0.3789717,0.17651166,559
0.22696416,0.21577333,0.3774549,0.17980757,560
0.22644502,0.21756715,0.37659153,0.1793963,561
0.21897559,0.21966796,0.3802279,0.18112855,562
0.21845478,0.21914549,0.37932354,0.18307617,563
0.21837322,0.21943694,0.37918195,0.18300784,564
0.22046863,0.22154255,0.37322497,0.18476388,565
0.22254276,0.22362679,0.36732832,0.18650211,566
0.21110788,0.22691593,0.37273103,0.18924521,567
0.21208723,0.22332941,0.37446016,0.19012314,568
0.21220236,0.22345063,0.37466344,0.18968353,569
0.21689302,0.2221202,0.37243268,0.18855414,570
0.21629332,0.22427094,0.37140292,0.1880328,571
0.22323768,0.2222837,0.36811197,0.18636668,572
0.22220327,0.22588736,0.36640626,0.18550311,573
0.22364113,0.22734906,0.36877722,0.18023255,574
0.22251469,0.22767894,0.36931232,0.18049406,575
0.22234091,0.22750112,0.36980483,0.1803531,576
0.22295511,0.22812958,0.36806396,0.18085131,577
0.22441702,0.22962542,0.3639204,0.18203714,578
0.22255228,0.23602661,0.3608965,0.18052456,579
0.22308184,0.23658822,0.3593758,0.18095411,580
0.22296245,0.2369968,0.35918346,0.18085727,581
0.22889346,0.23518784,0.3564419,0.17947681,582
0.22891876,0.23521383,0.35648128,0.17938618,583
0.22902998,0.23517987,0.3564298,0.17936029,584
0.22801508,0.23413771,0.35928166,0.17856549,585
0.22999504,0.23353724,0.35836023,0.17810753,586
0.2290952,0.23262355,0.3608705,0.1774107,587
0.22943112,0.23296465,0.36139965,0.17620456,588
0.22665887,0.23380278,0.36269984,0.17683849,589
0.22575468,0.23407616,0.36312392,0.17704526,590
0.22326495,0.23149465,0.37014765,0.17509273,591
0.2240168,0.23227422,0.3680266,0.17568235,592
0.22532618,0.23363186,0.36433268,0.17670922,593
0.2235131,0.23417868,0.36518538,0.1771228,594
0.22425579,0.2349568,0.3663988,0.17438854,595
0.22559325,0.23635809,0.36858404,0.1694646,596
0.22611122,0.23690078,0.3694303,0.16755764,597
0.22569768,0.2364675,0.3705836,0.1672512,598
0.22593205,0.23671305,0.36992997,0.16742487,599
0.22790895,0.23003438,0.37316683,0.16888984,600
0.22417608,0.2262667,0.36705482,0.1825024,601
0.23690051,0.22255564,0.36103466,0.17950915,602
0.24483433,0.22024179,0.35728106,0.17764282,603
0.24837585,0.21920891,0.35560554,0.17680974,604
0.24906464,0.219008,0.35527962,0.1766477,605
0.25607687,0.22517401,0.337128,0.18162107,606
0.26385033,0.22282112,0.3336053,0.17972326,607
0.26413414,0.22198518,0.3339641,0.17991658,608
0.2622476,0.22754198,0.33157882,0.17863154,609
0.261511,0.22971174,0.33064747,0.17812979,610
0.26411402,0.23199825,0.3239849,0.17990287,611
0.26663387,0.2342117,0.3175352,0.18161927,612
0.2667533,0.23386863,0.3176774,0.18170063,613
0.2715017,0.23235413,0.3156202,0.18052398,614
0.27371302,0.23424663,0.310046,0.18199432,615
0.26852825,0.22980946,0.304173,0.19748928,616
0.27405226,0.23453696,0.28985888,0.20155191,617
0.27667764,0.23368877,0.28881064,0.20082302,618
0.27720472,0.23413397,0.28936085,0.19930048,619
0.2769893,0.23395205,0.28991306,0.19914562,620
0.28060058,0.2370022,0.28065524,0.20174198,621
0.27914527,0.24095939,0.27919966,0.20069566,622
0.27585223,0.23811682,0.27590597,0.21012501,623
0.27828106,0.23140855,0.27833527,0.21197514,624
0.28562778,0.22905295,0.27550197,0.20981735,625
0.29119593,0.23351821,0.26137823,0.21390763,626
0.29292357,0.22897077,0.26292893,0.21517672,627
0.29439503,0.22509761,0.26424974,0.21625763,628
0.304346,0.22192313,0.2605231,0.21320781,629
0.30165377,0.21996003,0.25821856,0.22016768,630
0.30659562,0.22356352,0.24606633,0.22377457,631
0.30666882,0.22361688,0.24612506,0.22358926,632
0.3088392,0.22519949,0.24786697,0.21809433,633
0.31707224,0.22251695,0.24491441,0.21549642,634
0.31587777,0.22167869,0.24775897,0.2146846,635
0.31962293,0.22046511,0.24640262,0.21350932,636
0.32251886,0.21952674,0.24535385,0.21260056,637
0.32595757,0.21120526,0.24796982,0.21486731,638
0.32675916,0.21172465,0.24612051,0.2153957,639
0.3314868,0.21023786,0.24439219,0.21388313,640
0.3341045,0.21189809,0.23842523,0.21557215,641
0.32852432,0.2136738,0.24042322,0.21737865,642
0.32752216,0.21399271,0.24078207,0.21770309,643
0.32804012,0.21433115,0.24116287,0.21646589,644
0.3279488,0.21454985,0.24109572,0.21640563,645
0.32751784,0.21558206,0.2407789,0.21612124,646
0.3343681,0.21338603,0.23832619,0.21391971,647
0.33534822,0.21307181,0.23797525,0.21360472,648
0.33369732,0.21694581,0.23680371,0.21255316,649
0.33467084,0.21757874,0.23457718,0.21317327,650
0.33480537,0.21766618,0.23426956,0.21325894,651
0.335888,0.2173119,0.23388827,0.21291183,652
0.34184557,0.21536247,0.23179013,0.21100187,653
0.33946916,0.21386534,0.23017879,0.21648674,654
0.33917913,0.21395923,0.23027986,0.21658178,655
0.34248367,0.21288928,0.22912829,0.21549872,656
0.34177393,0.2124481,0.22865346,0.21712452,657
0.35112652,0.20942947,0.22540456,0.21403944,658
0.3519011,0.20989148,0.22590181,0.21230559,659
0.35217887,0.20926788,0.22608012,0.21247315,660
0.34951162,0.21525653,0.22436789,0.21086398,661
0.35032105,0.21343914,0.2248875,0.21135232,662
0.35005292,0.21404114,0.22471538,0.21119055,663
0.35114616,0.2115866,0.22541717,0.2118501,664
0.35197774,0.21131542,0.22512828,0.21157861,665
0.34933463,0.21723786,0.22343771,0.20998979,666
0.3468427,0.21806985,0.22429344,0.21079402,667
0.3478155,0.21587671,0.22492254,0.21138525,668
0.346548,0.21873423,0.22410287,0.2106149,669
0.34718528,0.21852091,0.22388431,0.2104095,670
0.34690398,0.21834384,0.22451317,0.21023901,671
0.34529167,0.22197677,0.2234697,0.20926188,672
0.34515545,0.2218892,0.22338153,0.20957388,673
0.34544328,0.2212402,0.22356783,0.20974867,674
0.34402046,0.22444786,0.22264698,0.20888473,675
0.34418368,0.22439201,0.22259158,0.20883276,676
0.34524313,0.22402951,0.22223198,0.2084954,677
0.34318784,0.22269583,0.220909,0.2132073,678
0.33729202,0.22469486,0.222892,0.21512116,679
0.33161423,0.22661994,0.22480163,0.21696422,680
0.33037636,0.225774,0.22396249,0.21988718,681
0.32429487,0.22782446,0.2259965,0.22188419,682
0.3224607,0.22844288,0.22660995,0.22248647,683
0.32406956,0.22790045,0.22607186,0.22195818,684
0.3209003,0.22567165,0.22386095,0.22956711,685
0.31818306,0.2265746,0.22475664,0.23048563,686
0.3173542,0.22598436,0.22677624,0.22988522,687
0.31734386,0.22598776,0.22677964,0.22988866,688
0.3176036,0.22617272,0.22696525,0.22925839,689
0.3181008,0.22496125,0.22732058,0.22961731,690
0.31902713,0.2227044,0.22798254,0.23028597,691
0.31936845,0.22259274,0.22786823,0.2301705,692
0.31703237,0.22335677,0.22865036,0.23096053,693
0.3171249,0.22342198,0.22871712,0.230736,694
0.3182283,0.22071989,0.22951292,0.23153882,695
0.31911054,0.21855955,0.2301492,0.23218071,696
0.3228642,0.22113045,0.22109352,0.23491184,697
0.32804185,0.22467661,0.2086025,0.23867902,698
0.32442695,0.23322043,0.20630379,0.23604886,699
0.32043403,0.23459885,0.20752312,0.23744401,700
0.31997278,0.23570053,0.20722441,0.23710224,701
0.31897062,0.2360479,0.2075298,0.23745166,702
0.31874323,0.2358796,0.20738184,0.23799534,703
0.32412055,0.23985898,0.19401003,0.24201041,704
0.32498083,0.23784144,0.19452497,0.24265274,705
0.32557926,0.23827942,0.19488318,0.24125813,706
0.3295205,0.23688695,0.1937443,0.23984826,707
0.33216757,0.2387899,0.1872675,0.24177499,708
0.33516616,0.23191822,0.18895802,0.24395758,709
0.3335537,0.23080248,0.19285987,0.24278392,710
0.33541793,0.22650348,0.19393776,0.24414083,711
0.33810475,0.22558776,0.1931537,0.24315381,712
0.33934116,0.22641271,0.19020319,0.24404301,713
0.33817607,0.22563535,0.18955015,0.24663846,714
0.33613318,0.2242723,0.18840508,0.25118953,715
0.3339382,0.2228078,0.19370478,0.24954925,716
0.33166245,0.22128937,0.19238469,0.2546635,717
0.33527163,0.22009435,0.19134577,0.25328824,718
0.334131,0.22274761,0.1906948,0.25242653,719
0.338368,0.22133024,0.18948138,0.2508203,720
0.34002456,0.22241381,0.19040903,0.2471526,721
0.33943498,0.22202817,0.19007888,0.2484579,722
0.34195477,0.22118123,0.18935381,0.24751014,723
0.34224978,0.22137204,0.18865448,0.24772367,724
0.3396447,0.21968703,0.1872185,0.25344977,725
0.3372686,0.21815012,0.18590873,0.25867254,726
0.34060857,0.22031048,0.17784671,0.2612342,727
0.34257662,0.22158344,0.17309628,0.2627436,728
0.34371093,0.21900603,0.17366943,0.26361358,729
0.34123525,0.21983217,0.17432454,0.264608,730
0.3436637,0.22139663,0.17556515,0.2593745,731
0.34168202,0.2220651,0.17609525,0.26015764,732
0.34265205,0.22269556,0.1765952,0.2580572,733
0.3367502,0.22469497,0.17818071,0.2603741,734
0.3336767,0.2226442,0.1856814,0.2579977,735
0.33303422,0.22414096,0.1853239,0.25750092,736
0.334448,0.22509247,0.1818655,0.25859407,737
0.33342126,0.22440143,0.18437721,0.25780016,738
0.33140877,0.2250789,0.18493384,0.25857848,739
0.33228144,0.22303845,0.1854208,0.25925934,740
0.33122626,0.22233018,0.18800752,0.25843605,741
0.3337491,0.2214915,0.1872983,0.25746116,742
0.33777606,0.22015274,0.18616621,0.255905,743
0.33928385,0.21965148,0.18574233,0.25532234,744
0.33966193,0.21989624,0.18594931,0.25449255,745
0.34008202,0.2201682,0.1861793,0.25357047,746
0.341165,0.22086933,0.18677218,0.25119352,747
0.34038243,0.2203627,0.18863751,0.25061736,748
0.3397719,0.22176108,0.18829916,0.25016782,749
0.34551916,0.21983066,0.18666004,0.24799012,750
0.34423447,0.22273147,0.18596599,0.24706805,751
0.34657183,0.2219376,0.18530315,0.24618742,752
0.34347776,0.2199562,0.18364882,0.25291726,753
0.34463015,0.2195701,0.18332645,0.2524733,754
0.3403861,0.220992,0.18451364,0.25410828,755
0.3397066,0.22055086,0.18414532,0.25559723,756
0.33978277,0.22037606,0.18418661,0.25565454,757
0.33896366,0.2206495,0.18441515,0.25597176,758
0.33928382,0.2208579,0.18364473,0.25621355,759
0.34019524,0.2214512,0.18413804,0.25421548,760
0.3449041,0.21987075,0.1828239,0.2524012,761
0.34226364,0.2181875,0.18907991,0.2504689,762
0.34708828,0.21658705,0.18769297,0.24863169,763
0.3460409,0.21593349,0.18712659,0.25089902,764
0.34795624,0.21159367,0.18816233,0.25228775,765
0.34485304,0.21260071,0.18905784,0.25348842,766
0.34703597,0.2076164,0.1902546,0.25509304,767
0.3473503,0.20751645,0.190163,0.25497022,768
0.34604603,0.20673724,0.19320391,0.25401282,769
0.34709963,0.20736669,0.19379216,0.2517415,770
0.35040277,0.20631759,0.19281174,0.2504679,771
0.35316685,0.20794508,0.19433269,0.24455541,772
0.352497,0.20816042,0.19453393,0.24480866,773
0.3504042,0.21286155,0.19337897,0.24335521,774
0.34967223,0.2124169,0.19506398,0.24284686,775
0.3469724,0.21329875,0.19587378,0.24385504,776
0.3502055,0.20596828,0.19769894,0.24612728,777
0.34908396,0.20632377,0.19804016,0.2465521,778
0.3522866,0.20821668,0.19068262,0.24881408,779
0.3542286,0.20936447,0.19173376,0.24467312,780
0.358092,0.21164793,0.18291847,0.24734166,781
0.35484603,0.21879406,0.18126036,0.24509957,782
0.35851038,0.22105345,0.18313217,0.23730396,783
0.36021388,0.22046645,0.18264587,0.2366738,784
0.36053437,0.21977288,0.18280837,0.23688437,785
0.36046806,0.21973246,0.18277475,0.23702472,786
0.36205858,0.21918601,0.18232019,0.23643526,787
0.36285007,0.21966515,0.18271877,0.23476605,788
0.3645361,0.22068587,0.17892112,0.23585692,789
0.36161947,0.22169878,0.17974234,0.23693946,790
0.36040413,0.22212084,0.18008451,0.23739053,791
0.36402047,0.21431552,0.1818915,0.23977254,792
0.3623616,0.21487452,0.18236594,0.24039795,793
0.36197165,0.21464327,0.18324584,0.24013923,794
0.36053416,0.21379088,0.18648937,0.23918557,795
0.35829505,0.21246313,0.18533118,0.24391063,796
0.36039504,0.21370839,0.18055634,0.2453402,797
0.36021847,0.21360368,0.18095787,0.24521999,798
0.3592624,0.2156909,0.18047757,0.24456915,799
0.35915858,0.21591759,0.18042542,0.24449846,800
0.34969682,0.23657365,0.17567225,0.23805733,801
0.33902875,0.24045457,0.1785541,0.2419626,802
0.33733156,0.24107198,0.17901258,0.2425839,803
0.33768183,0.2413223,0.17919844,0.24179745,804
0.3342449,0.24257457,0.18012835,0.24305218,805
0.3356422,0.24358864,0.18088137,0.23988782,806
0.3325173,0.24473438,0.18173215,0.24101615,807
0.32957128,0.24581456,0.18253426,0.24207991,808
0.32731584,0.25097582,0.18128508,0.24042323,809
0.31799605,0.254453,0.18379673,0.24375422,810
0.32025513,0.25626066,0.17799833,0.24548587,811
0.3193194,0.25661343,0.17824337,0.24582382,812
0.32373738,0.25494787,0.17708646,0.24422827,813
0.31939608,0.25658453,0.17822328,0.24579611,814
0.31689718,0.2575266,0.17887764,0.24669857,815
0.31114185,0.271011,0.17562896,0.24221817,816
0.3115614,0.27084595,0.175522,0.24207065,817
0.31069005,0.27118877,0.17574416,0.24237704,818
0.3026536,0.27435046,0.1777931,0.24520282,819
0.3032732,0.2749121,0.17815706,0.24365768,820
0.3022632,0.27732685,0.17756374,0.24284624,821
0.29707068,0.2793907,0.17888518,0.2446535,822
0.29606053,0.28184107,0.1782769,0.24382156,823
0.29630244,0.28207135,0.17760544,0.24402079,824
0.30122975,0.2800963,0.17636184,0.24231216,825
0.30145478,0.27955842,0.1764936,0.2424932,826
0.301048,0.28053063,0.17625545,0.24216598,827
0.299008,0.2854059,0.17506108,0.24052499,828
0.29956508,0.2851791,0.17492197,0.24033386,829
0.29847345,0.28413993,0.17428456,0.24310203,830
0.29828852,0.2839639,0.17417659,0.24357104,831
0.2952207,0.29132804,0.17238522,0.24106596,832
0.29837906,0.29002252,0.17161271,0.23998567,833
0.2936032,0.30138645,0.16886587,0.23614447,834
0.290686,0.30832782,0.16718805,0.23379816,835
0.28892726,0.31251255,0.1661765,0.23238361,836
0.2882296,0.31417266,0.16577525,0.2318225,837
0.286601,0.31239745,0.17048892,0.2305126,838
0.28530645,0.3155033,0.16971885,0.2294714,839
0.2840439,0.31853232,0.16896781,0.22845595,840
0.2837927,0.3182506,0.16881837,0.22913834,841
0.2793642,0.3132844,0.18178876,0.22556269,842
0.27861783,0.31244743,0.18130308,0.22763172,843
0.27739,0.31297922,0.18161167,0.22801916,844
0.27989134,0.3158015,0.18324934,0.22105789,845
0.2778455,0.32080254,0.18190989,0.21944208,846
0.27825433,0.31980315,0.18217756,0.21976498,847
0.27995083,0.32175297,0.17719127,0.22110488,848
0.27970645,0.3214721,0.1770366,0.2217848,849
0.279058,0.3230451,0.17662618,0.22127064,850
0.27854043,0.32244593,0.17629857,0.22271502,851
0.27821687,0.3220714,0.1772554,0.22245632,852
0.2803845,0.3245807,0.17863643,0.21639831,853
0.27184165,0.32843396,0.18075712,0.21896729,854
0.27262968,0.32938603,0.1812811,0.21670322,855
0.2673431,0.33178005,0.18259867,0.21827824,856
0.271182,0.33654425,0.17086121,0.2214126,857
0.2707856,0.33751404,0.17061146,0.22108895,858
0.27004027,0.33658502,0.17289434,0.2204804,859
0.2661355,0.3383855,0.17381918,0.2216598,860
0.26769403,0.33451104,0.1748371,0.22295786,861
0.26865822,0.3340706,0.17460689,0.2226643,862
0.27232897,0.3386351,0.16332935,0.22570662,863
0.27228367,0.33874512,0.16330218,0.22566909,864
0.27144396,0.33913597,0.16349061,0.22592945,865
0.2682843,0.3351883,0.16158752,0.2349399,866
0.26857612,0.3355529,0.16067553,0.23519546,867
0.26830813,0.33621585,0.16051522,0.2349608,868
0.2645061,0.33796293,0.1613493,0.23618172,869
0.264339,0.3377494,0.16187915,0.2360325,870
0.2657555,0.3342006,0.16274662,0.23729733,871
0.26818803,0.33309337,0.16220744,0.23651116,872
0.26840398,0.3325564,0.16233805,0.2367016,873
0.27020422,0.33478692,0.16342689,0.2315819,874
0.272813,0.3335902,0.1628427,0.23075409,875
0.27240023,0.33459848,0.16259633,0.23040497,876
0.2729903,0.33532327,0.16294853,0.22873795,877
0.27659595,0.33975223,0.15189269,0.23175912,878
0.27417493,0.3367784,0.1505632,0.23848346,879
0.26762077,0.3398195,0.15192276,0.24063694,880
0.26947132,0.34216928,0.14605848,0.24230091,881
0.26998907,0.34282672,0.14633912,0.2408451,882
0.27787074,0.33912534,0.14475915,0.23824477,883
0.27681434,0.33783606,0.1442088,0.2411408,884
0.27726105,0.33838123,0.14444152,0.23991619,885
0.27796164,0.3380532,0.1443015,0.23968361,886
0.27765337,0.3376783,0.14414147,0.24052683,887
0.2762719,0.33599818,0.14839986,0.23933008,888
0.27816364,0.3351199,0.14801195,0.2387045,889
0.27591494,0.34049487,0.1468154,0.23677479,890
0.2752962,0.3397313,0.14872862,0.23624383,891
0.27616847,0.34080774,0.14919986,0.23382391,892
0.2762681,0.34093067,0.14889292,0.23390827,893
0.2737647,0.33784136,0.14754374,0.24085023,894
0.27300802,0.33967146,0.14713594,0.24018453,895
0.27507228,0.33870703,0.14671817,0.23950256,896
0.27300414,0.33616045,0.15313354,0.23770188,897
0.2717238,0.33458394,0.15710522,0.23658709,898
0.27158847,0.3349153,0.15702698,0.23646927,899
0.26937315,0.3359339,0.15750454,0.23718844,900
0.2756938,0.33302772,0.15614197,0.23513652,901
0.2717887,0.32831046,0.16809501,0.23180588,902
0.27349064,0.33036634,0.16914763,0.22699544,903
0.2721147,0.33099198,0.16946796,0.22742532,904
0.27513137,0.32962027,0.16876562,0.22648281,905
0.27619055,0.3291386,0.16851902,0.22615185,906
0.27851707,0.32808068,0.16797736,0.22542496,907
0.28395548,0.31496048,0.17125735,0.22982669,908
0.2857013,0.3168969,0.17231026,0.22509152,909
0.28465027,0.31940994,0.17167638,0.22426346,910
0.2807401,0.31502232,0.18305473,0.22118282,911
0.28248188,0.31697676,0.18419044,0.21635094,912
0.28779894,0.31462783,0.1828255,0.2147477,913
0.2872319,0.31400794,0.18443559,0.21432458,914
0.28851435,0.31540996,0.18525909,0.2108166,915
0.28912005,0.3160721,0.18354867,0.21125917,916
0.28897178,0.31591,0.18345454,0.21166365,917
0.29090258,0.31133917,0.18468033,0.2130779,918
0.29242042,0.31296363,0.18564394,0.20897196,919
0.29208368,0.31260327,0.18658173,0.20873132,920
0.2894093,0.309741,0.19402952,0.20682013,921
0.2835758,0.31228378,0.1956224,0.20851801,922
0.28639385,0.31538713,0.19756642,0.20065257,923
0.28788435,0.31472838,0.19715376,0.20023347,924
0.28723395,0.31401736,0.19896759,0.19978109,925
0.2896914,0.30814844,0.20066985,0.20149033,926
0.29826483,0.30442905,0.19824776,0.19905832,927
0.30039024,0.29947245,0.19966045,0.2004768,928
0.30566287,0.29721552,0.19815573,0.19896592,929
0.3061244,0.29766428,0.19845493,0.19775638,930
0.30622903,0.29761937,0.19842498,0.19772655,931
0.31178927,0.28486612,0.20202783,0.20131671,932
0.31248417,0.285501,0.2024781,0.19953667,933
0.31541288,0.28817683,0.20437579,0.19203448,934
0.31884834,0.29131564,0.20660184,0.18323413,935
0.3207542,0.28707972,0.20783676,0.18432938,936
0.32395628,0.27996257,0.2099116,0.18616953,937
0.32445994,0.279754,0.20975523,0.18603085,938
0.32900897,0.26965594,0.21269608,0.18863906,939
0.32994878,0.26756972,0.21330363,0.18917792,940
0.3275532,0.26562706,0.21901536,0.18780439,941
0.32870632,0.26656216,0.21978639,0.1849452,942
0.3286001,0.2667991,0.21971536,0.18488543,943
0.326876,0.26539925,0.22380939,0.18391538,944
0.3277523,0.26342997,0.22440937,0.1844084,945
0.3296445,0.25917754,0.22570495,0.18547305,946
0.3275927,0.25997078,0.22639577,0.18604071,947
0.3315822,0.26313674,0.22915286,0.17612818,948
0.33310544,0.2643456,0.22561172,0.1769373,949
0.3342473,0.26182383,0.22638509,0.17754382,950
0.3393853,0.25980315,0.22463791,0.17617358,951
0.33713362,0.26471403,0.22314754,0.17500475,952
0.3358137,0.26759273,0.22227389,0.1743196,953
0.33794832,0.26293725,0.22368678,0.17542766,954
0.33561876,0.26801804,0.22214486,0.17421839,955
0.3356063,0.2680451,0.22213662,0.17421193,956
0.33662218,0.26582947,0.22280902,0.17473926,957
0.33748972,0.26393747,0.22338325,0.1751896,958
0.3338853,0.27179855,0.2209975,0.17331858,959
0.33447272,0.27155888,0.22080263,0.17316574,960
0.33441442,0.27151155,0.22076415,0.1733099,961
0.33253378,0.26998466,0.22514638,0.17233525,962
0.33316323,0.26860273,0.22557257,0.17266148,963
0.33281782,0.26832423,0.2253387,0.17351924,964
0.33523223,0.27027076,0.22697341,0.1675236,965
0.33627778,0.2679948,0.22768132,0.16804609,966
0.33860233,0.26293486,0.22925517,0.1692077,967
0.33882952,0.2624402,0.22940901,0.16932125,968
0.34060675,0.26173478,0.22879237,0.16886613,969
0.33917633,0.26063558,0.2320312,0.16815695,970
0.34029233,0.25820276,0.23279464,0.16871023,971
0.34954286,0.25458223,0.22953036,0.16634455,972
0.35527867,0.2523373,0.22750635,0.16487773,973
0.35754248,0.25145128,0.22670752,0.16429879,974
0.35895863,0.2484864,0.22760548,0.16494955,975
0.35781968,0.24769795,0.22688328,0.16759914,976
0.3575545,0.2475144,0.22671515,0.16821599,977
0.3566408,0.24688187,0.22613579,0.17034161,978
0.3538795,0.24794146,0.22710633,0.1710727,979
0.35676205,0.2499611,0.22081067,0.17246617,980
0.35300967,0.24733202,0.22900614,0.1706522,981
0.35528862,0.24892876,0.22402872,0.1717539,982
0.35894474,0.2475171,0.22275828,0.1707799,983
0.35420352,0.24424769,0.23302469,0.1685241,984
0.35487524,0.24399364,0.23278232,0.1683488,985
0.3560453,0.24479812,0.23354982,0.16560678,986
0.35925668,0.2470061,0.23565635,0.15808088,987
0.35815513,0.24743076,0.23606148,0.15835264,988
0.35888526,0.24793516,0.23450416,0.15867546,989
0.3599622,0.24567837,0.23520786,0.15915161,990
0.3569352,0.24361242,0.24163917,0.15781328,991
0.35930505,0.23859033,0.24324353,0.15886107,992
0.36326244,0.23020422,0.2459226,0.16061077,993
0.36200246,0.23287426,0.24506961,0.16005369,994
0.36253366,0.23321596,0.24542922,0.15882117,995
0.3681186,0.23117271,0.24327897,0.15742971,996
0.36938754,0.2285225,0.24411756,0.15797238,997
0.37240216,0.22222641,0.24610984,0.15926161,998
0.37243176,0.22216459,0.2461294,0.15927427,999
0.3732286,0.22188248,0.24581686,0.15907203,1000
0.36331743,0.22539112,0.24970399,0.16158745,1001
0.36108008,0.22400314,0.25432444,0.16059236,1002
0.35761887,0.22521663,0.25570217,0.16146234,1003
0.35435876,0.2322796,0.25337115,0.15999043,1004
0.35241956,0.23648098,0.2519846,0.15911488,1005
0.35121354,0.23567173,0.25454432,0.15857038,1006
0.3482551,0.23368655,0.26082364,0.15723467,1007
0.3415504,0.23609056,0.26350683,0.15885219,1008
0.33709615,0.23301163,0.27311167,0.15678056,1009
0.3342108,0.2395766,0.270774,0.1554386,1010
0.33375144,0.24062178,0.2704018,0.15522495,1011
0.33516842,0.24164337,0.27154982,0.15163836,1012
0.33262685,0.24739398,0.26949066,0.1504885,1013
0.33170974,0.24671187,0.27150485,0.15007357,1014
0.33121157,0.24784318,0.2710971,0.14984818,1015
0.3290658,0.24623752,0.27581936,0.14887738,1016
0.32997432,0.24590406,0.27544585,0.14867577,1017
0.3297276,0.24572021,0.2759876,0.1485646,1018
0.33308354,0.2380432,0.27879655,0.15007669,1019
0.32327127,0.2415455,0.28289846,0.15228474,1020
0.32010582,0.2391803,0.2899203,0.15079358,1021
0.32085943,0.23974338,0.2882486,0.15114859,1022
0.32257414,0.2410246,0.28978905,0.14661221,1023
0.32027334,0.23930547,0.29485473,0.14556648,1024
0.31287086,0.24191156,0.29806575,0.14715174,1025
0.30559057,0.24447471,0.30122387,0.14871086,1026
0.30929995,0.24316874,0.29961476,0.14791645,1027
0.30840623,0.24535567,0.29874906,0.14748906,1028
0.30502352,0.2426645,0.3064407,0.14587134,1029
0.30255982,0.24070449,0.3120426,0.14469314,1030
0.30194223,0.24021316,0.31140563,0.14643903,1031
0.30099648,0.23946075,0.31356248,0.14598034,1032
0.3018863,0.23721239,0.31448945,0.1464119,1033
0.30234128,0.23756991,0.3134563,0.14663255,1034
0.3006325,0.23622721,0.31168473,0.15145555,1035
0.29449955,0.23829874,0.31441796,0.1527837,1036
0.29335594,0.23737337,0.3170803,0.1521904,1037
0.2891047,0.2388014,0.31898785,0.15310599,1038
0.28807136,0.23794787,0.32142198,0.15255874,1039
0.28682545,0.23691873,0.32003182,0.15622404,1040
0.28722525,0.23585507,0.3204779,0.15644181,1041
0.28771523,0.23625743,0.31931868,0.15670867,1042
0.28358454,0.23286551,0.32909107,0.15445882,1043
0.28102392,0.23076285,0.33514908,0.15306415,1044
0.27381402,0.23307696,0.33850998,0.15459909,1045
0.2736153,0.23290782,0.33898994,0.1544869,1046
0.2713669,0.23921138,0.3362043,0.1532174,1047
0.2675055,0.24047908,0.33798602,0.15402938,1048
0.2653714,0.23856059,0.3432674,0.15280057,1049
0.26348945,0.24396051,0.34083304,0.15171695,1050
0.26292503,0.2455802,0.3401029,0.15139194,1051
0.26065475,0.2463366,0.34115043,0.15185823,1052
0.25470787,0.24831797,0.34389445,0.15307969,1053
0.24591824,0.25124654,0.34795022,0.15488505,1054
0.24157782,0.2526927,0.34995297,0.15577655,1055
0.24112464,0.25409448,0.3492965,0.15548433,1056
0.25017712,0.25106344,0.34512982,0.1536296,1057
0.25422883,0.24970682,0.3432649,0.15279946,1058
0.25412276,0.24960265,0.34353885,0.15273573,1059
0.24695532,0.2520012,0.34684005,0.15420341,1060
0.24347876,0.24845357,0.34195733,0.16611035,1061
0.24174504,0.24902296,0.34274098,0.16649103,1062
0.23983426,0.24965051,0.3436047,0.16691059,1063
0.23334686,0.25178105,0.34653708,0.16833504,1064
0.23616235,0.25481898,0.3507183,0.15830043,1065
0.23864338,0.257496,0.35440278,0.1494579,1066
0.2365356,0.2552217,0.35127255,0.15697016,1067
0.23662052,0.25495428,0.35139868,0.15702651,1068
0.23510349,0.25973094,0.3491458,0.15601978,1069
0.2333075,0.265386,0.3464786,0.15482792,1070
0.22721718,0.26749408,0.34923086,0.1560578,1071
0.22840798,0.26889595,0.35106114,0.1516349,1072
0.22891796,0.26949632,0.34961227,0.15197346,1073
0.2280131,0.27238384,0.34823033,0.15137275,1074
0.22248636,0.2743339,0.3507234,0.15245645,1075
0.22349907,0.27558258,0.35231978,0.14859857,1076
0.22600171,0.27469438,0.35118425,0.14811963,1077
0.22373268,0.27549964,0.35221377,0.14855385,1078
0.22827935,0.27388602,0.35015082,0.14768377,1079
0.22452642,0.27521795,0.3518536,0.14840195,1080
0.22534211,0.27258486,0.3531319,0.1489411,1081
0.22536549,0.2725094,0.35316852,0.14895654,1082
0.22470549,0.2727416,0.35346943,0.14908347,1083
0.22838822,0.27144605,0.35179043,0.1483753,1084
0.22872953,0.2718517,0.35082176,0.14859703,1085
0.22750989,0.27228156,0.3513765,0.148832,1086
0.22842485,0.27337655,0.3527896,0.14540894,1087
0.22594905,0.2742538,0.35392168,0.14587554,1088
0.22732373,0.26983824,0.35607496,0.14676306,1089
0.2284407,0.27116412,0.352911,0.14748418,1090
0.22818814,0.27086434,0.35252082,0.1484267,1091
0.22677782,0.26919025,0.35034207,0.15368986,1092
0.22833645,0.26416746,0.35274994,0.15474616,1093
0.22761121,0.26332843,0.3548057,0.15425466,1094
0.22729102,0.262958,0.35571334,0.15403765,1095
0.2287508,0.26464683,0.35157543,0.15502696,1096
0.22932723,0.26279378,0.3524614,0.15541762,1097
0.22914721,0.26337248,0.3521847,0.15529561,1098
0.22990166,0.26094723,0.35334426,0.15580691,1099
0.23228763,0.2636554,0.34663305,0.15742391,1100
0.23113224,0.26731795,0.3449089,0.15664089,1101
0.23486975,0.2716406,0.3343158,0.15917385,1102
0.23338428,0.2762472,0.3322014,0.15816714,1103
0.23132706,0.2769885,0.33309284,0.15859157,1104
0.23144348,0.2771279,0.3327572,0.15867138,1105
0.23020603,0.2809929,0.33097807,0.15782301,1106
0.22159098,0.28413758,0.33468214,0.15958926,1107
0.22145268,0.28458434,0.33447328,0.15948968,1108
0.22116414,0.28551653,0.33403745,0.15928185,1109
0.22275952,0.2849317,0.33335322,0.15895559,1110
0.22072737,0.291455,0.33031216,0.15750548,1111
0.22052222,0.2911841,0.33000517,0.15828855,1112
0.2231219,0.2946168,0.3221068,0.16015458,1113
0.2202584,0.3036695,0.317973,0.15809919,1114
0.214904,0.30575475,0.32015643,0.15918483,1115
0.21552652,0.30664045,0.3181871,0.15964594,1116
0.2146898,0.30545,0.3169518,0.1629084,1117
0.21165304,0.31527427,0.31246856,0.16060407,1118
0.21055268,0.31883407,0.3108441,0.15976913,1119
0.21093602,0.31941456,0.3095894,0.16006002,1120
0.20822638,0.32815725,0.30561244,0.15800391,1121
0.2072095,0.3314382,0.30411997,0.15723228,1122
0.19730501,0.33557895,0.3079194,0.15919663,1123
0.19683965,0.337146,0.30719313,0.15882114,1124
0.19576097,0.33529848,0.31098965,0.15795082,1125
0.20030996,0.33340198,0.30923063,0.1570574,1126
0.1976672,0.34219664,0.30515084,0.1549853,1127
0.19539745,0.34975004,0.3016469,0.15320563,1128
0.19323337,0.35069072,0.30245817,0.1536177,1129
0.19206084,0.34856278,0.30669078,0.15268557,1130
0.19236514,0.349115,0.30559236,0.15292747,1131
0.19319053,0.34632218,0.30690357,0.15358365,1132
0.1942284,0.3481827,0.30855235,0.14903651,1133
0.19278187,0.3530372,0.30625436,0.14792654,1134
0.19739968,0.3614937,0.28963673,0.15146992,1135
0.19912864,0.36465994,0.29217356,0.1440379,1136
0.19874254,0.36395285,0.29354605,0.14375861,1137
0.20018366,0.36329824,0.29301807,0.14350004,1138
0.20145883,0.36561245,0.2948846,0.13804413,1139
0.20192897,0.36413196,0.2955728,0.13836628,1140
0.20142281,0.3643629,0.29576024,0.13845403,1141
0.2008975,0.3660207,0.2949889,0.13809295,1142
0.20043954,0.36746585,0.29431644,0.13777816,1143
0.20002766,0.36876568,0.29371166,0.13749504,1144
0.1994199,0.37068355,0.29281926,0.13707729,1145
0.2009216,0.36594462,0.29502428,0.13810952,1146
0.2002975,0.36791405,0.29410788,0.13768053,1147
0.20042796,0.36815366,0.29429945,0.13711888,1148
0.20686658,0.3651891,0.2919296,0.13601473,1149
0.2087454,0.364324,0.29123804,0.13569252,1150
0.19875014,0.36892623,0.29491702,0.13740662,1151
0.20028414,0.36405542,0.29719326,0.13846715,1152
0.20006189,0.36365142,0.29797316,0.13831349,1153
0.19959585,0.36513382,0.29727903,0.1379913,1154
0.19883303,0.36756018,0.29614288,0.13746391,1155
0.197135,0.36442122,0.3021538,0.13628997,1156
0.19452937,0.35960448,0.29816008,0.14770606,1157
0.19503151,0.36053276,0.29634845,0.14808735,1158
0.19596702,0.3622621,0.29297325,0.14879768,1159
0.19555885,0.36359042,0.29236302,0.14848775,1160
0.19390997,0.36895636,0.28989795,0.14723577,1161
0.19406205,0.36846143,0.2901253,0.14735124,1162
0.19333486,0.37082797,0.28903815,0.14679907,1163
0.18989979,0.37240705,0.29026896,0.14742419,1164
0.1918662,0.37626335,0.28291968,0.14895079,1165
0.19452037,0.36763495,0.2868334,0.15101127,1166
0.19708878,0.37248912,0.2774169,0.1530052,1167
0.19713195,0.3725707,0.27725863,0.15303871,1168
0.19789304,0.3701483,0.27832907,0.15362957,1169
0.19793107,0.37021944,0.2781904,0.15365909,1170
0.19248284,0.37273422,0.28008008,0.15470284,1171
0.1939774,0.37562838,0.27449018,0.15590405,1172
0.1921685,0.37212554,0.28125578,0.15445021,1173
0.20740166,0.36510843,0.2759522,0.15153778,1174
0.20760982,0.3650125,0.27587968,0.15149796,1175
0.20857276,0.36206737,0.27715927,0.15220064,1176
0.21003647,0.36460826,0.2720865,0.15326874,1177
0.21065399,0.3627402,0.27288646,0.15371935,1178
0.21395338,0.361224,0.27174583,0.15307683,1179
0.21676636,0.3599313,0.27077335,0.15252903,1180
0.21944408,0.36437753,0.2741182,0.14206016,1181
0.21684285,0.37191197,0.2708689,0.14037623,1182
0.21475941,0.37794667,0.26826638,0.13902748,1183
0.21429247,0.37929922,0.2676831,0.13872519,1184
0.2137372,0.3783164,0.2695806,0.13836575,1185
0.21207154,0.38316125,0.26747975,0.13728745,1186
0.21211839,0.38302502,0.26753885,0.13731778,1187
0.21168448,0.3842871,0.26699156,0.13703687,1188
0.20998922,0.38921797,0.2648534,0.13593943,1189
0.21114649,0.3886478,0.2644654,0.13574028,1190
0.20620006,0.3910848,0.2661237,0.13659143,1191
0.20518625,0.38916194,0.2697319,0.13591985,1192
0.20332311,0.38562828,0.2672827,0.14376594,1193
0.20251459,0.38807136,0.26621982,0.14319424,1194
0.20297089,0.38669255,0.2668197,0.14351688,1195
0.20635416,0.38505113,0.26568708,0.1429077,1196
0.21016602,0.38320172,0.26441097,0.1422213,1197
0.21105742,0.38276923,0.26411256,0.14206079,1198
0.21346362,0.38713303,0.25572294,0.14368038,1199
0.2109467,0.38256842,0.25270775,0.15377712,1200
0.21227191,0.37868965,0.2542953,0.1547432,1201
0.21428797,0.38228625,0.2472129,0.15621287,1202
0.21441981,0.38222212,0.24717142,0.15618666,1203
0.2139104,0.38368985,0.24658419,0.1558156,1204
0.21481615,0.3810802,0.2476283,0.15647535,1205
0.21619302,0.37711322,0.24921547,0.15747829,1206
0.21712218,0.378734,0.24598874,0.1581551,1207
0.21790679,0.37648898,0.24687766,0.15872662,1208
0.2167916,0.37967992,0.2456142,0.1579143,1209
0.21770343,0.3792379,0.24532825,0.15773045,1210
0.21835378,0.37738347,0.24606112,0.15820163,1211
0.21934336,0.3790938,0.24264425,0.1589186,1212
0.21636842,0.37395218,0.23935328,0.17032611,1213
0.2129324,0.36801365,0.23555224,0.18350169,1214
0.213359,0.36875093,0.23602416,0.18186586,1215
0.216028,0.37336382,0.22646722,0.1841409,1216
0.21270956,0.37494424,0.22742583,0.18492036,1217
0.21259475,0.37474185,0.22784284,0.18482055,1218
0.21245939,0.37450325,0.22769777,0.18533956,1219
0.21350926,0.37141237,0.22882295,0.18625541,1220
0.21401317,0.36992878,0.229363,0.186695,1221
0.21486351,0.37139863,0.22630107,0.18743679,1222
0.2159551,0.37328547,0.22745077,0.1833086,1223
0.2161513,0.3736246,0.22674894,0.18347514,1224
0.21612741,0.3736938,0.2267239,0.18345487,1225
0.21725482,0.37315634,0.22639781,0.18319102,1226
0.21282461,0.38593882,0.22178116,0.17945543,1227
0.21246336,0.38528374,0.22140472,0.18084815,1228
0.21348697,0.38232216,0.2224714,0.18171944,1229
0.21535616,0.3856696,0.2156638,0.18331048,1230
0.21670577,0.3818196,0.21701533,0.18445925,1231
0.21425691,0.37750491,0.21456298,0.19367518,1232
0.21276715,0.3818332,0.2130711,0.19232853,1233
0.21221307,0.38083884,0.21512039,0.19182765,1234
0.21475898,0.38540775,0.20570424,0.19412902,1235
0.21456167,0.38597235,0.20551527,0.19395067,1236
0.2115746,0.39452073,0.20265412,0.19125052,1237
0.20700243,0.39680862,0.20382935,0.19235961,1238
0.20912589,0.4008791,0.19566211,0.19433287,1239
0.21165511,0.3936332,0.1980285,0.19668318,1240
0.21189013,0.39295986,0.19824839,0.19690157,1241
0.20856908,0.38680086,0.19514115,0.20948893,1242
0.21324757,0.3845143,0.1939876,0.20825055,1243
0.21073641,0.37998638,0.19170325,0.21757394,1244
0.20912418,0.3770793,0.19788706,0.2159094,1245
0.21097079,0.37619886,0.19742502,0.21540527,1246
0.21243115,0.37188092,0.19879162,0.21689634,1247
0.21486221,0.37073296,0.19817798,0.21622682,1248
0.2166595,0.36988434,0.19772433,0.21573184,1249
0.2152947,0.37052876,0.19806881,0.21610771,1250
0.21579674,0.3702917,0.1979421,0.21596944,1251
0.21570452,0.37056082,0.1978575,0.21587715,1252
0.2177517,0.37407768,0.1902447,0.21792595,1253
0.21467327,0.3755498,0.19099338,0.21878357,1254
0.21294867,0.38056633,0.18945901,0.21702595,1255
0.21197464,0.38339964,0.18859242,0.21603326,1256
0.21046942,0.38777804,0.18725325,0.21449924,1257
0.20986082,0.38665673,0.18671177,0.21677066,1258
0.21338202,0.38493362,0.1858797,0.21580464,1259
0.21312235,0.3856821,0.18565352,0.21554203,1260
0.21460405,0.38141116,0.18694423,0.21704055,1261
0.21016607,0.38356638,0.18800059,0.21826696,1262
0.21163803,0.37924907,0.1893173,0.21979566,1263
0.2132774,0.38218674,0.18303764,0.2214982,1264
0.21523668,0.38569775,0.18471913,0.21434645,1265
0.21639095,0.38240337,0.18570974,0.21549594,1266
0.22312848,0.3791155,0.18411301,0.21364312,1267
0.22389272,0.38041398,0.18131845,0.21437486,1268
0.22517899,0.37685448,0.18236011,0.21560645,1269
0.22579281,0.37788177,0.18285722,0.21346816,1270
0.22662278,0.3774767,0.1826612,0.21323934,1271
0.22668253,0.3773126,0.18270937,0.21329556,1272
0.22749585,0.37866637,0.18336493,0.2104729,1273
0.22665216,0.37907994,0.18356518,0.21070275,1274
0.22649206,0.37881216,0.18343551,0.21126027,1275
0.22690831,0.37767056,0.18377264,0.21164852,1276
0.21891026,0.38157776,0.18567386,0.21383815,1277
0.21913573,0.3809408,0.1858651,0.21405838,1278
0.21942018,0.38143528,0.18610637,0.21303815,1279
0.22037567,0.37874168,0.1869168,0.21396586,1280
0.21767925,0.3800516,0.18756326,0.21470588,1281
0.2193867,0.3751888,0.18903449,0.21639001,1282
0.21757248,0.37208617,0.18747127,0.22287008,1283
0.21975982,0.37104595,0.18694717,0.22224702,1284
0.22045542,0.37222043,0.18437362,0.2229505,1285
0.22061819,0.37249523,0.18377146,0.2231151,1286
0.22008532,0.37401086,0.1833276,0.22257622,1287
0.21870306,0.37166187,0.1821762,0.22745885,1288
0.21976897,0.3685995,0.18306407,0.22856742,1289
0.22015543,0.3692477,0.183386,0.22721082,1290
0.21687882,0.37079918,0.18415654,0.22816549,1291
0.21037708,0.3738777,0.18568547,0.23005982,1292
0.20974724,0.3727584,0.18512957,0.23236486,1293
0.21034628,0.37096694,0.1856583,0.2330285,1294
0.21100913,0.3689848,0.18624334,0.23376282,1295
0.21420059,0.3745656,0.17393541,0.23729841,1296
0.21377175,0.37581775,0.17358719,0.23682335,1297
0.21327356,0.37727234,0.17318265,0.23627144,1298
0.21576767,0.36998993,0.17520791,0.23903449,1299
0.21549998,0.3707716,0.17499055,0.23873794,1300
0.2146406,0.369293,0.17429271,0.24177372,1301
0.21830735,0.35851842,0.17727019,0.245904,1302
0.22045133,0.35221848,0.17901115,0.248319,1303
0.23301074,0.34654388,0.17612709,0.24431832,1304
0.24480942,0.34121293,0.1734177,0.24055994,1305
0.25400615,0.33705765,0.17130584,0.2376304,1306
0.25503582,0.338424,0.17200026,0.23453994,1307
0.25809172,0.33049682,0.17406122,0.23735027,1308
0.27051836,0.32496113,0.17114575,0.23337474,1309
0.26662922,0.32028928,0.18306185,0.23001958,1310
0.26520875,0.31858295,0.1820866,0.23412164,1311
0.2649221,0.31823862,0.18188979,0.23494951,1312
0.269652,0.3060664,0.18513724,0.2391443,1313
0.27496818,0.30383855,0.18378964,0.23740357,1314
0.28109285,0.30127195,0.1822371,0.23539816,1315
0.28381163,0.3041859,0.18399975,0.22800273,1316
0.28441992,0.30483785,0.1843941,0.22634813,1317
0.287955,0.3033319,0.18348318,0.22522995,1318
0.28861326,0.30402532,0.18390262,0.22345883,1319
0.28719747,0.30253395,0.18300049,0.22726807,1320
0.29000688,0.2957112,0.18479064,0.22949125,1321
0.28769144,0.29335022,0.18331525,0.23564304,1322
0.28859338,0.2911348,0.18388996,0.23638181,1323
0.29320642,0.27980396,0.18682936,0.24016027,1324
0.29563916,0.2821255,0.18008238,0.24215288,1325
0.3013413,0.26827958,0.1835557,0.2468234,1326
0.29798368,0.26529035,0.19265272,0.24407324,1327
0.2998262,0.26074734,0.19384395,0.24558242,1328
0.29929492,0.2602853,0.19527249,0.24514724,1329
0.2989939,0.26102936,0.1950761,0.24490067,1330
0.29584998,0.25828466,0.19302487,0.25284052,1331
0.2972977,0.25775364,0.19262803,0.25232068,1332
0.3012394,0.24791253,0.19518197,0.25566608,1333
0.29906616,0.246124,0.2009883,0.2538216,1334
0.2987661,0.24587707,0.20178987,0.25356695,1335
0.30072558,0.24519001,0.20122601,0.2528584,1336
0.30787367,0.24268363,0.19916904,0.25027364,1337
0.31533232,0.24006838,0.19702272,0.2475766,1338
0.3150253,0.24017604,0.19711107,0.24768762,1339
0.3111885,0.24152133,0.19821514,0.249075,1340
0.3106995,0.24114181,0.19947511,0.2486836,1341
0.3195277,0.23805338,0.19692034,0.24549858,1342
0.3228683,0.23688474,0.19595362,0.24429338,1343
0.31854793,0.23371495,0.20671263,0.24102446,1344
0.3185303,0.23370202,0.20670119,0.24106646,1345
0.3164125,0.23442832,0.20734358,0.24181564,1346
0.3193627,0.23341659,0.20644873,0.24077202,1347
0.31825817,0.23260932,0.20573473,0.2433978,1348
0.32055265,0.22707684,0.20721798,0.24515258,1349
0.3260485,0.22524005,0.20554182,0.24316958,1350
0.3275867,0.22158495,0.20651153,0.2443168,1351
0.3276653,0.22155906,0.20648739,0.24428825,1352
0.33215243,0.22008039,0.2051093,0.24265788,1353
0.32777163,0.21717772,0.2024041,0.25264654,1354
0.3309637,0.21929274,0.20437524,0.24536833,1355
0.33687362,0.2053519,0.20802473,0.24974981,1356
0.34444472,0.20300734,0.20564963,0.24689834,1357
0.34533435,0.2009489,0.20618078,0.24753602,1358
0.34328607,0.19975701,0.20495787,0.25199908,1359
0.34307984,0.19963701,0.20483474,0.25244844,1360
0.3414757,0.20337923,0.203877,0.25126806,1361
0.34204748,0.20371978,0.20421839,0.2500143,1362
0.34184155,0.20378354,0.20428231,0.25009257,1363
0.3441908,0.20518403,0.20568621,0.24493897,1364
0.344003,0.20507206,0.20557398,0.24535094,1365
0.34324595,0.20682143,0.20512158,0.24481101,1366
0.3470072,0.20563696,0.20394684,0.24340898,1367
0.34957492,0.2071586,0.20545597,0.23781048,1368
0.35238457,0.20882359,0.19907007,0.23972183,1369
0.35444778,0.20815828,0.19843583,0.23895809,1370
0.35782042,0.21013895,0.1908088,0.24123181,1371
0.35640413,0.20930718,0.19401175,0.24027698,1372
0.35501486,0.21238932,0.1932555,0.23934038,1373
0.35535124,0.21259056,0.1934386,0.23861963,1374
0.35753924,0.21389954,0.19462967,0.2339316,1375
0.35598868,0.21297191,0.1937856,0.23725387,1376
0.35300824,0.21956101,0.19216318,0.23526753,1377
0.35555488,0.2139309,0.19354945,0.23696478,1378
0.35682553,0.2135091,0.19316784,0.23649755,1379
0.3615011,0.20320359,0.19569895,0.23959641,1380
0.36243543,0.20290624,0.19541256,0.2392458,1381
0.36189413,0.20260319,0.19512072,0.24038197,1382
0.36339524,0.20344357,0.19593006,0.23723112,1383
0.36309177,0.20354056,0.19602346,0.2373442,1384
0.36421585,0.20417069,0.1935345,0.238079,1385
0.35993165,0.20554648,0.19483861,0.23968327,1386
0.3609456,0.20612554,0.1953875,0.2375414,1387
0.3613085,0.20633277,0.19457854,0.23778023,1388
0.36194894,0.20612589,0.19438344,0.23754181,1389
0.36530223,0.19877088,0.19618432,0.23974253,1390
0.366052,0.19917884,0.19453453,0.2402346,1391
0.36080205,0.1963222,0.20608668,0.23678914,1392
0.36542222,0.18603091,0.20872568,0.23982127,1393
0.36248952,0.18453792,0.20705055,0.24592204,1394
0.36778975,0.18300368,0.20532914,0.24387744,1395
0.3725463,0.18162683,0.20378432,0.2420426,1396
0.37820625,0.17998844,0.20194606,0.23985924,1397
0.3805085,0.18108408,0.19708808,0.24131933,1398
0.38695097,0.17920087,0.19503844,0.2388097,1399
0.38905057,0.17474721,0.19609673,0.2401055,1400
0.38695318,0.17380513,0.19503956,0.24420212,1401
0.39011088,0.17522345,0.1884707,0.24619493,1402
0.38660645,0.17623028,0.18955365,0.24760954,1403
0.3791466,0.17837355,0.19185895,0.2506209,1404
0.37513345,0.17952652,0.19309908,0.25224087,1405
0.37491113,0.17942013,0.19357736,0.25209138,1406
0.3679792,0.18140979,0.19572404,0.25488693,1407
0.36159325,0.18324277,0.19770163,0.25746232,1408
0.364486,0.18470871,0.19128335,0.25952202,1409
0.36126754,0.1856441,0.19225203,0.2608363,1410
0.35688934,0.19551338,0.18992214,0.25767523,1411
0.3534862,0.20318452,0.18811113,0.25521815,1412
0.35551336,0.20434973,0.18345521,0.25668177,1413
0.35024908,0.2060189,0.1849537,0.2587784,1414
0.35059366,0.20622157,0.18415189,0.25903296,1415
0.34552753,0.20783031,0.18558846,0.26105368,1416
0.34008393,0.22031052,0.18266462,0.25694093,1417
0.334989,0.22201143,0.18407488,0.25892463,1418
0.3289967,0.23592827,0.18078212,0.25429296,1419
0.32889682,0.23585665,0.18072724,0.25451925,1420
0.32601616,0.24254945,0.17914434,0.25229004,1421
0.32359153,0.24074557,0.18524921,0.25041372,1422
0.32298112,0.24029145,0.18489976,0.2518277,1423
0.3242251,0.24121694,0.18176036,0.25279763,1424
0.31936836,0.2525831,0.17903768,0.24901083,1425
0.31122264,0.255606,0.1811804,0.251991,1426
0.30693436,0.26586288,0.17868395,0.24851887,1427
0.3058947,0.26496238,0.17807871,0.25106427,1428
0.30529127,0.2651927,0.17823352,0.2512825,1429
0.30412433,0.26800144,0.17755224,0.25032204,1430
0.3040023,0.2678939,0.17748101,0.25062275,1431
0.30207855,0.26619864,0.17635788,0.25536498,1432
0.296252,0.26842096,0.17783019,0.25749686,1433
0.29200804,0.26457572,0.17528269,0.26813352,1434
0.28835663,0.27377182,0.17309086,0.26478064,1435
0.2904737,0.27578184,0.1670198,0.26672462,1436
0.29017013,0.27589983,0.16709127,0.26683876,1437
0.28262,0.27883443,0.16886853,0.26967698,1438
0.28324226,0.2794483,0.16924031,0.2680691,1439
0.2821342,0.27835512,0.17249022,0.2670204,1440
0.28726128,0.2834135,0.17562479,0.25370046,1441
0.28818333,0.2811133,0.17618853,0.2545148,1442
0.28801578,0.2811795,0.17623003,0.25457475,1443
0.2878102,0.28169242,0.17610425,0.25439307,1444
0.28710485,0.28345287,0.17567265,0.2537696,1445
0.28661752,0.28297174,0.17707187,0.25333884,1446
0.2854408,0.28591552,0.1763449,0.25229874,1447
0.28464425,0.2879083,0.17585278,0.2515947,1448
0.28208122,0.2889398,0.17648283,0.2524961,1449
0.28769538,0.2866803,0.17510274,0.2505216,1450
0.28815633,0.28713962,0.17378113,0.25092298,1451
0.2892875,0.28434122,0.1744633,0.25190797,1452
0.2916733,0.28668627,0.17590213,0.24573821,1453
0.2913589,0.28637722,0.1767905,0.24547331,1454
0.2907412,0.2878902,0.17641571,0.2449529,1455
0.29068437,0.2880294,0.17638123,0.24490501,1456
0.28987527,0.2872277,0.17589028,0.2470068,1457
0.28914896,0.28901353,0.17544957,0.2463879,1458
0.28707126,0.29412243,0.17418885,0.24461745,1459
0.28579706,0.29281694,0.1734157,0.24797033,1460
0.2839295,0.29358262,0.17386916,0.24861874,1461
0.278464,0.29582345,0.17519625,0.25051636,1462
0.27694315,0.29966936,0.17423941,0.24914816,1463
0.27728376,0.3000379,0.17445369,0.2482247,1464
0.27606025,0.298714,0.17368394,0.25154176,1465
0.27545467,0.30025244,0.17330293,0.25098997,1466
0.27537018,0.30028743,0.17332312,0.2510192,1467
0.26478934,0.30467215,0.17585395,0.25468454,1468
0.26502478,0.30494308,0.17601033,0.25402185,1469
0.263005,0.31024027,0.17466891,0.2520859,1470
0.2646772,0.30585465,0.17577948,0.2536887,1471
0.26274362,0.30665892,0.1762417,0.2543558,1472
0.2621725,0.30599236,0.17803226,0.2538029,1473
0.26471108,0.30895525,0.17007324,0.25626045,1474
0.2647428,0.30887246,0.17009361,0.25629115,1475
0.26558056,0.30668545,0.17063187,0.25710216,1476
0.2678581,0.30931547,0.17209515,0.25073126,1477
0.2712752,0.31326148,0.16153343,0.25392988,1478
0.26894942,0.3191492,0.16014853,0.25175282,1479
0.2662637,0.3159622,0.1585493,0.2592248,1480
0.2663641,0.31608132,0.15860906,0.25894555,1481
0.26457468,0.3139579,0.15754354,0.2639239,1482
0.26586768,0.31340587,0.15726653,0.26345986,1483
0.25939256,0.3161702,0.15865366,0.26578364,1484
0.2595791,0.31609055,0.15861371,0.2657167,1485
0.2587745,0.3151108,0.15812206,0.2679927,1486
0.25815332,0.3143544,0.1577425,0.26974982,1487
0.25823656,0.3143191,0.15772478,0.26971954,1488
0.2582006,0.3142753,0.15784213,0.26968196,1489
0.2557653,0.31131113,0.1563534,0.27657014,1490
0.25330386,0.31793895,0.1548487,0.2739085,1491
0.25359848,0.31714556,0.1550288,0.2742271,1492
0.24769044,0.31965593,0.15625593,0.27639776,1493
0.24836695,0.320529,0.15395142,0.2771527,1494
0.24628998,0.3262111,0.152664,0.274835,1495
0.24454838,0.3309756,0.15158446,0.27289155,1496
0.2425189,0.32822886,0.15032648,0.27892572,1497
0.24164563,0.32704696,0.15338603,0.27792138,1498
0.23615418,0.3294152,0.15449673,0.27993387,1499
0.23757233,0.33139336,0.1554245,0.27560982,1500
0.2372885,0.33099747,0.15523882,0.2764752,1501
0.24090767,0.32079375,0.15760654,0.28069204,1502
0.23937152,0.3187482,0.16297807,0.2789022,1503
0.23868637,0.31903535,0.16312487,0.27915344,1504
0.24238983,0.30846947,0.16565593,0.2834848,1505
0.24304055,0.30929756,0.16610064,0.28156123,1506
0.23993868,0.3053501,0.16398074,0.29073054,1507
0.24249534,0.29794827,0.16572803,0.2938284,1508
0.24182977,0.29987517,0.16527316,0.29302195,1509
0.24138592,0.30116016,0.16496982,0.29248413,1510
0.2404288,0.29996604,0.16431572,0.2952894,1511
0.24043652,0.29994363,0.16432098,0.29529887,1512
0.23892674,0.29806018,0.16328916,0.29972392,1513
0.23784055,0.29670516,0.16254683,0.3029075,1514
0.24176796,0.28509185,0.16523091,0.3079093,1515
0.24554735,0.2836708,0.16440731,0.30637455,1516
0.24947001,0.2882025,0.16703375,0.29529375,1517
0.24987201,0.2886669,0.1673029,0.29415822,1518
0.24857162,0.2871646,0.17163648,0.29262733,1519
0.23452446,0.29253283,0.17484502,0.29809767,1520
0.23675458,0.29168054,0.17433563,0.2972292,1521
0.23678735,0.2917209,0.17435975,0.29713196,1522
0.23474285,0.2892021,0.17285426,0.30320078,1523
0.22943805,0.29120687,0.1740525,0.3053026,1524
0.23239434,0.29495904,0.16341023,0.30923638,1525
0.22984795,0.29593748,0.1639523,0.3102622,1526
0.22468078,0.29792303,0.16505232,0.31234387,1527
0.22588633,0.29745978,0.16479567,0.31185818,1528
0.22347102,0.29427916,0.17372617,0.3085236,1529
0.22129923,0.29141924,0.17203782,0.31524372,1530
0.22089203,0.290883,0.17356129,0.31466365,1531
0.21834709,0.2875317,0.18308291,0.31103837,1532
0.22058749,0.28022125,0.18496147,0.31422985,1533
0.23133498,0.27635723,0.182411,0.3098969,1534
0.23184246,0.27696347,0.18281116,0.308383,1535
0.23209316,0.27726296,0.18300882,0.30763516,1536
0.23209088,0.27726024,0.18300703,0.30764195,1537
0.2289983,0.2735658,0.1805685,0.3168675,1538
0.22715077,0.27135867,0.17911169,0.32237896,1539
0.22711645,0.2713177,0.17908463,0.3224813,1540
0.2261195,0.27166766,0.17931563,0.32289726,1541
0.22250938,0.26733035,0.17645276,0.33370757,1542
0.22182496,0.26958397,0.17591,0.3326811,1543
0.22367033,0.26350754,0.17737341,0.3354487,1544
0.22402842,0.2639294,0.17765738,0.3343848,1545
0.22480401,0.2636656,0.1774798,0.33405057,1546
0.22433046,0.2652167,0.17710593,0.33334684,1547
0.22530384,0.26202843,0.1778744,0.33479327,1548
0.22706981,0.26408225,0.17926863,0.3295793,1549
0.22715935,0.26379213,0.17933932,0.32970926,1550
0.22719355,0.26368132,0.17936632,0.32975888,1551
0.22682667,0.2648703,0.17907666,0.32922637,1552
0.22372808,0.261252,0.19029103,0.32472894,1553
0.22505195,0.2568806,0.19141705,0.32665047,1554
0.22755228,0.24862444,0.19354369,0.33027956,1555
0.21428101,0.252896,0.19686893,0.335954,1556
0.21788624,0.25715092,0.20018119,0.32478166,1557
0.21531802,0.2541199,0.2096086,0.32095346,1558
0.21417415,0.2527699,0.21380754,0.3192484,1559
0.2119742,0.25017348,0.22188312,0.31596914,1560
0.21210968,0.2503334,0.22202495,0.31553194,1561
0.21219856,0.25043827,0.22211796,0.31524518,1562
0.212173,0.2504081,0.22209121,0.3153276,1563
0.20931947,0.24704035,0.21910429,0.32453585,1564
0.21351522,0.24572945,0.21794163,0.32281372,1565
0.21520764,0.24520066,0.21747266,0.32211906,1566
0.21646854,0.24077825,0.21874683,0.32400638,1567
0.21447533,0.2385612,0.21673265,0.3302308,1568
0.2138292,0.2378425,0.21909237,0.32923594,1569
0.21316479,0.23710349,0.21841161,0.33132014,1570
0.20874661,0.23218913,0.21388468,0.34517956,1571
0.20696726,0.23020996,0.22058553,0.34223723,1572
0.20830806,0.23170133,0.22201456,0.33797598,1573
0.20834346,0.23174071,0.22205229,0.33786348,1574
0.20818324,0.2315625,0.2226506,0.33760366,1575
0.19622964,0.23505826,0.22601184,0.34270027,1576
0.19469902,0.23322478,0.22424892,0.34782726,1577
0.20038879,0.23157698,0.22266452,0.34536976,1578
0.20094243,0.22945392,0.22327971,0.34632394,1579
0.20026566,0.2320491,0.22252773,0.34515756,1580
0.19654322,0.23312919,0.2235635,0.34676412,1581
0.18370828,0.23685335,0.22713485,0.35230356,1582
0.18273275,0.24090584,0.2259287,0.35043272,1583
0.19097058,0.23847757,0.2236514,0.34690046,1584
0.19213948,0.23993725,0.22502033,0.34290293,1585
0.19379492,0.23338874,0.22695906,0.34585732,1586
0.19170673,0.24164917,0.22451352,0.3421306,1587
0.18938974,0.24234185,0.22515708,0.3431113,1588
0.1887618,0.24485393,0.22441056,0.34197372,1589
0.18775366,0.24354622,0.22855283,0.3401473,1590
0.18781301,0.24362321,0.2286251,0.3399387,1591
0.18869019,0.24476103,0.22969288,0.33685592,1592
0.18893673,0.24377427,0.22999297,0.33729604,1593
0.18788049,0.2480019,0.22870722,0.33541042,1594
0.18853752,0.24537209,0.22950703,0.33658338,1595
0.18920438,0.24270295,0.23031881,0.3377739,1596
0.19115561,0.23489302,0.23269404,0.3412573,1597
0.19145228,0.23525755,0.23305517,0.340235,1598
0.19174469,0.23561686,0.23341112,0.33922732,1599
0.19246688,0.23650432,0.23052382,0.340505,1600
0.20209643,0.23368406,0.22777489,0.3364446,1601
0.20237753,0.23400909,0.22670084,0.3369125,1602
0.21401262,0.23059556,0.22339392,0.33199793,1603
0.21808381,0.23498222,0.22764358,0.31929043,1604
0.21896337,0.23592994,0.2245285,0.32057816,1605
0.21865377,0.23559633,0.22562502,0.3201249,1606
0.2171677,0.23399512,0.23088792,0.3179492,1607
0.21604444,0.23278482,0.23486605,0.31630465,1608
0.2211599,0.23126587,0.23333353,0.31424072,1609
0.22103603,0.23169643,0.23320283,0.3140647,1610
0.21909368,0.23844789,0.23115356,0.31130487,1611
0.22150694,0.23005956,0.23369966,0.3147338,1612
0.22474359,0.23342119,0.23711447,0.30472073,1613
0.22534886,0.23135671,0.23775306,0.30554137,1614
0.22287728,0.23978703,0.23514543,0.30219027,1615
0.22477747,0.24183139,0.23715022,0.2962409,1616
0.22445922,0.24148898,0.23681444,0.29723734,1617
0.2252668,0.23875998,0.23766649,0.29830676,1618
0.22807996,0.24174164,0.24063449,0.2895439,1619
0.23719044,0.23888853,0.23779446,0.28612664,1620
0.23707609,0.23925546,0.23767982,0.2859887,1621
0.24138391,0.23790447,0.23633774,0.28437385,1622
0.24419534,0.24067539,0.2390904,0.27603891,1623
0.24440031,0.2408774,0.23929109,0.2754312,1624
0.24598855,0.24244276,0.23434761,0.27722108,1625
0.24965635,0.24605769,0.23784184,0.26644415,1626
0.25192994,0.24829848,0.24000782,0.25976375,1627
0.25190476,0.24827369,0.24008371,0.25973782,1628
0.25318015,0.24953067,0.24129923,0.25598997,1629
0.26085928,0.2469649,0.2388181,0.25335777,1630
0.26215366,0.24653243,0.23839988,0.2529141,1631
0.26503128,0.24923857,0.23003992,0.2556903,1632
0.27557907,0.24566165,0.22673853,0.25202078,1633
0.28179684,0.24355312,0.22479242,0.24985768,1634
0.2828037,0.24321166,0.22447726,0.24950737,1635
0.28202942,0.24528374,0.22386266,0.24882424,1636
0.28584722,0.24397945,0.22267227,0.24750112,1637
0.2856947,0.24384928,0.22308703,0.24736907,1638
0.28666666,0.2446789,0.22044384,0.24821065,1639
0.287646,0.24551478,0.22119695,0.24564236,1640
0.29217696,0.24395315,0.21978998,0.24407992,1641
0.29415014,0.24560066,0.22127432,0.23897484,1642
0.29361293,0.24515212,0.22269656,0.2385384,1643
0.29619154,0.2442572,0.22188361,0.23766764,1644
0.292089,0.254725,0.21881029,0.23437569,1645
0.29487735,0.25372168,0.21794844,0.23345251,1646
0.29503143,0.25385424,0.21753986,0.2335745,1647
0.296536,0.25331247,0.21707557,0.23307599,1648
0.3031876,0.25091726,0.21502303,0.23087214,1649
0.30015066,0.25201082,0.21596014,0.23187834,1650
0.3020225,0.24734615,0.21730693,0.2333244,1651
0.3037623,0.24301052,0.21855873,0.23466846,1652
0.30488324,0.240217,0.21936528,0.23553446,1653
0.30922115,0.23871791,0.2179963,0.23406458,1654
0.31182998,0.23781638,0.21717304,0.23318063,1655
0.31209472,0.23801826,0.21650846,0.23337857,1656
0.3129176,0.23600923,0.21707931,0.2339939,1657
0.31703755,0.23459402,0.21577762,0.23259078,1658
0.31824288,0.23548593,0.21279614,0.23347507,1659
0.32055876,0.22992247,0.21434467,0.23517407,1660
0.32422605,0.23255284,0.20535651,0.23786454,1661
0.32529515,0.23002231,0.20603365,0.23864886,1662
0.33019844,0.23348953,0.20913927,0.2271727,1663
0.33638355,0.23133343,0.20720804,0.22507495,1664
0.34189168,0.2351214,0.21060097,0.212386,1665
0.34401402,0.23658097,0.21190833,0.20749672,1666
0.3402145,0.24501273,0.20956784,0.20520496,1667
0.3402475,0.24500045,0.20955735,0.20519468,1668
0.33980492,0.2459826,0.20928475,0.20492777,1669
0.34157267,0.24532394,0.20872435,0.20437904,1670
0.34738818,0.24315713,0.20688081,0.20257387,1671
0.34686473,0.24335217,0.20704676,0.20273636,1672
0.34244144,0.24500026,0.20844896,0.20410937,1673
0.3443139,0.2443026,0.20785539,0.20352815,1674
0.34489417,0.24408637,0.20767142,0.20334803,1675
0.34549284,0.24451005,0.20629607,0.20370099,1676
0.34933478,0.24722904,0.2085901,0.19484602,1677
0.34704357,0.24560751,0.21378085,0.19356807,1678
0.3469441,0.24553712,0.21400611,0.19351259,1679
0.34572002,0.24599738,0.21440727,0.19387533,1680
0.35413855,0.24283215,0.21164851,0.19138075,1681
0.3514876,0.2485,0.2100642,0.18994816,1682
0.34712008,0.2501736,0.21147893,0.19122742,1683
0.34462753,0.24837719,0.20996037,0.19703491,1684
0.34826437,0.25099832,0.20162316,0.19911422,1685
0.3518498,0.2535824,0.20369889,0.19086893,1686
0.3492248,0.2516905,0.20963977,0.18944494,1687
0.34958184,0.25194782,0.2098541,0.18861629,1688
0.3549481,0.25581536,0.19772485,0.19151166,1689
0.3568122,0.25715885,0.19876325,0.18726568,1690
0.3586816,0.25850612,0.19456546,0.18824679,1691
0.36303,0.25675336,0.19324622,0.1869704,1692
0.36163977,0.25577012,0.19633575,0.18625438,1693
0.35956252,0.25660238,0.19697462,0.18686046,1694
0.35811564,0.2555698,0.20020603,0.18610851,1695
0.35914052,0.2563012,0.19791713,0.18664114,1696
0.3619894,0.25516182,0.19703731,0.18581143,1697
0.3661967,0.2534792,0.19573797,0.18458614,1698
0.3655499,0.25373787,0.19593772,0.1847745,1699
0.36188826,0.25119627,0.20399177,0.18292367,1700
0.35940725,0.25632998,0.20259325,0.18166958,1701
0.35864937,0.2557895,0.20427465,0.18128651,1702
0.35880423,0.25546813,0.20436284,0.18136477,1703
0.36352953,0.25883254,0.19388457,0.18375328,1704
0.3621423,0.25784484,0.19696073,0.18305208,1705
0.3642556,0.25351396,0.19811012,0.18412028,1706
0.36336935,0.25289714,0.20006123,0.1836723,1707
0.3654623,0.2520657,0.1994035,0.18306845,1708
0.36257252,0.2579798,0.19782677,0.1816209,1709
0.36037934,0.26246825,0.19663012,0.18052226,1710
0.36011043,0.2622724,0.1964834,0.18113379,1711
0.35849932,0.26293275,0.1969781,0.18158986,1712
0.35419822,0.2597782,0.20661233,0.17941122,1713
0.35530978,0.25745514,0.20726074,0.17997426,1714
0.35420984,0.25975385,0.20661911,0.1794171,1715
0.3558332,0.2591009,0.20609973,0.1789661,1716
0.35938817,0.25169894,0.20815879,0.18075408,1717
0.36036855,0.25238556,0.20872663,0.17851925,1718
0.3630414,0.24684049,0.21027476,0.17984332,1719
0.36412463,0.247577,0.21090215,0.17739622,1720
0.3659475,0.24381025,0.21195798,0.1782843,1721
0.36243233,0.2451619,0.21313305,0.1792727,1722
0.36349142,0.24587831,0.21083374,0.17979656,1723
0.36548418,0.24722627,0.21198958,0.17529993,1724
0.3688654,0.24590884,0.21085992,0.17436579,1725
0.36862254,0.24640533,0.21072109,0.17425099,1726
0.37245694,0.24896844,0.20251098,0.17606355,1727
0.370536,0.2528419,0.20146653,0.1751555,1728
0.36773953,0.25396517,0.20236158,0.17593366,1729
0.36797902,0.25347936,0.20249337,0.17604823,1730
0.36130714,0.2561552,0.20463097,0.17790666,1731
0.36227977,0.25684476,0.20518182,0.17569363,1732
0.35608703,0.25933892,0.20717429,0.17739975,1733
0.3614117,0.2571944,0.20546113,0.1759328,1734
0.3695841,0.2539029,0.20283172,0.17368127,1735
0.36577114,0.26160038,0.20073912,0.17188941,1736
0.3672135,0.25868854,0.2015307,0.17256723,1737
0.36863327,0.25582248,0.20230988,0.17323443,1738
0.36418554,0.25762463,0.20373505,0.1744548,1739
0.37198937,0.25446257,0.20123444,0.17231356,1740
0.36771894,0.25154135,0.21040426,0.1703354,1741
0.36555803,0.25593966,0.20916782,0.16933443,1742
0.36698344,0.25693762,0.20998342,0.1660955,1743
0.36918354,0.2524829,0.21124229,0.16709125,1744
0.37356237,0.24361674,0.2137478,0.16907309,1745
0.3746111,0.2432089,0.21338996,0.16879004,1746
0.37223807,0.248003,0.21203819,0.1677208,1747
0.3729294,0.2484636,0.212432,0.16617502,1748
0.37118044,0.24729837,0.21612544,0.1653957,1749
0.37178853,0.24705924,0.21591644,0.16523577,1750
0.37249613,0.24752943,0.21632737,0.16364704,1751
0.3715322,0.24688889,0.21835534,0.16322358,1752
0.37040192,0.24918006,0.21769105,0.16272701,1753
0.37459522,0.24752048,0.21624118,0.1616432,1754
0.37268722,0.24625973,0.21513976,0.16591328,1755
0.37094873,0.245111,0.21880087,0.16513935,1756
0.3689946,0.2490877,0.21764824,0.16426939,1757
0.3659238,0.25533685,0.21583696,0.16290233,1758
0.37269714,0.25260928,0.21353133,0.16116217,1759
0.36953402,0.25388303,0.21460804,0.1619748,1760
0.37020823,0.25434625,0.21499959,0.16044585,1761
0.37304598,0.24863063,0.21664762,0.16167572,1762
0.37106243,0.24941723,0.21733303,0.16218722,1763
0.3725841,0.25044006,0.21822429,0.15875146,1764
0.37579346,0.24915905,0.21710807,0.15793945,1765
0.3747795,0.24848677,0.21922043,0.15751329,1766
0.3721946,0.25367007,0.21770844,0.1564269,1767
0.37175307,0.25455543,0.21745017,0.15624134,1768
0.36636305,0.25673935,0.21931575,0.15758179,1769
0.36807933,0.25794208,0.22034317,0.15363537,1770
0.36333588,0.2598783,0.22199717,0.15478863,1771
0.36289355,0.26005888,0.22215141,0.15489617,1772
0.36498985,0.26156116,0.2234347,0.15001433,1773
0.3675365,0.26338613,0.22499366,0.14408372,1774
0.3696447,0.26250815,0.22424367,0.14360344,1775
0.36923894,0.26331764,0.22399753,0.1434458,1776
0.36825368,0.26372898,0.22434743,0.14366987,1777
0.37428084,0.2612129,0.22220705,0.1422992,1778
0.37093106,0.26261127,0.22339663,0.143061,1779
0.3716806,0.26229838,0.22313045,0.14289054,1780
0.3688428,0.26793075,0.22142686,0.14179958,1781
0.36920777,0.26819584,0.22164597,0.14095038,1782
0.36458293,0.27016222,0.22327103,0.1419838,1783
0.36600617,0.27121687,0.22023883,0.14253809,1784
0.36661994,0.27167168,0.21893124,0.1427771,1785
0.3653826,0.2722024,0.21935894,0.14305602,1786
0.36580622,0.27135864,0.21961325,0.14322187,1787
0.3666998,0.2695787,0.22014973,0.14357175,1788
0.37173596,0.26743492,0.21839905,0.14243002,1789
0.36880925,0.26868078,0.21941645,0.14309353,1790
0.3694698,0.2673709,0.21980943,0.14334981,1791
0.3658639,0.26889998,0.2210665,0.14416961,1792
0.36604688,0.26882237,0.2210027,0.14412801,1793
0.36277044,0.2753671,0.21902452,0.14283793,1794
0.36133358,0.27427647,0.2221178,0.14227219,1795
0.36437213,0.27297154,0.22106104,0.1415953,1796
0.36472982,0.2722578,0.22127804,0.1417343,1797
0.36453283,0.27265093,0.22115852,0.14165774,1798
0.36514974,0.27311236,0.21984038,0.14189748,1799
0.36593118,0.2715568,0.22031084,0.14220116,1800
0.36182117,0.26850677,0.21783638,0.15183571,1801
0.35542923,0.27119607,0.22001818,0.15335646,1802
0.3487656,0.26611167,0.21589325,0.16922948,1803
0.33734792,0.27077726,0.21967839,0.1721965,1804
0.33326408,0.27960503,0.21701902,0.17011192,1805
0.3293787,0.27634525,0.2144889,0.17978717,1806
0.33025628,0.27441707,0.21506038,0.1802662,1807
0.32675123,0.28211787,0.2127779,0.178353,1808
0.32435104,0.28312364,0.21353646,0.17898883,1809
0.30850416,0.2897641,0.21854483,0.1831869,1810
0.30962053,0.29081267,0.21571699,0.1838498,1811
0.3076308,0.28894383,0.21433072,0.18909468,1812
0.30263686,0.29102793,0.21587665,0.19045858,1813
0.30526987,0.29355994,0.20905459,0.19211562,1814
0.30743223,0.29563937,0.20345199,0.19347645,1815
0.30261785,0.30666962,0.20026594,0.19044662,1816
0.3053354,0.30942357,0.19308414,0.19215687,1817
0.30315727,0.30721626,0.19170675,0.19791973,1818
0.3028079,0.30801466,0.1914858,0.19769162,1819
0.29948545,0.31560725,0.1893848,0.19552253,1820
0.29611367,0.31712633,0.19029637,0.19646363,1821
0.29539385,0.31635544,0.18983376,0.19841698,1822
0.28840715,0.31949234,0.19171612,0.20038444,1823
0.28694665,0.32293838,0.19074526,0.1993697,1824
0.28631252,0.3244346,0.19032374,0.19892912,1825
0.28783074,0.3208524,0.19133295,0.19998395,1826
0.28895867,0.31819093,0.19208275,0.20076764,1827
0.28198105,0.32131344,0.1939677,0.20273784,1828
0.2848132,0.32004607,0.19320263,0.20193817,1829
0.28628,0.31938967,0.19280638,0.201524,1830
0.28736177,0.32059655,0.18975617,0.20228551,1831
0.28598905,0.3238421,0.1888497,0.20131917,1832
0.2843633,0.32768583,0.18777616,0.20017476,1833
0.28505605,0.32848412,0.1857975,0.2006624,1834
0.2778621,0.33178937,0.18766701,0.2026815,1835
0.27986827,0.3341849,0.18902197,0.19692484,1836
0.28220218,0.3286325,0.1905983,0.19856705,1837
0.27917394,0.33001894,0.19140238,0.19940476,1838
0.27831274,0.3320857,0.19081193,0.19878961,1839
0.27859226,0.33241925,0.19100358,0.19798484,1840
0.27836907,0.33295408,0.19085056,0.19782624,1841
0.2777523,0.33221638,0.19264334,0.19738793,1842
0.2769211,0.33122215,0.1920668,0.19979,1843
0.27107686,0.33389923,0.19361918,0.20140478,1844
0.2704762,0.3353752,0.19319014,0.2009585,1845
0.2718072,0.33702555,0.18921985,0.2019474,1846
0.26883924,0.3442648,0.18715368,0.19974226,1847
0.26824766,0.3457078,0.18674186,0.19930273,1848
0.2678343,0.3451751,0.18799497,0.19899562,1849
0.2714013,0.34349346,0.18707909,0.19802615,1850
0.2681844,0.35127503,0.18486166,0.19567896,1851
0.26794073,0.3509559,0.18469371,0.1964097,1852
0.26162162,0.3539853,0.18628795,0.19810508,1853
0.26146838,0.35377797,0.18676451,0.19798906,1854
0.26050165,0.35616735,0.18607396,0.19725703,1855
0.2599013,0.35765108,0.18564513,0.19680242,1856
0.2593324,0.35905725,0.18523876,0.19637163,1857
0.25677082,0.35551065,0.18340905,0.20430943,1858
0.25455707,0.36106715,0.18182781,0.202548,1859
0.2509025,0.36283726,0.18271922,0.20354098,1860
0.24986024,0.36133003,0.1861143,0.20269546,1861
0.25170407,0.36399642,0.1874877,0.19681183,1862
0.2520562,0.36450568,0.186351,0.19708717,1863
0.24924065,0.36587784,0.1870525,0.1978291,1864
0.25095147,0.36504403,0.18662623,0.19737825,1865
0.24962857,0.3631197,0.18564244,0.20160928,1866
0.2534238,0.35343692,0.18846485,0.20467445,1867
0.2537499,0.35389173,0.18870737,0.20365098,1868
0.25506464,0.35326824,0.1883749,0.20329219,1869
0.25528404,0.3535721,0.18853694,0.20260689,1870
0.25690997,0.35582402,0.18973774,0.19752827,1871
0.259094,0.35034782,0.19135074,0.1992075,1872
0.2596781,0.3511376,0.18952772,0.19965658,1873
0.25702843,0.34755474,0.18759385,0.20782301,1874
0.2549696,0.3447708,0.1860912,0.21416843,1875
0.25539413,0.3436797,0.18640105,0.21452503,1876
0.25540426,0.34367505,0.18639854,0.21452214,1877
0.25448608,0.3460345,0.18572845,0.21375094,1878
0.25398394,0.3453517,0.18733515,0.21332917,1879
0.25293142,0.34806472,0.1865588,0.21244511,1880
0.251761,0.35108146,0.18569551,0.21146204,1881
0.25158024,0.35082942,0.18556221,0.21202807,1882
0.25050128,0.3493248,0.18476637,0.21540754,1883
0.24629591,0.35128483,0.18580307,0.21661617,1884
0.24459942,0.3557532,0.18452325,0.2151241,1885
0.2436184,0.35432637,0.18779394,0.21426131,1886
0.24234928,0.35248053,0.18681565,0.21835451,1887
0.23281221,0.35691747,0.18916723,0.2211031,1888
0.23396845,0.35869008,0.18514024,0.22220118,1889
0.23242046,0.36293322,0.1839153,0.22073105,1890
0.23243372,0.36289686,0.18392581,0.22074364,1891
0.22555967,0.3661468,0.18557297,0.22272053,1892
0.22438604,0.36944485,0.18460739,0.22156167,1893
0.22400238,0.37052298,0.18429174,0.22118284,1894
0.22103086,0.37194186,0.18499747,0.22202983,1895
0.22078112,0.37152162,0.18478844,0.22290881,1896
0.2214784,0.36953676,0.18537205,0.2236128,1897
0.22083353,0.36846077,0.1848323,0.22587337,1898
0.2268398,0.36562046,0.1834075,0.22413221,1899
0.22938982,0.3697306,0.17422782,0.22665179,1900
0.22633976,0.37119398,0.1749174,0.22754887,1901
0.23124509,0.35756627,0.17870829,0.2324804,1902
0.23332804,0.35177946,0.18031801,0.23457448,1903
0.23150092,0.34902477,0.17890601,0.24056827,1904
0.22884399,0.345019,0.1768527,0.24928433,1905
0.23113848,0.33845183,0.1786259,0.25178376,1906
0.22981402,0.33651248,0.17760235,0.2560712,1907
0.22818099,0.33412123,0.17634033,0.26135752,1908
0.23090246,0.3261794,0.1784435,0.2644747,1909
0.23162091,0.3258747,0.1782768,0.26422763,1910
0.23032369,0.32404956,0.17727835,0.2683484,1911
0.23305592,0.31603107,0.17938133,0.2715317,1912
0.23625062,0.3066553,0.18184027,0.27525383,1913
0.236278,0.306575,0.18186134,0.27528572,1914
0.23987527,0.29601777,0.18463013,0.27947688,1915
0.24187744,0.29848853,0.18617117,0.27346292,1916
0.23758022,0.30018044,0.18722644,0.27501297,1917
0.23481649,0.29668847,0.18504846,0.28344664,1918
0.23547149,0.29472652,0.18556465,0.2842373,1919
0.23620443,0.29253134,0.18614225,0.28512204,1920
0.23599307,0.2922696,0.18597569,0.28576165,1921
0.23330024,0.28893462,0.18385358,0.29391164,1922
0.2327271,0.2882248,0.18340191,0.29564625,1923
0.23002242,0.28487512,0.18127048,0.30383196,1924
0.23291077,0.27589545,0.18354665,0.30764714,1925
0.23177691,0.27455232,0.18265311,0.3110177,1926
0.23241551,0.2753088,0.18040107,0.31187463,1927
0.23195505,0.27674457,0.18004365,0.31125674,1928
0.23214097,0.27616486,0.18018797,0.3115062,1929
0.23383702,0.27818257,0.17419828,0.31378213,1930
0.23261636,0.2767304,0.17328894,0.31736425,1931
0.23195964,0.27594915,0.17279972,0.3192915,1932
0.23544145,0.26508087,0.1753935,0.32408416,1933
0.23344976,0.26283845,0.18236919,0.32134262,1934
0.23831196,0.24748516,0.18616751,0.3280354,1935
0.23622017,0.24531285,0.19331093,0.3251561,1936
0.23316512,0.24214019,0.19081083,0.33388394,1937
0.23121496,0.24011497,0.18921492,0.33945516,1938
0.23075901,0.23964147,0.18884179,0.34075773,1939
0.23389693,0.22930193,0.1914097,0.34539142,1940
0.23299678,0.22841948,0.1945215,0.3440622,1941
0.23315147,0.22857113,0.19465065,0.34362677,1942
0.23019677,0.22567448,0.20485666,0.33927202,1943
0.2293872,0.2283978,0.20413621,0.33807886,1944
0.22807825,0.22878572,0.20448293,0.33865306,1945
0.22823635,0.22825111,0.20462467,0.3388878,1946
0.22942658,0.22422652,0.20569177,0.34065506,1947
0.23013112,0.2249151,0.20632343,0.3386303,1948
0.23085973,0.2256272,0.20381063,0.33970243,1949
0.23198749,0.2267294,0.20480625,0.3364768,1950
0.23201491,0.22672135,0.20479898,0.33646485,1951
0.2315513,0.22626832,0.20438977,0.33779067,1952
0.232696,0.22738689,0.20540018,0.33451694,1953
0.23466578,0.22931173,0.19867389,0.33734864,1954
0.23249573,0.2271912,0.19683667,0.34347647,1955
0.23146985,0.23060112,0.19596814,0.3419609,1956
0.22994621,0.22908318,0.19467817,0.34629247,1957
0.22958173,0.22872008,0.1943696,0.34732863,1958
0.22810975,0.22725362,0.19312337,0.35151336,1959
0.2267823,0.22593115,0.19199954,0.35528702,1960
0.22481011,0.22396636,0.19032982,0.36089373,1961
0.21713135,0.2261849,0.19221517,0.36446863,1962
0.21625122,0.22932135,0.19143605,0.3629913,1963
0.21537834,0.23243216,0.19066334,0.36152613,1964
0.21342033,0.23941025,0.18893,0.35823947,1965
0.21346319,0.23945834,0.18896796,0.35811058,1966
0.21354696,0.2395523,0.18864965,0.3582511,1967
0.21430466,0.24040228,0.18577084,0.35952222,1968
0.2130344,0.23897734,0.18466973,0.36331853,1969
0.21432348,0.2343724,0.18578716,0.36551696,1970
0.21400338,0.23402238,0.18550968,0.36646459,1971
0.20904063,0.2355,0.18668099,0.36877844,1972
0.20909083,0.23555654,0.18672583,0.36862677,1973
0.20959914,0.23612921,0.18717977,0.3670919,1974
0.20942922,0.2367484,0.18702802,0.3667943,1975
0.21746545,0.23434184,0.18512689,0.36306584,1976
0.22082111,0.23333694,0.18433301,0.3615089,1977
0.21859317,0.23400414,0.1848601,0.3625426,1978
0.22858591,0.23101164,0.18249607,0.35790634,1979
0.23480685,0.2291487,0.18102437,0.35502008,1980
0.23421596,0.22857204,0.18056881,0.35664317,1981
0.2383205,0.22734691,0.17960098,0.35473156,1982
0.23884273,0.2256539,0.17999452,0.35550886,1983
0.23832186,0.2251618,0.179602,0.35691437,1984
0.24064872,0.21759662,0.18135554,0.36039913,1985
0.24116082,0.21805967,0.17961338,0.36116606,1986
0.24050461,0.22018746,0.17912464,0.3601833,1987
0.23865493,0.21849403,0.17774703,0.36510405,1988
0.23877466,0.21860366,0.17733447,0.3652872,1989
0.23756284,0.21749419,0.17643447,0.36850852,1990
0.24223912,0.21616022,0.17535232,0.36624834,1991
0.24233015,0.21624145,0.17541823,0.36601016,1992
0.24218218,0.21672,0.17531112,0.36578667,1993
0.24060881,0.21531205,0.1806688,0.3634103,1994
0.24280156,0.21727425,0.18231529,0.35760882,1995
0.24278525,0.21725966,0.18230304,0.357652,1996
0.24389957,0.2136671,0.18313977,0.35929355,1997
0.24705593,0.21643221,0.1725686,0.36394325,1998
0.24884564,0.21075588,0.17381872,0.3665797,1999
0.24948823,0.21130012,0.17426756,0.36494407,2000
0.25976813,0.20840591,0.17188059,0.3599454,2001
0.25868002,0.20871225,0.17213325,0.3604745,2002
0.25955904,0.20602335,0.17271818,0.3616994,2003
0.25811803,0.21043126,0.17175929,0.35969135,2004
0.2543778,0.20738204,0.1837609,0.3544793,2005
0.26189584,0.20529102,0.18190804,0.3509051,2006
0.26132992,0.20700824,0.18151498,0.35014686,2007
0.26461977,0.20961423,0.18380003,0.34196594,2008
0.2690188,0.21309887,0.18685552,0.33102676,2009
0.27389875,0.21167624,0.18560809,0.32881686,2010
0.27696043,0.21078369,0.18482547,0.3274304,2011
0.2772921,0.21103612,0.18384926,0.3278225,2012
0.27853227,0.21197996,0.18019906,0.32928866,2013
0.28764582,0.20930226,0.1779228,0.32512912,2014
0.28555593,0.20778157,0.18389557,0.3227669,2015
0.28982234,0.21088597,0.1866431,0.31264862,2016
0.29726422,0.20867611,0.18468727,0.3093724,2017
0.30347204,0.20683269,0.18305577,0.30663946,2018
0.30343157,0.20680511,0.18316472,0.30659857,2019
0.30856523,0.20528099,0.18181482,0.30433896,2020
0.31626537,0.21040371,0.18635194,0.28697896,2021
0.31737512,0.21114199,0.18349695,0.28798592,2022
0.32224825,0.21438397,0.18631445,0.27705333,2023
0.3225848,0.21460786,0.18650903,0.27629834,2024
0.3242121,0.21569046,0.18744989,0.27264747,2025
0.32841253,0.21848492,0.18987846,0.26322404,2026
0.32584172,0.22460264,0.18839209,0.2611635,2027
0.3266875,0.22432086,0.18815574,0.26083586,2028
0.3274408,0.2248381,0.18858959,0.25913152,2029
0.32914013,0.22600494,0.18956833,0.2552866,2030
0.3331865,0.2287834,0.19189884,0.24613126,2031
0.3370072,0.22747254,0.19079931,0.24472101,2032
0.3375748,0.22617134,0.19112067,0.24513319,2033
0.33615932,0.22665463,0.19152907,0.245657,2034
0.3408325,0.22980551,0.19419163,0.23517035,2035
0.33910808,0.2337023,0.19320913,0.2339805,2036
0.33702913,0.23443745,0.1938169,0.23471652,2037
0.33891526,0.23574944,0.18930522,0.23603007,2038
0.3380866,0.23604496,0.18954252,0.23632593,2039
0.33969885,0.23717059,0.18567759,0.23745291,2040
0.33308098,0.23954765,0.18753856,0.2398328,2041
0.33350977,0.23985602,0.18777998,0.23885426,2042
0.32875746,0.25068754,0.18510425,0.23545076,2043
0.33135223,0.24971844,0.1843887,0.23454058,2044
0.3306696,0.25126413,0.18400884,0.23405741,2045
0.33492282,0.24966748,0.18283956,0.2325701,2046
0.33269078,0.24800362,0.18828544,0.23102017,2047
0.33524957,0.24221988,0.18973358,0.232797,2048
0.33795172,0.2441722,0.19126286,0.22661327,2049
0.3331928,0.25481552,0.18856955,0.22342217,2050
0.33301935,0.25468287,0.18899192,0.22330587,2051
0.3350061,0.25392422,0.18842895,0.2226407,2052
0.3390594,0.24489725,0.19070882,0.2253345,2053
0.34084746,0.24423474,0.19019291,0.22472492,2054
0.34340408,0.2460667,0.1916195,0.21890974,2055
0.34100148,0.25134152,0.19027886,0.21737817,2056
0.34025553,0.25079167,0.19205014,0.21690264,2057
0.33966124,0.2510176,0.19222315,0.21709803,2058
0.33764267,0.25546867,0.1910808,0.21580786,2059
0.3360263,0.25424567,0.19495325,0.21477473,2060
0.3309796,0.26544607,0.19202529,0.21154907,2061
0.3303095,0.26693323,0.19163653,0.21112078,2062
0.3303474,0.26684904,0.19165851,0.211145,2063
0.33158562,0.26635563,0.19130413,0.21075459,2064
0.32928273,0.26450577,0.1899755,0.21623594,2065
0.33118963,0.26603755,0.19107568,0.21169707,2066
0.33244506,0.26553822,0.19071704,0.21129973,2067
0.33403915,0.2649041,0.1902616,0.21079515,2068
0.3392021,0.26899853,0.17774613,0.21405323,2069
0.33106938,0.2723092,0.17993374,0.21668768,2070
0.33157513,0.2711976,0.18020862,0.21701871,2071
0.34219158,0.2668902,0.1773464,0.21357185,2072
0.3428217,0.26738167,0.17583151,0.21396512,2073
0.3499303,0.26448944,0.17392957,0.21165068,2074
0.35172078,0.26376095,0.17345053,0.21106775,2075
0.35317087,0.2648484,0.17416564,0.20781508,2076
0.35416695,0.26277503,0.17465685,0.20840119,2077
0.35512406,0.2607827,0.17512886,0.20896439,2078
0.35295153,0.2591873,0.18017516,0.207686,2079
0.35356933,0.25964096,0.18049052,0.20629916,2080
0.34817252,0.26180863,0.18199739,0.20802148,2081
0.34644893,0.26546288,0.18109643,0.2069917,2082
0.3522759,0.26309606,0.17948182,0.2051462,2083
0.35516897,0.26192093,0.17868017,0.20422992,2084
0.3575377,0.25699848,0.17987183,0.20559198,2085
0.3607454,0.25571534,0.17897376,0.2045655,2086
0.3556283,0.2662729,0.17643505,0.20166378,2087
0.35732883,0.26754615,0.17727874,0.19784634,2088
0.35922888,0.2689688,0.17822139,0.19358104,2089
0.35884002,0.26976007,0.17802846,0.19337149,2090
0.3589556,0.26971146,0.17799637,0.19333664,2091
0.36192757,0.26366505,0.17947009,0.19493736,2092
0.36390707,0.25963777,0.18045168,0.19600354,2093
0.3649461,0.2575239,0.1809669,0.19656317,2094
0.36765754,0.2520075,0.18231143,0.19802357,2095
0.37067616,0.2540766,0.18380827,0.19143905,2096
0.37011316,0.25430387,0.1839727,0.1916103,2097
0.37134597,0.25182006,0.18458548,0.19224852,2098
0.37391376,0.25356135,0.18586187,0.18666299,2099
0.37121332,0.25173008,0.19174165,0.18531488,2100
0.3696873,0.25069526,0.19506444,0.18455307,2101
0.3690247,0.25203815,0.19471483,0.1842223,2102
0.36714494,0.25075433,0.19372298,0.18837778,2103
0.36800197,0.25133964,0.19184086,0.18881752,2104
0.36904413,0.24921949,0.19238412,0.18935223,2105
0.3712829,0.25073138,0.19355121,0.18443447,2106
0.36431485,0.24602577,0.18991874,0.19974065,2107
0.36540335,0.24676085,0.19048618,0.19734962,2108
0.3616401,0.24822418,0.19161579,0.19851995,2109
0.36364424,0.24405795,0.19267769,0.19962011,2110
0.36474323,0.24177338,0.19326,0.2002234,2111
0.36687446,0.24096225,0.19261163,0.19955167,2112
0.36458293,0.23945719,0.19140857,0.20455128,2113
0.36499453,0.23972751,0.19049576,0.2047822,2114
0.36240304,0.23802544,0.19624335,0.20332824,2115
0.36302474,0.23671828,0.19658,0.20367704,2116
0.3642091,0.23749056,0.19395874,0.20434153,2117
0.36283067,0.2380055,0.1943793,0.2047846,2118
0.35483882,0.24099073,0.19681734,0.20735314,2119
0.35122785,0.24871461,0.19481446,0.20524307,2120
0.3504797,0.2481848,0.19439948,0.20693606,2121
0.34896505,0.2514338,0.19355936,0.20604177,2122
0.3524589,0.25395116,0.19549727,0.19809267,2123
0.3507413,0.25271362,0.19941777,0.19712734,2124
0.35223398,0.2521326,0.19895929,0.19667414,2125
0.35449716,0.24732742,0.20023765,0.1979378,2126
0.35605657,0.2484154,0.20111848,0.19440956,2127
0.35343266,0.24658473,0.19963637,0.2003463,2128
0.35487437,0.2475906,0.19637147,0.20116356,2129
0.35354167,0.24810208,0.19677714,0.20157912,2130
0.35595888,0.24979839,0.19128543,0.20295735,2131
0.3565345,0.24957512,0.19111446,0.20277596,2132
0.3556558,0.24991593,0.19137543,0.20305286,2133
0.35671678,0.25066146,0.18896312,0.2036586,2134
0.36446467,0.24764247,0.18668722,0.20120572,2135
0.36066797,0.24506274,0.1951596,0.19910972,2136
0.3609295,0.24451533,0.1953011,0.19925408,2137
0.36156082,0.24494304,0.19564272,0.19785342,2138
0.35785016,0.24242921,0.19363487,0.20608574,2139
0.36030966,0.24150069,0.19289324,0.20529644,2140
0.36159918,0.24236502,0.19000457,0.20603119,2141
0.36092466,0.24377832,0.18965015,0.20564686,2142
0.3625966,0.24490757,0.19052868,0.20196714,2143
0.36183766,0.24648806,0.19012988,0.20154439,2144
0.36458045,0.24077633,0.19157109,0.20307213,2145
0.36154157,0.2387694,0.1899743,0.20971479,2146
0.35750446,0.24027917,0.19117554,0.21104084,2147
0.35616085,0.24313445,0.19045703,0.2102477,2148
0.35465685,0.24210775,0.18965277,0.21358263,2149
0.35770848,0.24419096,0.19128464,0.20681591,2150
0.36221617,0.24726814,0.18109362,0.20942211,2151
0.3652277,0.24610054,0.1802385,0.20843323,2152
0.36455104,0.24636291,0.18043065,0.20865543,2153
0.36690012,0.24795042,0.1751495,0.20999995,2154
0.36632678,0.24756296,0.17643848,0.2096718,2155
0.36703935,0.24804449,0.17483655,0.21007964,2156
0.3673937,0.24828397,0.17500535,0.20931701,2157
0.36587676,0.24887933,0.17542498,0.20981891,2158
0.36547104,0.24860333,0.17523044,0.2106952,2159
0.36536598,0.2486445,0.17525947,0.21073009,2160
0.36647052,0.24939618,0.17578928,0.20834409,2161
0.36694,0.24843457,0.17601448,0.208611,2162
0.36771426,0.24813072,0.1757992,0.20835586,2163
0.36657616,0.25045776,0.1752551,0.20771098,2164
0.36712667,0.2502401,0.17510279,0.20753045,2165
0.3646443,0.2553097,0.17391881,0.20612723,2166
0.3590815,0.25754505,0.17544155,0.20793195,2167
0.35595325,0.2640132,0.17391314,0.20612048,2168
0.35590878,0.26398024,0.17401627,0.20609474,2169
0.35507473,0.26336163,0.17595191,0.20561178,2170
0.35723823,0.2624781,0.17536165,0.204922,2171
0.35588354,0.26303133,0.17573126,0.20535392,2172
0.3601591,0.26128536,0.17456476,0.2039908,2173
0.3608526,0.2598629,0.1749009,0.2043836,2174
0.36075354,0.26006615,0.17485288,0.2043275,2175
0.35903716,0.26076442,0.17532237,0.20487611,2176
0.35727918,0.26438394,0.17446391,0.20387295,2177
0.35606384,0.26688626,0.17387044,0.20317945,2178
0.35625574,0.2670301,0.17342529,0.20328894,2179
0.35418135,0.26547524,0.17241547,0.20792799,2180
0.3547895,0.26421395,0.17271152,0.20828502,2181
0.35701743,0.2633016,0.17211515,0.2075658,2182
0.35100296,0.26576453,0.17372511,0.20950738,2183
0.348444,0.26382703,0.17245859,0.21527036,2184
0.3490262,0.2635913,0.1723045,0.21507801,2185
0.35019094,0.26311967,0.1719962,0.21469319,2186
0.35252336,0.26217523,0.17137885,0.21392258,2187
0.35326374,0.26062557,0.17173877,0.21437186,2188
0.35586202,0.26254252,0.16564687,0.21594858,2189
0.35657552,0.26306888,0.16397402,0.21638155,2190
0.35492447,0.2664811,0.16321477,0.21537964,2191
0.35559002,0.2669808,0.16352083,0.21390837,2192
0.36651972,0.26245254,0.16074736,0.2102803,2193
0.36902526,0.26424667,0.15501021,0.21171778,2194
0.3672443,0.26499254,0.15544774,0.21231537,2195
0.3674473,0.265139,0.15553366,0.21188001,2196
0.36440465,0.2712241,0.15424575,0.21012554,2197
0.36408582,0.2718617,0.1541108,0.20994169,2198
0.36360633,0.2728206,0.15390784,0.20966521,2199
0.3668379,0.27524528,0.1463882,0.2115286,2200
0.36689365,0.2751351,0.14641047,0.21156077,2201
0.36895123,0.27424094,0.14593464,0.21087322,2202
0.3637395,0.2703671,0.1438732,0.22202021,2203
0.35599172,0.27365935,0.14562514,0.22472376,2204
0.36174148,0.261928,0.14797719,0.22835335,2205
0.3588604,0.2598419,0.14679864,0.23449911,2206
0.3502612,0.26332697,0.14876756,0.23764428,2207
0.3477279,0.26435366,0.14934759,0.23857085,2208
0.34298143,0.2662773,0.15043436,0.24030688,2209
0.34218806,0.2656614,0.15008639,0.2420641,2210
0.3366848,0.26138887,0.14767262,0.25425375,2211
0.33779532,0.25895262,0.1481597,0.25509238,2212
0.33739674,0.25864705,0.14916484,0.25479138,2213
0.32849368,0.2621224,0.15116909,0.2582149,2214
0.3263161,0.26038477,0.150167,0.26313215,2215
0.32487878,0.25923786,0.14950556,0.26637784,2216
0.32128704,0.25637183,0.14785267,0.27448845,2217
0.3170914,0.2530239,0.14592189,0.2839628,2218
0.3154969,0.25175154,0.15021673,0.28253487,2219
0.31511125,0.25144383,0.15003313,0.28341174,2220
0.3139958,0.25055376,0.15304193,0.2824085,2221
0.30234498,0.25480905,0.15564112,0.2872048,2222
0.30606285,0.24564563,0.15755501,0.2907365,2223
0.30961788,0.23688354,0.15938507,0.2941135,2224
0.30908588,0.2370661,0.1595079,0.29434016,2225
0.30274022,0.2392434,0.16097288,0.29704347,2226
0.29719296,0.24114676,0.16225354,0.29940668,2227
0.3028495,0.22670335,0.16534175,0.30510536,2228
0.30369505,0.22454438,0.16580339,0.30595723,2229
0.30346563,0.22437474,0.16567813,0.3064815,2230
0.3008866,0.22246788,0.1642701,0.31237543,2231
0.29645133,0.21918856,0.16184865,0.3225115,2232
0.29496926,0.21809275,0.16603883,0.32089916,2233
0.29451707,0.2177584,0.1673173,0.3204072,2234
0.293451,0.21697019,0.17033137,0.31924742,2235
0.2944794,0.21422608,0.1709283,0.32036623,2236
0.2941663,0.21399832,0.17074658,0.3210888,2237
0.2948377,0.21379477,0.17058417,0.32078338,2238
0.29389256,0.21310942,0.17003733,0.32296076,2239
0.29472497,0.21088064,0.17051893,0.3238755,2240
0.29482266,0.21061912,0.17057545,0.32398283,2241
0.290303,0.20739031,0.16796051,0.3343463,2242
0.2884249,0.20604861,0.1668739,0.3386526,2243
0.28774384,0.20556207,0.16647986,0.3402143,2244
0.2902063,0.19876336,0.16790457,0.34312582,2245
0.29061404,0.19904262,0.1667355,0.3436079,2246
0.28998548,0.19921897,0.16688323,0.34391236,2247
0.28717577,0.20000733,0.16754363,0.34527332,2248
0.2866767,0.19965976,0.16899024,0.34467328,2249
0.28664613,0.19963846,0.1689722,0.3447432,2250
0.2866946,0.1996249,0.16896072,0.3447198,2251
0.28588846,0.20187537,0.16848566,0.34375054,2252
0.28313884,0.19993377,0.16686518,0.35006228,2253
0.28585088,0.20184883,0.15888487,0.35341537,2254
0.28325707,0.20001726,0.15744314,0.35928255,2255
0.28235877,0.19938293,0.16011517,0.35814315,2256
0.28066775,0.19818886,0.15915626,0.3619871,2257
0.279418,0.19853319,0.15943277,0.36261603,2258
0.27618304,0.19623467,0.15758695,0.36999536,2259
0.2760403,0.19613326,0.1575055,0.37032095,2260
0.2748114,0.1952601,0.1612562,0.36867234,2261
0.27568373,0.19270551,0.1617681,0.36984265,2262
0.27644098,0.19323482,0.16221242,0.3681118,2263
0.27515832,0.19233823,0.16145977,0.37104368,2264
0.2773081,0.19176777,0.1609809,0.3699432,2265
0.2757706,0.19070454,0.16563277,0.36789212,2266
0.27637523,0.19112267,0.16599593,0.36650622,2267
0.2766993,0.19017415,0.16619056,0.366936,2268
0.27967378,0.1922185,0.1679771,0.3601306,2269
0.27870822,0.19155487,0.1708496,0.35888726,2270
0.2789441,0.191717,0.1701479,0.359191,2271
0.27778682,0.1920247,0.17042099,0.3597675,2272
0.2755928,0.19050804,0.17697321,0.35692596,2273
0.27686536,0.19138771,0.17317286,0.3585741,2274
0.27484065,0.1899881,0.17190646,0.3632648,2275
0.2718909,0.1986816,0.17006147,0.35936606,2276
0.27116033,0.19814771,0.1696045,0.36108753,2277
0.27122885,0.19819778,0.16939464,0.3611788,2278
0.27028635,0.19750907,0.17228083,0.35992372,2279
0.26989114,0.19722027,0.17202893,0.36085972,2280
0.2711431,0.19813512,0.17282693,0.35789487,2281
0.27425528,0.20040932,0.17481063,0.35052484,2282
0.27949834,0.19896145,0.1735477,0.34799245,2283
0.27785447,0.20367278,0.172527,0.34594578,2284
0.27774858,0.20359516,0.17246124,0.34619498,2285
0.27880394,0.20436879,0.17311656,0.3437107,2286
0.27496582,0.20545642,0.17403787,0.3455399,2287
0.27581212,0.20301096,0.17457353,0.3466034,2288
0.27624157,0.20332706,0.17484534,0.34558597,2289
0.27857804,0.20504683,0.1763242,0.34005082,2290
0.2813578,0.19711463,0.17808363,0.34344396,2291
0.28095898,0.19683522,0.1778312,0.34437463,2292
0.27589318,0.19822197,0.17908405,0.3468008,2293
0.27446628,0.19861259,0.17943695,0.34748423,2294
0.27053136,0.19576517,0.19120099,0.3425025,2295
0.2708335,0.19486693,0.19141452,0.34288502,2296
0.27056652,0.19566071,0.19122583,0.342547,2297
0.26577526,0.19694588,0.19248186,0.34479696,2298
0.26351616,0.19527182,0.19084574,0.35036626,2299
0.26155856,0.1938212,0.18942802,0.35519218,2300
0.2534958,0.19593747,0.19149633,0.35907042,2301
0.25204593,0.19481681,0.19040106,0.36273617,2302
0.24391979,0.1969334,0.19246969,0.36667714,2303
0.2427307,0.19597338,0.19153142,0.36976448,2304
0.24179503,0.19907273,0.19079311,0.36833912,2305
0.24374153,0.19262514,0.19232902,0.3713043,2306
0.23749492,0.1942162,0.19391765,0.37437126,2307
0.238386,0.1949449,0.19464523,0.37202388,2308
0.24216266,0.18219067,0.19772892,0.37791774,2309
0.24184817,0.18325286,0.19747213,0.37742692,2310
0.23945327,0.1814382,0.19551666,0.38359192,2311
0.23911609,0.18118271,0.19664946,0.38305178,2312
0.24051534,0.18224294,0.19780019,0.37944153,2313
0.24129523,0.18283388,0.19844158,0.37742928,2314
0.23723425,0.18381251,0.19950375,0.3794495,2315
0.23532265,0.18233137,0.20595407,0.37639195,2316
0.23657314,0.18330027,0.2070485,0.37307805,2317
0.2352516,0.18227632,0.21147816,0.37099397,2318
0.23614433,0.18206353,0.21123128,0.37056088,2319
0.23623922,0.18173482,0.21131615,0.37070978,2320
0.23509803,0.18568765,0.21029536,0.36891901,2321
0.23333043,0.18429153,0.2162328,0.36614525,2322
0.23424505,0.18501393,0.21316044,0.3675805,2323
0.231436,0.18569265,0.21394242,0.36892897,2324
0.23140962,0.1856715,0.21391803,0.36900082,2325
0.2307306,0.18512666,0.21622469,0.36791807,2326
0.22998075,0.18777487,0.21552199,0.36672238,2327
0.23238401,0.18973708,0.21777415,0.36010477,2328
0.2317158,0.1891915,0.2200234,0.3590693,2329
0.22995749,0.18775588,0.21835382,0.3639328,2330
0.22870097,0.18672995,0.21716069,0.36740845,2331
0.22757296,0.19074118,0.2160896,0.36559632,2332
0.22641987,0.1910259,0.21641216,0.36614203,2333
0.22715053,0.19164233,0.21711053,0.36409664,2334
0.2287057,0.1929544,0.21859697,0.35974288,2335
0.22668594,0.19125038,0.22549777,0.3565659,2336
0.22686815,0.1914041,0.22487529,0.3568525,2337
0.21795486,0.19361074,0.2274678,0.36096653,2338
0.21819283,0.19382213,0.22771616,0.36026886,2339
0.2166855,0.19419582,0.2281552,0.36096346,2340
0.2174347,0.1940101,0.227937,0.36061823,2341
0.21795258,0.19447218,0.22847988,0.35909545,2342
0.21799555,0.19451053,0.22852494,0.35896906,2343
0.21825704,0.19354425,0.22879905,0.35939965,2344
0.21737021,0.19275783,0.22786939,0.3620026,2345
0.22012448,0.19207945,0.22706743,0.3607286,2346
0.21824282,0.1925429,0.2276153,0.36159897,2347
0.21719792,0.19162104,0.22652552,0.36465555,2348
0.21967338,0.193805,0.22910729,0.3574144,2349
0.22031489,0.19364564,0.22891891,0.3571205,2350
0.2181683,0.20150223,0.22668847,0.35364097,2351
0.21711417,0.20052864,0.2255932,0.35676405,2352
0.21609724,0.19958939,0.22922039,0.355093,2353
0.21522096,0.19878004,0.2282909,0.35770813,2354
0.2106907,0.19992752,0.22960874,0.35977304,2355
0.20969252,0.19898033,0.22852093,0.36280617,2356
0.2097199,0.19887577,0.22855075,0.36285356,2357
0.20511912,0.20003359,0.22988133,0.364966,2358
0.20554194,0.20044594,0.2303552,0.36365694,2359
0.20819207,0.20303035,0.22043192,0.3683457,2360
0.20646708,0.20134811,0.22689106,0.36529374,2361
0.20248234,0.2023592,0.2280304,0.36712807,2362
0.20245185,0.20232873,0.22799607,0.36722332,2363
0.2006391,0.20947112,0.22595459,0.36393517,2364
0.19891427,0.2099231,0.22644213,0.36472046,2365
0.19770153,0.20864323,0.22506155,0.36859366,2366
0.19999714,0.19945443,0.22767486,0.3728736,2367
0.20206031,0.20151201,0.23002355,0.36640412,2368
0.2030909,0.20253982,0.23119678,0.36317256,2369
0.20269778,0.20214775,0.23074925,0.36440518,2370
0.19667673,0.20367435,0.23249184,0.36715713,2371
0.20039831,0.20273077,0.23141477,0.3654562,2372
0.2022882,0.19521202,0.23359714,0.36890265,2373
0.20347126,0.19635372,0.22911493,0.37106016,2374
0.20147388,0.1944262,0.22686581,0.37723413,2375
0.20107454,0.19404083,0.22839817,0.37648642,2376
0.20075728,0.19531249,0.2280378,0.3758924,2377
0.20382684,0.19829878,0.21623458,0.38163975,2378
0.20309536,0.19758715,0.21545857,0.38385892,2379
0.20450091,0.19895458,0.2169497,0.37959474,2380
0.20651379,0.20091286,0.2190851,0.37348822,2381
0.20511954,0.19955641,0.21760596,0.37771806,2382
0.20204225,0.1965626,0.22934371,0.37205142,2383
0.20313865,0.19762926,0.23058824,0.3686438,2384
0.20488043,0.1993238,0.23256539,0.36323032,2385
0.2046118,0.2003737,0.23226045,0.36275405,2386
0.20459954,0.20042153,0.23224656,0.36273235,2387
0.20360593,0.1994482,0.2311187,0.3658272,2388
0.20425539,0.20008439,0.22866608,0.3669941,2389
0.20249757,0.19836245,0.22669818,0.37244177,2390
0.20211452,0.19987886,0.22626936,0.37173727,2391
0.20317514,0.20092775,0.22745673,0.36844042,2392
0.20649436,0.18787344,0.23117264,0.37445953,2393
0.20114943,0.18913893,0.2327298,0.37698185,2394
0.20180044,0.18975106,0.23024659,0.3782019,2395
0.19997415,0.18803383,0.23721282,0.37477922,2396
0.19233552,0.18982917,0.23947772,0.3783576,2397
0.19255933,0.19005007,0.2397564,0.37763414,2398
0.19089922,0.19703296,0.23768939,0.37437844,2399
0.18888639,0.20549943,0.2351832,0.370431,2400
0.18501365,0.22178903,0.23036124,0.36283606,2401
0.18592541,0.22288202,0.23149647,0.35969606,2402
0.18934557,0.22698201,0.23575494,0.3479174,2403
0.19046353,0.2283222,0.23714691,0.34406734,2404
0.19170892,0.22797096,0.2367821,0.34353805,2405
0.18937019,0.2373892,0.2338935,0.3393471,2406
0.19226831,0.23654051,0.2330573,0.33813387,2407
0.19367053,0.23826559,0.22746395,0.3405999,2408
0.19300164,0.24089637,0.22667837,0.33942357,2409
0.19356847,0.24160385,0.2273441,0.33748353,2410
0.20584755,0.2379251,0.22388247,0.33234486,2411
0.20370117,0.24587132,0.22154802,0.32887948,2412
0.21285309,0.2430455,0.21900174,0.32509965,2413
0.21648124,0.24192525,0.21799232,0.3236012,2414
0.21790284,0.24351393,0.21942385,0.3191594,2415
0.22002165,0.24588177,0.21183382,0.3222628,2416
0.22305101,0.24926719,0.21475044,0.3129314,2417
0.22452137,0.25091037,0.2095741,0.31499425,2418
0.22112046,0.26225698,0.20639962,0.31022292,2419
0.22039077,0.26469156,0.2057185,0.30919918,2420
0.2223629,0.2670601,0.20755933,0.30301762,2421
0.2224357,0.26714754,0.20762728,0.30278948,2422
0.22186059,0.2664568,0.20709045,0.30459213,2423
0.22460544,0.26975343,0.20965259,0.29598856,2424
0.2224606,0.26717743,0.20765053,0.3027115,2425
0.225934,0.2659839,0.20672292,0.30135924,2426
0.22997798,0.2707447,0.21042304,0.2888543,2427
0.23242553,0.27362612,0.21266246,0.28128588,2428
0.23204398,0.27317697,0.21395491,0.28082412,2429
0.23299997,0.2743024,0.21483636,0.27786127,2430
0.23364341,0.2750599,0.21266809,0.27862862,2431
0.22619209,0.27773434,0.21473588,0.28133774,2432
0.22248678,0.27906424,0.21576412,0.2826849,2433
0.22224896,0.27983487,0.21553348,0.28238273,2434
0.23189777,0.27636322,0.21285957,0.27887946,2435
0.23223059,0.27675986,0.21316506,0.2778445,2436
0.23104125,0.28046384,0.21207337,0.27642155,2437
0.23107877,0.28050938,0.21210782,0.27630404,2438
0.2289526,0.28712943,0.21015619,0.27376175,2439
0.23037653,0.2889152,0.21146323,0.26924506,2440
0.23071662,0.2893417,0.21177539,0.26816627,2441
0.23189315,0.29081717,0.20775591,0.26953375,2442
0.23776601,0.28859362,0.20616743,0.26747292,2443
0.23619555,0.29329255,0.20480567,0.26570624,2444
0.23540214,0.2935972,0.20501842,0.26598224,2445
0.23590598,0.2942256,0.20545723,0.26441118,2446
0.23524633,0.29619908,0.20488273,0.26367185,2447
0.23308209,0.302674,0.20299782,0.2612461,2448
0.23261909,0.30405915,0.2025946,0.26072714,2449
0.23136845,0.3078008,0.20150536,0.25932539,2450
0.23951402,0.30453888,0.1993699,0.25657716,2451
0.24589996,0.3019816,0.19769576,0.25442263,2452
0.24722654,0.30361074,0.1987623,0.25040042,2453
0.24549818,0.30430782,0.19921865,0.25097534,2454
0.25140545,0.30192527,0.1976589,0.24901035,2455
0.25008854,0.30034375,0.19662352,0.25294414,2456
0.24954052,0.2996856,0.19619265,0.2545812,2457
0.25005725,0.30030617,0.19659893,0.25303754,2458
0.25375912,0.3047519,0.19950937,0.24197957,2459
0.25213826,0.30919266,0.19823505,0.24043398,2460
0.25584102,0.31373328,0.2011462,0.22927944,2461
0.2522093,0.32347494,0.1982909,0.22602478,2462
0.24779387,0.33531898,0.1948194,0.22206776,2463
0.24489464,0.33139572,0.19253999,0.23116966,2464
0.2452956,0.33030108,0.19285522,0.23154813,2465
0.24217416,0.33166718,0.19365287,0.23250581,2466
0.24401648,0.33086088,0.19318208,0.23194057,2467
0.2471911,0.3294715,0.19237086,0.23096658,2468
0.24578634,0.33328202,0.19127762,0.22965401,2469
0.24646251,0.3341989,0.1890528,0.23028581,2470
0.24384692,0.33065224,0.1870465,0.23845437,2471
0.24440545,0.3291191,0.18747492,0.23900054,2472
0.24649017,0.33192638,0.1805443,0.24103917,2473
0.24505594,0.3358136,0.17949378,0.23963666,2474
0.24389234,0.33421907,0.1786415,0.24324712,2475
0.24492538,0.33563468,0.17939815,0.24004182,2476
0.247446,0.32879743,0.18124442,0.24251218,2477
0.24708313,0.32831526,0.18097861,0.243623,2478
0.24803425,0.3295791,0.18167527,0.2407114,2479
0.24668357,0.3332299,0.18068595,0.23940058,2480
0.24651597,0.3336829,0.1805632,0.23923795,2481
0.24485065,0.33142874,0.17934342,0.24437724,2482
0.24345905,0.32954505,0.17832412,0.24867183,2483
0.24272107,0.32854614,0.18081474,0.24791805,2484
0.24515659,0.33184284,0.18262908,0.24037145,2485
0.24232909,0.3330859,0.18331318,0.24127185,2486
0.23873185,0.33466727,0.1841835,0.24241732,2487
0.23610613,0.33098638,0.18215773,0.25074974,2488
0.23999374,0.32930192,0.18123068,0.24947362,2489
0.24865995,0.32554695,0.17916414,0.24662891,2490
0.24900515,0.3259989,0.17802468,0.2469713,2491
0.24961367,0.32435176,0.17845973,0.24757485,2492
0.25253686,0.32815018,0.18054965,0.23876332,2493
0.25550726,0.32684615,0.17983216,0.23781449,2494
0.25317305,0.33299574,0.1781893,0.23564193,2495
0.254553,0.3348108,0.17916054,0.23147573,2496
0.25742266,0.33352187,0.17847084,0.23058464,2497
0.24999519,0.3368579,0.18025596,0.23289101,2498
0.25168544,0.33237422,0.1814747,0.23446563,2499
0.25349253,0.32758072,0.18277767,0.23614909,2500
0.25428358,0.3254824,0.18334804,0.23688601,2501
0.25335008,0.32588983,0.18357757,0.23718253,2502
0.2525305,0.32483557,0.18298368,0.23965028,2503
0.24515934,0.32803893,0.18478817,0.24201359,2504
0.24100684,0.32984355,0.18580474,0.24334496,2505
0.23974136,0.32811162,0.18482912,0.24731794,2506
0.22678532,0.33370316,0.18797891,0.25153264,2507
0.22621779,0.3328681,0.1875085,0.25340563,2508
0.21372448,0.33824253,0.19053598,0.25749707,2509
0.20640844,0.34138975,0.19230884,0.259893,2510
0.20835996,0.33516288,0.19412704,0.26235017,2511
0.20824273,0.33497432,0.19401781,0.26276508,2512
0.21145087,0.3247291,0.19700682,0.2668132,2513
0.21412072,0.3162029,0.19949429,0.27018204,2514
0.21346988,0.31524178,0.1988879,0.27240044,2515
0.21338019,0.31510934,0.19880435,0.27270606,2516
0.21469289,0.3170479,0.20002739,0.26823187,2517
0.21212004,0.31324843,0.2096141,0.26501742,2518
0.2118755,0.31288728,0.20937245,0.2658648,2519
0.21448806,0.30441472,0.21195415,0.26914307,2520
0.20997736,0.29801285,0.2285268,0.26348296,2521
0.21050198,0.29625902,0.22909777,0.26414126,2522
0.21211922,0.2908523,0.23085786,0.2661706,2523
0.2132196,0.2923611,0.23205544,0.26236385,2524
0.20978114,0.28764638,0.24443957,0.25813287,2525
0.21249394,0.27843454,0.24760057,0.26147094,2526
0.21292247,0.27899605,0.2480999,0.2599816,2527
0.21088631,0.2797178,0.24874172,0.26065415,2528
0.21160327,0.28066874,0.24958736,0.2581406,2529
0.21524882,0.27937096,0.24843329,0.25694698,2530
0.21744107,0.28221628,0.2509635,0.24937916,2531
0.21819331,0.2797331,0.2518317,0.25024188,2532
0.21727207,0.28006274,0.25212848,0.25053677,2533
0.21623771,0.2834901,0.25092816,0.24934404,2534
0.21023473,0.2756201,0.27172324,0.24242198,2535
0.20978555,0.2771677,0.2711427,0.24190404,2536
0.21053256,0.27459386,0.2721082,0.24276541,2537
0.21035059,0.2752209,0.271873,0.24255557,2538
0.2087263,0.27578703,0.2724322,0.24305448,2539
0.20915972,0.27635968,0.27092144,0.24355918,2540
0.20829849,0.27522174,0.2739235,0.2425563,2541
0.20432553,0.2766029,0.2752981,0.24377352,2542
0.2086263,0.26137638,0.28109273,0.24890462,2543
0.20595472,0.25802928,0.29029876,0.24571724,2544
0.20492497,0.26173902,0.2888473,0.2444887,2545
0.20413859,0.26073462,0.29157633,0.2435505,2546
0.20602655,0.25389758,0.29427293,0.24580294,2547
0.20796281,0.25327837,0.2935553,0.2452035,2548
0.20669447,0.25173366,0.29786387,0.24370803,2549
0.20787162,0.2531673,0.29956022,0.23940085,2550
0.20386617,0.24828908,0.31305683,0.23478788,2551
0.20449579,0.2459675,0.31402367,0.23551299,2552
0.20464809,0.2454059,0.31425756,0.2356884,2553
0.20378032,0.24436529,0.31716534,0.23468901,2554
0.20298664,0.24341355,0.31982484,0.23377495,2555
0.20358239,0.24412793,0.3207635,0.23152617,2556
0.1918439,0.24772617,0.32549128,0.23493865,2557
0.18988645,0.24519853,0.32217017,0.24274486,2558
0.1925082,0.24858399,0.3128114,0.24609645,2559
0.19202355,0.24795815,0.31202388,0.24799441,2560
0.19198821,0.24791253,0.31215042,0.24794878,2561
0.19093987,0.24655883,0.3159064,0.24659488,2562
0.19093862,0.2465572,0.31591094,0.24659325,2563
0.18256234,0.24910982,0.3191816,0.24914624,2564
0.18212487,0.24851288,0.31841674,0.2509455,2565
0.18050084,0.24629687,0.31557736,0.25762492,2566
0.179707,0.24961153,0.3141895,0.25649193,2567
0.17832054,0.24768573,0.31948072,0.25451303,2568
0.17768669,0.25035992,0.3183451,0.25360835,2569
0.1792078,0.25250316,0.31250966,0.25577942,2570
0.1803677,0.24766509,0.3145323,0.25743487,2571
0.18144138,0.24318658,0.31640467,0.25896734,2572
0.17747635,0.23787221,0.33134335,0.25330812,2573
0.17712854,0.23740606,0.33069402,0.2547714,2574
0.17530632,0.23496372,0.32729197,0.262438,2575
0.17627376,0.2362604,0.32357952,0.2638863,2576
0.17658733,0.23490186,0.32415512,0.26435572,2577
0.17685314,0.23525544,0.32464305,0.2632484,2578
0.17324463,0.2304553,0.31801903,0.2782811,2579
0.17246147,0.22941351,0.32110193,0.2770231,2580
0.17335406,0.22542532,0.32276383,0.27845687,2581
0.17261562,0.22446507,0.32138896,0.28153038,2582
0.17296948,0.2249252,0.3199978,0.2821075,2583
0.17388183,0.22083706,0.32168564,0.2835955,2584
0.17330372,0.22010283,0.32394078,0.28265265,2585
0.1739444,0.21721974,0.32513836,0.28369758,2586
0.17542286,0.21906602,0.3279019,0.2776093,2587
0.17374817,0.2169747,0.33431816,0.27495906,2588
0.16609982,0.21898316,0.3374128,0.27750424,2589
0.16731432,0.22058433,0.332568,0.27953333,2590
0.16683207,0.21994855,0.33449176,0.27872765,2591
0.16450588,0.21688175,0.32982785,0.28878453,2592
0.16515985,0.21774392,0.331139,0.28595725,2593
0.16185199,0.23341107,0.32450688,0.28023005,2594
0.16039328,0.23130743,0.3305949,0.27770445,2595
0.1569842,0.23224661,0.33193722,0.278832,2596
0.15666695,0.23379816,0.33126637,0.2782685,2597
0.15712065,0.23447523,0.3293298,0.27907434,2598
0.15759575,0.23518424,0.33032563,0.2768943,2599
0.15756626,0.23514025,0.33045095,0.27684253,2600
0.1662697,0.23271094,0.32703698,0.27398238,2601
0.1639602,0.24336866,0.3224944,0.27017674,2602
0.1673301,0.2423877,0.3211945,0.26908773,2603
0.1690259,0.24484417,0.32444963,0.26168033,2604
0.17431617,0.2432854,0.32238406,0.26001438,2605
0.173228,0.24800913,0.32037157,0.25839126,2606
0.17351413,0.24841878,0.3192491,0.25881803,2607
0.17335376,0.24818918,0.31895402,0.25950307,2608
0.1741364,0.24930967,0.320394,0.25615993,2609
0.17822775,0.24807459,0.31880677,0.25489092,2610
0.1770027,0.25324294,0.31661543,0.2531389,2611
0.1788259,0.25585145,0.3095763,0.25574633,2612
0.1765041,0.26551312,0.30555692,0.25242585,2613
0.17656957,0.2656116,0.3052994,0.25251946,2614
0.17591968,0.26831454,0.3041757,0.25159004,2615
0.17869759,0.27255142,0.29318818,0.2555628,2616
0.17238165,0.27464736,0.29544282,0.25752813,2617
0.17720187,0.27304778,0.29372212,0.25602823,2618
0.18017142,0.27762347,0.29864427,0.24356082,2619
0.18211572,0.28061944,0.29107562,0.24618919,2620
0.18407553,0.28363928,0.294208,0.23807722,2621
0.18490091,0.2849111,0.2910433,0.23914474,2622
0.18641524,0.2872445,0.29342693,0.23291333,2623
0.18493363,0.2929094,0.2910948,0.23106216,2624
0.19017869,0.2910245,0.28922158,0.22957525,2625
0.19219422,0.29030016,0.28850174,0.22900386,2626
0.19288312,0.2913407,0.2859515,0.2298247,2627
0.19322652,0.29185942,0.28646058,0.22845353,2628
0.19531839,0.29501906,0.2895618,0.22010075,2629
0.194289,0.29873455,0.28803572,0.21894075,2630
0.20368296,0.29525152,0.28467745,0.21638808,2631
0.20373207,0.29508162,0.28474608,0.21644026,2632
0.20558254,0.2977618,0.2873324,0.2093233,2633
0.20695196,0.29308406,0.28924635,0.21071765,2634
0.20697622,0.29300115,0.28928027,0.21074234,2635
0.21337411,0.29063728,0.28694642,0.20904213,2636
0.21412945,0.29166612,0.2879622,0.20624222,2637
0.21811299,0.2901877,0.28650254,0.2051968,2638
0.22805484,0.2864979,0.28285962,0.20258768,2639
0.22787319,0.28706613,0.28263432,0.20242633,2640
0.22985668,0.28956485,0.28509447,0.19548394,2641
0.23203546,0.29230958,0.27831805,0.1973369,2642
0.232932,0.29196835,0.2779931,0.19710651,2643
0.23783658,0.2901015,0.27621564,0.19584621,2644
0.23783046,0.29010385,0.27621788,0.1958478,2645
0.23395802,0.2915778,0.27762127,0.19684286,2646
0.23240757,0.29216793,0.27818316,0.19724126,2647
0.23026885,0.29868177,0.2756232,0.19542617,2648
0.22901288,0.302507,0.27411985,0.19436024,2649
0.2283228,0.3046087,0.27329385,0.19377458,2650
0.23413697,0.30231366,0.27123475,0.1923146,2651
0.23336956,0.3013228,0.27362338,0.19168426,2652
0.23247649,0.3016738,0.27394214,0.19190755,2653
0.23211746,0.3012079,0.27351907,0.19315556,2654
0.23380095,0.30339247,0.26825008,0.19455644,2655
0.232855,0.30621088,0.26716477,0.19376929,2656
0.23189667,0.30906633,0.2660652,0.19297181,2657
0.23224573,0.30953157,0.26496047,0.19326228,2658
0.23252337,0.30870616,0.2652772,0.19349332,2659
0.2331278,0.30690917,0.26596677,0.1939963,2660
0.23024231,0.31548774,0.26267484,0.19159515,2661
0.2273281,0.32415172,0.25935012,0.1891701,2662
0.22656445,0.32306284,0.26183814,0.18853465,2663
0.22646321,0.32291847,0.2617211,0.18889728,2664
0.22501194,0.32084906,0.26645225,0.18768676,2665
0.22541848,0.32142875,0.26693368,0.18621911,2666
0.2284097,0.32018748,0.26590285,0.18549998,2667
0.22849302,0.32030427,0.26563507,0.18556766,2668
0.22723097,0.3240585,0.26416785,0.18454269,2669
0.22587,0.3221176,0.268575,0.1834374,2670
0.22454093,0.32610646,0.26699466,0.18235801,2671
0.22505198,0.32684866,0.26760232,0.18049707,2672
0.22630915,0.32308832,0.26909718,0.18150535,2673
0.2252486,0.32626048,0.26783612,0.18065476,2674
0.22217429,0.32755518,0.26889896,0.18137164,2675
0.22625263,0.3258377,0.26748905,0.18042067,2676
0.22505596,0.32411432,0.26607427,0.18475547,2677
0.22513704,0.32408038,0.2660464,0.18473613,2678
0.22557633,0.32471272,0.2646144,0.18509658,2679
0.22643532,0.32594922,0.26181403,0.18580143,2680
0.22439712,0.32680804,0.26250383,0.18629096,2681
0.22701064,0.3257068,0.2616193,0.18566324,2682
0.22729547,0.3255868,0.26152292,0.18559483,2683
0.23598063,0.32192722,0.2585834,0.18350875,2684
0.2453276,0.31798875,0.2554199,0.18126372,2685
0.24554642,0.31738052,0.25564772,0.18142538,2686
0.24815133,0.3207475,0.2583598,0.17274143,2687
0.24714291,0.32350773,0.25730988,0.17203945,2688
0.25308096,0.32095614,0.2552804,0.17068252,2689
0.25156802,0.32501554,0.2537543,0.16966216,2690
0.2518177,0.32533813,0.25400615,0.16883793,2691
0.25611278,0.3234705,0.252548,0.1678687,2692
0.24885005,0.3266286,0.25501367,0.16950762,2693
0.24875054,0.326498,0.25491172,0.16983977,2694
0.25204715,0.31757233,0.25828996,0.1720906,2695
0.25355256,0.31946912,0.25385988,0.17311847,2696
0.2523574,0.31796324,0.257377,0.17230242,2697
0.25385085,0.31984493,0.25298217,0.17332211,2698
0.25483194,0.31721616,0.25395992,0.173992,2699
0.2559571,0.31861678,0.25066587,0.17476022,2700
0.27025884,0.31249243,0.24584769,0.17140104,2701
0.27098924,0.31217968,0.24560162,0.1712295,2702
0.272628,0.31406754,0.24103945,0.17226498,2703
0.27506378,0.31687352,0.2342587,0.17380406,2704
0.2796431,0.31487185,0.23277889,0.17270614,2705
0.28117183,0.3165932,0.2285847,0.1736503,2706
0.289432,0.3129552,0.22595802,0.17165487,2707
0.29150352,0.3120428,0.22529925,0.17115441,2708
0.29775387,0.29729182,0.23013008,0.17482427,2709
0.29622975,0.29577008,0.23407078,0.1739294,2710
0.28854036,0.29900166,0.23662823,0.17582975,2711
0.28112048,0.29131275,0.23054327,0.19702351,2712
0.28325006,0.29351956,0.22471438,0.19851604,2713
0.28293338,0.2931914,0.22558115,0.1982941,2714
0.28567997,0.28633004,0.22777097,0.20021904,2715
0.289323,0.2772292,0.23067556,0.20277227,2716
0.29243827,0.27601394,0.22966439,0.20188342,2717
0.29127926,0.27492002,0.22875416,0.20504656,2718
0.29354975,0.26926816,0.23053728,0.20664488,2719
0.29648674,0.26195708,0.23284382,0.20871238,2720
0.2993779,0.25476018,0.23511437,0.2107476,2721
0.29779896,0.25533432,0.23564422,0.21122256,2722
0.301543,0.24597201,0.23860686,0.21387814,2723
0.30342212,0.2475048,0.23386216,0.21521094,2724
0.30065343,0.24848855,0.23479168,0.21606633,2725
0.30271474,0.24775612,0.23409963,0.21542947,2726
0.30327904,0.24821799,0.23453602,0.21396697,2727
0.30856162,0.23512332,0.23862122,0.2176939,2728
0.30666777,0.2336802,0.23715663,0.22249547,2729
0.30988604,0.23259552,0.2360558,0.2214627,2730
0.3110033,0.22982866,0.23690689,0.22226116,2731
0.30768782,0.23093462,0.23804691,0.2233307,2732
0.30931252,0.23215406,0.23402342,0.22451,2733
0.31159595,0.22648568,0.23575103,0.22616738,2734
0.31838694,0.22425145,0.2334254,0.22393627,2735
0.31412154,0.22565475,0.2348861,0.2253376,2736
0.3107894,0.22326104,0.23239447,0.23355505,2737
0.30922765,0.22213914,0.23625188,0.2323814,2738
0.3080378,0.22513212,0.23534282,0.23148723,2739
0.3107292,0.22425649,0.23442747,0.23058689,2740
0.31295106,0.2235336,0.23367178,0.22984359,2741
0.31372735,0.22160749,0.23425142,0.23041372,2742
0.32050443,0.21941906,0.23193812,0.22813831,2743
0.32645595,0.21749723,0.22990665,0.22614013,2744
0.3183215,0.22012396,0.23268326,0.22887124,2745
0.31885368,0.22049198,0.23140045,0.22925387,2746
0.3182039,0.22004263,0.23296684,0.22878668,2747
0.31960115,0.22100885,0.22959867,0.2297913,2748
0.31625828,0.22915678,0.22719717,0.2273878,2749
0.31577817,0.22931768,0.2273567,0.22754745,2750
0.3228937,0.22693288,0.2249923,0.22518107,2751
0.3267435,0.2256426,0.22371306,0.22390075,2752
0.3312427,0.21497989,0.22679354,0.22698383,2753
0.3340172,0.21408801,0.22585267,0.22604215,2754
0.33346346,0.21539094,0.22547825,0.22566742,2755
0.3363598,0.20857604,0.22743666,0.22762749,2756
0.330718,0.20507757,0.24039486,0.22380948,2757
0.32916147,0.20411237,0.23926342,0.22746274,2758
0.3288247,0.20390353,0.23901862,0.22825316,2759
0.3325283,0.19493699,0.24171072,0.23082401,2760
0.33313292,0.19347315,0.24215022,0.23124371,2761
0.33462927,0.193039,0.24160686,0.23072483,2762
0.33477733,0.19299605,0.24155311,0.23067349,2763
0.33321092,0.19209303,0.24042287,0.23427314,2764
0.33570033,0.19137587,0.23952529,0.23339851,2765
0.3334191,0.19203307,0.24034783,0.23420002,2766
0.32615176,0.1941267,0.2429682,0.23675336,2767
0.3273628,0.19113429,0.24387039,0.23763247,2768
0.3305628,0.18322769,0.24625424,0.23995534,2769
0.3299934,0.18291208,0.24755245,0.23954202,2770
0.33062935,0.18133742,0.24802953,0.24000366,2771
0.33339125,0.18058923,0.24700616,0.2390134,2772
0.3392519,0.17900153,0.24483453,0.23691204,2773
0.3426085,0.18077259,0.2373628,0.2392561,2774
0.3418831,0.18097207,0.23762473,0.2395201,2775
0.34256735,0.18133429,0.23609883,0.2399995,2776
0.34341785,0.18178448,0.23420233,0.24059534,2777
0.34183428,0.18094623,0.23312238,0.24409705,2778
0.3448426,0.1801192,0.23205686,0.24298137,2779
0.34226653,0.17877366,0.23032333,0.24863647,2780
0.3408045,0.17800999,0.23361121,0.24757436,2781
0.3397256,0.1783013,0.23399353,0.24797954,2782
0.34265444,0.17983846,0.22738972,0.2501174,2783
0.34513143,0.18113849,0.22180462,0.25192544,2784
0.34459624,0.1808576,0.22146067,0.2530855,2785
0.33775812,0.18274458,0.22377129,0.25572607,2786
0.33814552,0.18295418,0.22402795,0.2548724,2787
0.34121132,0.18210669,0.22299019,0.2536918,2788
0.3401674,0.18154953,0.22230795,0.2559751,2789
0.34212717,0.18259548,0.21782753,0.2574498,2790
0.34040663,0.1816772,0.21673207,0.26118407,2791
0.338758,0.18213132,0.2172738,0.2618369,2792
0.34117162,0.18342899,0.21882185,0.25657752,2793
0.33953103,0.18254694,0.21776961,0.26015243,2794
0.34150052,0.18200257,0.21712023,0.25937665,2795
0.33887085,0.1806011,0.21544832,0.2650797,2796
0.34279928,0.17952797,0.21416813,0.2635046,2797
0.34928364,0.17775664,0.21205501,0.2609047,2798
0.34776905,0.17698583,0.21547176,0.25977334,2799
0.34982562,0.17211886,0.21674597,0.26130953,2800
0.34785578,0.17114967,0.21552551,0.26546898,2801
0.3491634,0.17179304,0.21257658,0.26646692,2802
0.34839043,0.17141272,0.21210597,0.26809084,2803
0.3519732,0.1731755,0.20400354,0.27084783,2804
0.34828815,0.18183202,0.20186768,0.26801214,2805
0.34898022,0.18219334,0.20226881,0.26655754,2806
0.3391692,0.18493904,0.20531705,0.27057463,2807
0.3279868,0.18806852,0.20879136,0.27515322,2808
0.32156757,0.20395942,0.20470499,0.26976803,2809
0.32043076,0.20323837,0.20751657,0.26881433,2810
0.31788322,0.20957284,0.20586675,0.26667717,2811
0.307365,0.21280442,0.2090412,0.27078933,2812
0.30950606,0.21428679,0.20353152,0.27267557,2813
0.30610904,0.22291051,0.20129764,0.2696828,2814
0.29396644,0.2268113,0.20482022,0.27440208,2815
0.29590783,0.2283092,0.20617288,0.26961008,2816
0.2946214,0.22731665,0.20527656,0.27278543,2817
0.29584637,0.22826177,0.20613006,0.2697618,2818
0.29735804,0.22942811,0.20207371,0.27114022,2819
0.2986943,0.23045911,0.19848795,0.27235866,2820
0.30125096,0.23243172,0.19162744,0.27468988,2821
0.29864773,0.23042317,0.18997149,0.28095767,2822
0.2936645,0.23206036,0.19132127,0.28295392,2823
0.29368728,0.23207837,0.19125853,0.28297585,2824
0.2961255,0.23127721,0.1905983,0.28199902,2825
0.293386,0.22913766,0.19808607,0.27939022,2826
0.29266402,0.23103477,0.19759858,0.27870265,2827
0.29012293,0.2377113,0.1958829,0.2762828,2828
0.28691486,0.2461404,0.19371691,0.27322775,2829
0.2879755,0.2470503,0.19443302,0.27054116,2830
0.28555474,0.25337958,0.1927986,0.268267,2831
0.28157693,0.25479034,0.19387203,0.2697606,2832
0.2830231,0.2560989,0.1897319,0.2711461,2833
0.28447238,0.25741032,0.18558271,0.27253455,2834
0.28674105,0.2594632,0.17908768,0.27470803,2835
0.28650057,0.2592456,0.17977609,0.27447766,2836
0.28194958,0.2608992,0.18092278,0.2762284,2837
0.2849476,0.26367337,0.17221342,0.2791656,2838
0.28458562,0.26333842,0.17326495,0.27881095,2839
0.2867145,0.26530835,0.17456107,0.27341607,2840
0.27908462,0.2681463,0.17642832,0.27634075,2841
0.27553695,0.27744946,0.17418559,0.27282795,2842
0.27672744,0.2769935,0.17389935,0.27237964,2843
0.2765127,0.27755454,0.17376442,0.27216828,2844
0.26552385,0.28177026,0.17640369,0.2763022,2845
0.2635358,0.28714788,0.17508289,0.2742334,2846
0.26474437,0.28846475,0.17588583,0.27090508,2847
0.26166108,0.2896744,0.17662339,0.2720411,2848
0.25543678,0.2921164,0.17811234,0.27433446,2849
0.25678498,0.29365823,0.1737744,0.27578244,2850
0.25374952,0.30200788,0.17172022,0.2725224,2851
0.25541523,0.30399036,0.16628309,0.27431133,2852
0.255933,0.30460656,0.16662015,0.27284032,2853
0.2534028,0.3114813,0.16497293,0.270143,2854
0.25480416,0.31320387,0.16588527,0.2661067,2855
0.26482832,0.30899072,0.16365382,0.26252708,2856
0.2667911,0.31128082,0.1574552,0.2644728,2857
0.26988107,0.30330417,0.15927885,0.26753592,2858
0.26676863,0.30459708,0.15995784,0.2686764,2859
0.26926646,0.3074491,0.16145556,0.26182887,2860
0.2699118,0.30717757,0.16131297,0.26159763,2861
0.26826456,0.31140578,0.16032849,0.26000115,2862
0.26805696,0.31149414,0.160374,0.2600749,2863
0.26476398,0.31995216,0.15840386,0.25688,2864
0.2626149,0.3254721,0.1571181,0.2547949,2865
0.2605703,0.3229381,0.15589485,0.26059672,2866
0.25937098,0.32145175,0.15517733,0.2639999,2867
0.2576278,0.32601222,0.1541344,0.2622256,2868
0.25676626,0.3282661,0.15361895,0.26134866,2869
0.25529283,0.3263824,0.15847574,0.25984898,2870
0.26109645,0.3238389,0.15724072,0.25782394,2871
0.25997534,0.3267422,0.15656556,0.2567169,2872
0.24892771,0.33162004,0.15890288,0.26054937,2873
0.24962078,0.3325433,0.1593453,0.25849056,2874
0.24712919,0.32922402,0.1577548,0.26589197,2875
0.24734817,0.32951578,0.15789458,0.26524147,2876
0.24846129,0.32649848,0.15860514,0.2664351,2877
0.24769609,0.32549292,0.15811667,0.2686943,2878
0.2487492,0.32687682,0.15878892,0.26558504,2879
0.24775581,0.32557142,0.15815479,0.26851797,2880
0.2527298,0.32341868,0.15710904,0.26674247,2881
0.2554771,0.31606388,0.1588169,0.26964208,2882
0.2549616,0.3154261,0.15849644,0.27111584,2883
0.2556015,0.31621775,0.15889423,0.2692865,2884
0.25453645,0.31906697,0.15823215,0.26816446,2885
0.25335133,0.32223743,0.15749541,0.26691586,2886
0.24951975,0.3324876,0.15511353,0.26287916,2887
0.24998564,0.3331084,0.15540315,0.26150283,2888
0.24860618,0.33127025,0.16006377,0.2600598,2889
0.24502127,0.32649332,0.1721757,0.25630975,2890
0.24746348,0.32543716,0.17161873,0.25548062,2891
0.24823661,0.3264539,0.1721549,0.25315455,2892
0.24754626,0.3283271,0.17167613,0.2524505,2893
0.24708845,0.32956928,0.17135863,0.2519836,2894
0.23977613,0.33277008,0.17302288,0.2544309,2895
0.23589721,0.32738677,0.17022385,0.26649222,2896
0.2296463,0.33006504,0.1716164,0.26867232,2897
0.22981991,0.33031458,0.17174615,0.2681194,2898
0.22752422,0.33129913,0.17225806,0.26891854,2899
0.2281485,0.33220813,0.1699869,0.2696564,2900
0.23060769,0.33578897,0.17181917,0.26178414,2901
0.2320977,0.3379586,0.17292933,0.25701436,2902
0.23058717,0.3357591,0.17831208,0.25534165,2903
0.23302707,0.32873064,0.18019885,0.2580435,2904
0.23350684,0.32734856,0.18056986,0.25857478,2905
0.23529802,0.3265836,0.18014789,0.2579705,2906
0.23087567,0.32847226,0.1811897,0.2594624,2907
0.23090576,0.32851508,0.18121332,0.2593659,2908
0.23338777,0.3212973,0.18316117,0.2621538,2909
0.23615482,0.3251066,0.18533275,0.25340587,2910
0.23469955,0.3231032,0.19035293,0.2518443,2911
0.23616388,0.31887993,0.19154057,0.25341558,2912
0.23692179,0.3199033,0.19215529,0.25101963,2913
0.23869784,0.32230142,0.19359574,0.24540506,2914
0.24072668,0.31654122,0.19524123,0.24749091,2915
0.24129954,0.3172945,0.19570585,0.2457001,2916
0.24108808,0.31701645,0.19553435,0.24636117,2917
0.24155746,0.3156867,0.19591504,0.24684082,2918
0.24200068,0.31443107,0.1962745,0.24729374,2919
0.2387459,0.31578124,0.1971173,0.2483556,2920
0.23730297,0.31991646,0.19592598,0.2468546,2921
0.23754267,0.31922948,0.19612388,0.24710396,2922
0.23197927,0.31175292,0.21495123,0.2413166,2923
0.2279691,0.3063637,0.2285222,0.23714504,2924
0.22549626,0.30734497,0.22925414,0.2379046,2925
0.2255115,0.30729815,0.22926965,0.23792069,2926
0.22711006,0.30947644,0.23089485,0.23251864,2927
0.22432227,0.3056776,0.2403357,0.22966446,2928
0.22286375,0.3036901,0.24527493,0.2281712,2929
0.223879,0.30507356,0.24639226,0.22465518,2930
0.22296534,0.30790955,0.24538673,0.22373836,2931
0.22411272,0.30745488,0.2450244,0.22340798,2932
0.22149919,0.30386946,0.25382867,0.22080268,2933
0.22055013,0.30685216,0.2527411,0.2198566,2934
0.21966107,0.30561522,0.25172228,0.22300147,2935
0.21898727,0.30467775,0.25401753,0.22231743,2936
0.21969937,0.30241674,0.25484353,0.22304034,2937
0.21796322,0.30002692,0.26073208,0.2212778,2938
0.21052904,0.30287904,0.26321062,0.22338131,2939
0.21277457,0.29544342,0.26601806,0.22576392,2940
0.21280849,0.2954905,0.26606047,0.22564049,2941
0.213979,0.2971158,0.26202363,0.22688158,2942
0.22089732,0.29450068,0.2597174,0.22488464,2943
0.22100984,0.2941413,0.2598497,0.2249992,2944
0.21801795,0.2901594,0.26986933,0.22195332,2945
0.21651554,0.28815985,0.27490082,0.22042379,2946
0.21741372,0.28520685,0.2760412,0.22133818,2947
0.21589765,0.29019135,0.2741163,0.21979474,2948
0.21612476,0.29049662,0.27440467,0.21897402,2949
0.21551384,0.28967547,0.27645564,0.21835504,2950
0.21646407,0.28654352,0.2776746,0.21931781,2951
0.21492355,0.28450423,0.2828153,0.21775697,2952
0.21070112,0.2860344,0.28433636,0.21892813,2953
0.20814592,0.28256562,0.2930153,0.21627316,2954
0.2085392,0.2812101,0.29356894,0.2166818,2955
0.20887443,0.28005457,0.2940409,0.21703012,2956
0.2064695,0.27683008,0.3021692,0.21453129,2957
0.20631027,0.2773878,0.30193615,0.21436584,2958
0.20856132,0.28041434,0.30523056,0.20579386,2959
0.20787857,0.2794964,0.3075049,0.20512018,2960
0.20915645,0.27506727,0.3093952,0.2063811,2961
0.20924343,0.27476576,0.30952385,0.20646693,2962
0.20992136,0.2724162,0.31052667,0.20713586,2963
0.21054086,0.27026898,0.31144306,0.20774713,2964
0.20436192,0.27238432,0.31388068,0.20937313,2965
0.20300055,0.27285036,0.31441772,0.20973137,2966
0.19810541,0.2745262,0.31634888,0.21101955,2967
0.19831389,0.27481508,0.31562942,0.2112416,2968
0.19883654,0.27553937,0.31646124,0.2091628,2969
0.1982175,0.2746815,0.31858936,0.2085116,2970
0.18658783,0.27866572,0.32321042,0.21153602,2971
0.18586501,0.2775862,0.32195836,0.21459043,2972
0.18506645,0.27639356,0.3248716,0.21366845,2973
0.18518047,0.27635485,0.3248261,0.21363853,2974
0.184981,0.2764225,0.3249056,0.21369083,2975
0.18338618,0.2740393,0.32210442,0.22047009,2976
0.18380874,0.27236652,0.32284665,0.22097811,2977
0.1824929,0.2704167,0.32769427,0.21939617,2978
0.18102808,0.26824614,0.32506394,0.22566181,2979
0.1812383,0.2673964,0.32544142,0.22592385,2980
0.18117061,0.26729655,0.32569337,0.22583948,2981
0.18122017,0.2673697,0.32550886,0.22590128,2982
0.18160586,0.2679387,0.32620162,0.22425377,2983
0.18012497,0.2739083,0.3235416,0.2224251,2984
0.178808,0.27190563,0.32848746,0.22079888,2985
0.16942704,0.27501178,0.33224,0.2233212,2986
0.16281123,0.27720234,0.33488637,0.22510001,2987
0.1653572,0.26589963,0.34012315,0.22862001,2988
0.16522217,0.2664991,0.3398454,0.22843333,2989
0.16621427,0.26809934,0.3358814,0.22980498,2990
0.16694702,0.26928124,0.33736214,0.22640957,2991
0.16732948,0.26989812,0.33813497,0.22463742,2992
0.17243224,0.26824412,0.33606282,0.2232608,2993
0.1721052,0.26773536,0.33542544,0.224734,2994
0.17221986,0.2672476,0.3356489,0.2248837,2995
0.17195904,0.26835725,0.33514056,0.22454314,2996
0.1718115,0.26812702,0.33571094,0.22435051,2997
0.17306556,0.27008408,0.33086234,0.22598803,2998
0.17262292,0.26939327,0.3300161,0.22796772,2999
