capital_0,capital_1,capital_2,capital_3,step
0.25,0.25,0.25,0.25,0
0.24672875903353855,0.24672875903353855,0.2598137228993843,0.24672875903353855,1
0.2538642435420214,0.24439187360162937,0.25735200925471985,0.24439187360162937,2
0.2516515590288945,0.2422623671411126,0.2638237066888802,0.2422623671411126,3
0.249742656939831,0.24042516923161875,0.26182177692025627,0.24801039690829396,4
0.2462613544139521,0.23707478823849706,0.2721104144806643,0.2445534428668865,5
0.24462720731997367,0.24213851959395363,0.2703035332281045,0.24293073985796815,6
0.24725856991885156,0.24129527394577494,0.2693614633366395,0.24208469279873399,7
0.24390445669209235,0.23802268543580302,0.2792715569866181,0.23880130088548654,8
0.24128987604855523,0.24619325234965092,0.2762750621353883,0.2362418094664055,9
0.23853576540900462,0.24338277048185356,0.2731187085841428,0.24496275552499908,10
0.23774049120782245,0.24257120900309562,0.27220726272995044,0.24748103705913152,11
0.2356068763898926,0.2493718229722723,0.2697619743178367,0.24525932631999836,12
0.23156495069583546,0.24509182213091957,0.28229277866288033,0.2410504485103646,13
0.230253217148155,0.2437028702669795,0.28069149878089,0.24535241380397552,14
0.2361717639569588,0.24182971972924874,0.27853200840260056,0.24346650791119193,15
0.2327365300211958,0.23831154668653962,0.2890276088768509,0.23992431441541365,16
0.23888665377667725,0.2364022724435961,0.28670905728742974,0.2380020164922969,17
0.24080520508617342,0.23580667023817073,0.2859857636133335,0.23740236106232235,18
0.23853236864909236,0.2335813984775611,0.2927242981068199,0.2351619347665267,19
0.23506956950618837,0.23019107844289044,0.30299089367892623,0.23174845837199493,20
0.23195428688888575,0.22714104768412458,0.31222709933525744,0.2286775660917322,21
0.23418819559777554,0.22648094263566854,0.31131788607217387,0.22801297569438206,22
0.23256926142758358,0.22491566699000481,0.30916183021901916,0.23335324136339244,23
0.23179027013909373,0.22416249961774445,0.3081244060516305,0.2359228241915313,24
0.23108030541273758,0.22347606427528885,0.30717886436087777,0.23826476595109583,25
0.22917411933273618,0.22988666302983662,0.3046403467870736,0.23629887085035362,26
0.22742210995836004,0.22812917008137265,0.3023069742465001,0.2421417457137672,27
0.22928538549824545,0.22757944096330657,0.3015771768026479,0.24155799673580006,28
0.23546735961988874,0.2257555726464318,0.29915580087084404,0.23962126686283539,29
0.24262379125316133,0.22364427204523596,0.2963526686253631,0.2373792680762396,30
0.23949844002954346,0.22076547477532377,0.30541405531690535,0.23432202987822745,31
0.23474154198386216,0.2163839813383588,0.3192055732540766,0.22966890342370241,32
0.23407515181398075,0.21577007415952892,0.31829765999630827,0.23185711403018208,33
0.2305179285732992,0.21249357434023156,0.32865460179312367,0.22833389529334555,34
0.23775808122963668,0.21049698757725144,0.3255576614021731,0.22618726979093876,35
0.2338394342422696,0.2070317992183641,0.336667679746908,0.22246108679245835,36
0.23083823479845542,0.20437792901803958,0.34517654736444403,0.21960728881906097,37
0.2300328809191713,0.20366556070843994,0.3439694779401084,0.22233208043228037,38
0.22736362953759173,0.2129144642502461,0.33996908999296493,0.21975281621919723,39
0.22369837829512115,0.2094845186308338,0.3506056342116019,0.2162114688624431,40
0.22233918829867305,0.2082123070981282,0.34846967303938586,0.22097883156381284,41
0.22204115693713045,0.2079333637683023,0.3480013394830368,0.22202413981153046,42
0.22021488604582187,0.21445543848757323,0.34513167243566883,0.2201980030309361,43
0.2195114052582058,0.21377049460732295,0.34402616129389446,0.22269193884057678,44
0.21770939930867497,0.22023252356190967,0.3411944297774848,0.2208636473519306,45
0.21389887067371596,0.21637735104161956,0.3527264495231962,0.21699732876146827,46
0.21087069509791778,0.213313710627822,0.3618907870372611,0.21392480723699914,47
0.21524624523264005,0.2121326028948022,0.35988086472254327,0.21274028715001445,48
0.21483139463684925,0.21172380229925233,0.35918518086005435,0.21425962220384406,49
0.21332772392305308,0.21724866652824265,0.3566636198758611,0.2127599896728432,50
0.20975810555478047,0.21361272277636145,0.3674291890696879,0.20919998259917016,51
0.2058104319877445,0.20959164629310476,0.37933501799091907,0.2052629037282317,52
0.20230665434868386,0.2060227506272283,0.3899020067044515,0.20176858831963634,53
0.20855176583950744,0.20441252104599963,0.3868438717125897,0.2001918414019032,54
0.21471084921690373,0.2028245204038775,0.38382773872696574,0.198636891652253,55
0.21377097034789175,0.20193703425614057,0.3821423513698342,0.20214964402613347,56
0.21001496804917844,0.19839130205023298,0.39299355826835747,0.19860017163223112,57
0.20842390758018298,0.20447353512599725,0.39000634887274355,0.19709620842107625,58
0.20474422813672488,0.20086447247901357,0.4007723822802247,0.1936189171040368,59
0.20388931335519844,0.2042069912157197,0.39909290385859025,0.19281079157049158,60
0.20242282885910004,0.20994082268035374,0.39621175429711397,0.19142459416343224,61
0.19934591893759815,0.20674821996183698,0.4053889292042661,0.18851693189629878,62
0.19447735099565683,0.20169654665403047,0.4199098901740091,0.1839162121763036,63
0.1912139622655263,0.19831038689496083,0.42964323806925303,0.18083241277025983,64
0.18687226013460942,0.19380529345244007,0.44259275083464267,0.17672969557830784,65
0.18545585855714944,0.19993017602229998,0.43922317072102607,0.1753907946995245,66
0.18482149958352953,0.1992459283235994,0.43771471598891926,0.17821785610395183,67
0.180948194368931,0.19506595752533684,0.4495008837180657,0.1744849643876665,68
0.176430336420485,0.19019027671928315,0.4632484564716629,0.17013093038856897,69
0.17567911386673304,0.19364785696912556,0.46126630545508757,0.1694067237090538,70
0.1739168620578791,0.20175936995216887,0.45661584752405937,0.1677079204658927,71
0.1699653895212837,0.1971652081413765,0.4689695898473982,0.1638998124899416,72
0.16558363096935347,0.19207048912754165,0.48266883068589206,0.15967704921721282,73
0.1650094661868711,0.19140388007490933,0.48098792739122564,0.16259872634699393,74
0.16421288914059726,0.19532010786537654,0.478653126427185,0.16181387656684124,75
0.16485604192160672,0.19517005423894895,0.47828417974848797,0.16168972409095633,76
0.16022413014029682,0.18967147531083373,0.4929560576107468,0.1571483369381227,77
0.15902507279996947,0.19575676156577912,0.48924567009408726,0.15597249554016412,78
0.1556240277341893,0.19155562864988798,0.500182389275575,0.1526379543403477,79
0.15323300202986592,0.18860190544718786,0.5078714487590954,0.15029364376385082,80
0.15823506259743078,0.1874897223898044,0.5048666763688127,0.14940853864395218,81
0.1571537612340613,0.19306143272497434,0.5013967275400998,0.14838807850086455,82
0.15284985231496284,0.18775527132865244,0.5150660445173535,0.14432883183903122,83
0.14948623327869873,0.183608090389016,0.52574916260687,0.1411565137254153,84
0.1460667710222914,0.17939174247597423,0.5366098851405934,0.13793160136114097,85
0.14764467092227135,0.1790608193669784,0.5356170021514306,0.13767750755931962,86
0.1508725913615331,0.1783838911966039,0.5335857617156068,0.1371577557262562,87
0.14474906154746395,0.17112003362312872,0.5525282286732766,0.1316026761561308,88
0.1439172709927217,0.17589997569192223,0.5493357526200288,0.1308470006953273,89
0.13901870253291373,0.1698879045948199,0.5646899096031358,0.12640348326913062,90
0.13516269337264677,0.16515487123165376,0.5767765579612809,0.12290587743441851,91
0.13064410045676877,0.15960793614954139,0.5909403998380195,0.11880756355567032,92
0.12615750326897063,0.1540994493353353,0.6050045066891862,0.11473854070650788,93
0.13181847924874976,0.15310200177452343,0.6010831863760618,0.11399633260066495,94
0.1296115714731081,0.15052900374644468,0.6077634396019481,0.11209598517849917,95
0.12613872989320948,0.1464798139257672,0.6182756704772796,0.10910578570374374,96
0.12346286902138216,0.1433595932037954,0.6263755385887574,0.10680199918606502,97
0.11932296532380915,0.1385317618608299,0.6389071426045948,0.10323813021076617,98
0.1146741241808928,0.1331096923992403,0.6529794392215836,0.09923674419828322,99
0.11142857580977873,0.12932382657232488,0.6628039567021857,0.09644364091571063,100
0.1079657032385045,0.12528397398418986,0.673286384612042,0.0934639381652636,101
0.10606380763721251,0.12306494496462805,0.6790436367956211,0.09182761060253841,102
0.10259668339023283,0.11901920016199648,0.6895391328864608,0.08884498356130988,103
0.09957380710627581,0.11549133128281999,0.6986898745371536,0.08624498707375065,104
0.0972118905956641,0.11273443702578989,0.7058398704445416,0.08421380193400449,105
0.09458014379674903,0.1096621830869043,0.7138067554637499,0.08195091765259667,106
0.0938284192750624,0.11667681485329444,0.7081964637733235,0.08129830209831969,107
0.09156963162850304,0.11384024309306295,0.715233760512664,0.07935636476577,108
0.08839751132739648,0.10985573367036779,0.7251169955296891,0.0766297594725466,109
0.08794618020640174,0.11434679162564668,0.7214695324997774,0.07623749566817413,110
0.08583715401067593,0.11156912132406435,0.7281687149889341,0.07442500967632566,111
0.08417577391981447,0.10938048528639092,0.7334462669709586,0.07299747382283603,112
0.0860280942937802,0.10915573382047816,0.7319705249347184,0.07284564695102326,113
0.08435085257511743,0.1070008587717195,0.7372076621504535,0.07144062650270953,114
0.08244723934888486,0.10455463945192582,0.7431518104539803,0.06984631074520904,115
0.08193770220000629,0.10389975410571886,0.7447429183472419,0.06941962534703287,116
0.07993362582331953,0.10132352732190425,0.751001172226846,0.06774167462793018,117
0.07775485621651101,0.0985218596110207,0.7578053293181831,0.06591795485428513,118
0.07750611752704269,0.0982019443104856,0.7585821454434055,0.06570979271906617,119
0.0746186512049635,0.09448722627849733,0.7676002979606396,0.06329382455589962,120
0.07292484492063522,0.09230724722146988,0.7728907614946365,0.06187714636325836,121
0.0721084052304103,0.09125618839159257,0.7754409802064117,0.06119442617158543,122
0.07422487504723203,0.09103994301348373,0.7736895470542022,0.06104563488508205,123
0.07258204540478257,0.08899509332980504,0.7787049361771949,0.05971792508821741,124
0.07134426797230249,0.08745397366377594,0.7824838744096699,0.058717883954251586,125
0.06869849651542707,0.08415858409744184,0.790561647555395,0.056581271831736044,126
0.06740900154191629,0.0825518000220947,0.7944987296853168,0.0555404687506723,127
0.06902564533288877,0.08240025035256032,0.7931393655438186,0.055434738770732274,128
0.06646040728613123,0.0792908364595823,0.8008262879934791,0.053422468260807404,129
0.06634665014527706,0.07915767041250232,0.7996009779550326,0.054894701487187975,130
0.06422237107323137,0.07658151326159468,0.8060217708719729,0.05317434479320101,131
0.06615514028305448,0.07641111696346926,0.8043826639360825,0.053051078817393765,132
0.06384160024231819,0.07370147781124238,0.8112132687380106,0.05124365320842881,133
0.06253547774378454,0.07217111986982115,0.8150694167005391,0.05022398568585522,134
0.06010869873910339,0.06932653489074089,0.8222336998108228,0.04833106655933286,135
0.057578842801876556,0.06635916193106373,0.8297017858216306,0.046360209445429096,136
0.056270201807286625,0.06482333065612858,0.8335646173649396,0.04534185017164517,137
0.054423854195172705,0.06265529232426395,0.8390143238128536,0.04390652966770977,138
0.05422185573399988,0.06559332540857386,0.8364485998455189,0.04373621901190732,139
0.052874990299110206,0.06392026113989742,0.8405145987110811,0.0426901498499113,140
0.05103711385582907,0.0616353144300978,0.8460630373017259,0.041264534412347204,141
0.049906828817767,0.060228821698670526,0.8494754208505881,0.04038892863297436,142
0.0497390325734672,0.05978993936845977,0.8499999208375885,0.04047110722048452,143
0.04947398489177134,0.05951752006754394,0.8499999825842682,0.04100851245641653,144
0.049487749825341626,0.059268120180167874,0.8500000569969454,0.04124407299754514,145
0.049499763740229276,0.059051203067773554,0.8499999905005098,0.04144904269148735,146
0.049515944470961894,0.058758166184027995,0.85,0.04172588934501013,147
0.04952219888921815,0.05864512568203493,0.8500000047497451,0.04183267067900179,148
0.0495366786986091,0.058383233471961324,0.8499999873340132,0.04208010049541642,149
0.04954509273621358,0.05823067451057867,0.8500000379979628,0.04222419475524502,150
0.049561643991789466,0.057931250213897646,0.8500000237487263,0.04250708204558659,151
0.04956954276627164,0.057788036706502566,0.8500000649131884,0.04264235561403741,152
0.04958429345473921,0.057521553500756196,0.850000007916242,0.04289414512826266,153
0.04959468775378716,0.05733340856681451,0.8500000205822293,0.043071883097168966,154
0.04961056117870823,0.05704648246744748,0.8499999667517854,0.043342989602058915,155
0.05013609497041186,0.056779047309068006,0.8499999715015302,0.04308488621898999,156
0.05013366438250796,0.05665878249307344,0.8500000269152233,0.04320752620919536,157
0.050130854248769674,0.05651989161843046,0.8500000791624261,0.043349174970373675,158
0.05012882035657535,0.056417557626061224,0.8500000284984717,0.04345359351889172,159
0.050764399713376665,0.05609452278024295,0.8500000094994904,0.04314106800689004,160
0.05074819762868104,0.055965287790284333,0.8499999857507649,0.04328652883026981,161
0.05011073878697085,0.05722796553334085,0.8500000031664967,0.042661292513191555,162
0.05010760789556715,0.05702343040479185,0.8499999857507649,0.04286897594887618,163
0.04980769392067122,0.05671836940080517,0.8499999192543404,0.043474017424183185,164
0.04981402061980897,0.05649607774014492,0.8500000237487263,0.04368987789131981,165
0.04982033766285639,0.05627581495389198,0.8499999952502548,0.04390385213299675,166
0.04982552064881989,0.056094113538779244,0.8500000459142054,0.04408031989819546,167
0.04983170097599757,0.05587877476147623,0.8500000047497451,0.04428951951278105,168
0.04983645939677169,0.05571340610945622,0.8499999303370771,0.04445020415669497,169
0.0498430900879053,0.05548089792247624,0.8500000094994904,0.04467600249012812,170
0.049846565603815556,0.05535988704781075,0.8499999746680267,0.04479357268034699,171
0.04985324690083277,0.05512571382587863,0.8500000379979628,0.04502100127532588,172
0.04985887070165157,0.05492992015388648,0.8499999825842682,0.04521122656019376,173
0.049863039408239065,0.05478309602036416,0.8500000902451671,0.04535377432622972,174
0.04976183899412211,0.05468090787278941,0.8499999984167516,0.045557254716336884,175
0.0497676377599004,0.054567176768657626,0.8499999620020406,0.045665223469401356,176
0.04977562005655538,0.05441011208678119,0.8499999873340132,0.04581428052265028,177
0.04978129312914363,0.05429816877812067,0.8500000522471997,0.045920485845536055,178
0.04979213429134411,0.05408493759630725,0.8500000831205479,0.04612284499180075,179
0.04979752848093152,0.053979356924231385,0.8500000189989809,0.04622309559585617,180
0.04980058522825974,0.05391945984746674,0.8499999897088857,0.046279965215387874,181
0.04980532694488067,0.053826622926658144,0.8499999374616937,0.046368112666767505,182
0.049812293490786856,0.05368937439553364,0.8499999841675165,0.046498347946163004,183
0.049819490733801916,0.05354785250980876,0.8499999944586307,0.046632662297758615,184
0.049825490477135144,0.05343016686024812,0.8499999548774236,0.04674438778519311,185
0.04983249148829708,0.053291897795915255,0.8500000546220725,0.04687555609371517,186
0.049838765786495265,0.05316948050174347,0.8499999271705809,0.04699182654118038,187
0.04975513858222624,0.05308562534989149,0.8499999849591406,0.047159251108741605,188
0.04976268510217581,0.05299075228509546,0.8499999374616937,0.04724662515103502,189
0.049771918911813484,0.052874043626696524,0.8500000126659872,0.0473540247955028,190
0.04978156500893076,0.05275251758000289,0.8500000087078662,0.047465908703200214,191
0.049788185190222406,0.05266934502978556,0.8499999509193031,0.0475425188606889,192
0.05002048720268519,0.052553084800879925,0.8499999889172615,0.0474264390791734,193
0.04981801152690547,0.05295768369181026,0.8500000799540506,0.04722422482723375,194
0.04969377597746714,0.052833338791659565,0.8499999754596509,0.047472909771222434,195
0.04978031218279729,0.052790040094964075,0.8499999311287012,0.04742971659353748,196
0.04978891231968216,0.05268044358765913,0.8500000158324841,0.047530628260174686,197
0.04956349582943521,0.05313109167598253,0.8499999715015302,0.047305440993052096,198
0.049695796743059364,0.05306486912621765,0.8499999825842682,0.04723935154645481,199
0.04970297783619361,0.05299241944798265,0.8500000087078662,0.04730459400795761,200
0.049711416332282515,0.05290740717928512,0.8500000102911146,0.0473811661973178,201
0.05000273608601819,0.052761706562447254,0.8499999976251275,0.04723555972640712,202
0.05000266151815402,0.05268962030069896,0.8500000071246178,0.047307711056529304,203
0.050214798095367115,0.052583547201472076,0.8499999952502548,0.04720165945290592,204
0.050427590810447294,0.05247714854149733,0.8499999445863105,0.04709531606174498,205
0.05042103047041393,0.052439311841836866,0.850000047497454,0.04713961019029526,206
0.05041844895378349,0.05242425977139509,0.849999986542389,0.047157304732432424,207
0.0504108209543909,0.05238016690788467,0.8500000467058296,0.04720896543189477,208
0.05040300421402771,0.05233473478189042,0.8499999604187924,0.04726230058528946,209
0.050390250177856685,0.052260815165346815,0.849999941419814,0.047348993236982426,210
0.0501070340403957,0.052827311080869396,0.8500000672880613,0.047065587590673585,211
0.05010391973057297,0.05274411944531298,0.8499999572522959,0.0471520035718181,212
0.050099989510296296,0.05264088062819903,0.8500000197906051,0.04725911007089953,213
0.05009705083390834,0.05256234525768493,0.8499999137129722,0.047340690195434514,214
0.050094038848955205,0.05248317450597706,0.8499999596271682,0.04742282701789944,215
0.04995364012748461,0.05276428694920173,0.8500000126659872,0.04728206025732647,216
0.04995500998369637,0.05268443121098934,0.8499999208375885,0.0473606379677258,217
0.049956400683950714,0.05259962830670159,0.8500000146450477,0.04744395636429998,218
0.04995769419718768,0.052522197164340756,0.8500000288942838,0.04752007974418773,219
0.04995851258418784,0.052474564255357695,0.8499999718973422,0.04756695126311224,220
0.04995919505369971,0.05243233905374679,0.8500000478932661,0.04760841799928741,221
0.04996051156807269,0.05235575481594133,0.8499999517109272,0.04768378190505875,222
0.04996151864113607,0.05229361199272817,0.8500000573927575,0.047744811973378265,223
0.04996303095560043,0.052204189860505,0.8500000178115446,0.04783276137234997,224
0.049964252153517234,0.05213198365179531,0.8499999901046977,0.04790377408998971,225
0.04996544138198655,0.052060696463129344,0.8500000047497451,0.047973857405138966,226
0.049871967017173814,0.05196814238851331,0.8500000629341277,0.04815982766018526,227
0.04987480190959359,0.05192545709823117,0.8499999006511759,0.04819984034099931,228
0.04987969780228751,0.051849585695654024,0.850000007916242,0.048270708585816516,229
0.05010358205674625,0.05173862645144646,0.8500000245403505,0.04815776695145678,230
0.050053026218009514,0.05168850460142623,0.8500000205822293,0.048258448598334884,231
0.05005124905313712,0.051631991758122775,0.8500000277068475,0.04831673148189262,232
0.050050266006214844,0.051599840918814435,0.8499999453779344,0.04834994769703623,233
0.05004885819479465,0.05155483367796931,0.8499999275663929,0.04839638056084314,234
0.05004830471586401,0.051538304478902945,0.8500000336440293,0.04841335716120373,235
0.05017481070743923,0.05147565187770536,0.8500000431435204,0.04834949427133499,236
0.05016693232646176,0.05140928605082582,0.8500000981614106,0.04842368346130173,237
0.05016282410679321,0.05137440495087067,0.8500000166241083,0.048462754318227844,238
0.050009491077366866,0.05168283560943202,0.8500000047497451,0.04830766856345598,239
0.05000929914760833,0.05165040833037355,0.850000032456593,0.048340260065425196,240
0.05000887735128401,0.051573954232088486,0.8500000023748725,0.04841716604175497,241
0.050008690185955905,0.05153751151617938,0.849999950127679,0.048453848170185686,242
0.05000841967594143,0.05149177576900536,0.8499999877298252,0.048499816825227984,243
0.04998710635948927,0.05147078604568968,0.8499999639811009,0.04854214361372014,244
0.04993834004142569,0.051422743924904375,0.8500000178115446,0.04863889822212533,245
0.04994001445297441,0.0513843369535094,0.8499999869382011,0.04867566165531513,246
0.04994125035421808,0.05135552053528013,0.8500000245403505,0.04870320457015125,247
0.04994311944292318,0.05131261438263228,0.8499999968335032,0.04874426934094131,248
0.049944860468494744,0.05127190117384991,0.850000064121564,0.048783174236091284,249
0.049945967985032216,0.0512467322769648,0.8500000142492357,0.04880728548876737,250
0.049947697773010495,0.05120731055522867,0.8499999536899875,0.04884503798177338,251
0.049949329943757496,0.051169232137591995,0.8500000043539331,0.04888143356471747,252
0.049950641806842055,0.05113872168233784,0.8500000350293717,0.04891060148144836,253
0.04995224975501389,0.05110165133004023,0.8500000300817202,0.04894606883322568,254
0.049954545096014505,0.051049183890874796,0.8499999683350337,0.04899630267807708,255
0.04995627526909958,0.05100939847801066,0.8499999513151152,0.049034374937774565,256
0.0499572547348356,0.05098643136829232,0.8499999966355972,0.0490563172612749,257
0.049958041003429716,0.05096756869835187,0.8500000850996088,0.049074305198609655,258
0.04995990444154101,0.05092543330566519,0.8499999784282414,0.04911468382455242,259
0.04996057490765613,0.05091049333342305,0.8499999109422881,0.049129020816632694,260
0.04996113201718008,0.05089698826115505,0.8499999918858521,0.049141887835812754,261
0.049962245772691746,0.050871015700177616,0.8500000257277869,0.04916671279934375,262
0.049888294360021325,0.051020515523689663,0.8499999772408051,0.04909121287548384,263
0.04989242410818152,0.050982793963758176,0.849999976449181,0.0491248054788793,264
0.049893798318596805,0.0509701725178043,0.8499999970314093,0.049136032132189617,265
0.04989629419920611,0.05094721308173307,0.8500000435393326,0.04915644917972825,266
0.04989826235198969,0.050929132921259355,0.8500000732252437,0.04917253150150724,267
0.049901931255156344,0.05089585244819085,0.8500000037602149,0.049202212536437924,268
0.04990373973434868,0.05087939534218162,0.8499999853549527,0.04921687956851697,269
0.04990669240024912,0.05085233151262352,0.8500000128638933,0.049240963223234124,270
0.04985609830865857,0.05095480208973781,0.8499999653664432,0.04918913423516048,271
0.04986262859190605,0.050911673926265034,0.8499998873914741,0.04922581009035482,272
0.04986614414294187,0.05088789123480349,0.8500000666943431,0.04924589792791156,273
0.0498671438622258,0.050881304845389795,0.8500000498723268,0.049251501420057624,274
0.04987113547349972,0.05085503675438195,0.849999964574819,0.04927386319729931,275
0.04987581386233179,0.05082397681476932,0.8499999732826845,0.049300236040214426,276
0.049882225043170116,0.05078156964503713,0.8499999236082727,0.04933628170352009,277
0.049885602546965065,0.05075906247632922,0.8499999617051816,0.049355373271524124,278
0.049887661545810945,0.05074551293114767,0.8499999180669043,0.04936690745613701,279
0.04989296061728556,0.05071012051806218,0.850000011973316,0.04939690689133625,280
0.04989416278601992,0.05070238585859612,0.8499999178689983,0.049403533486385584,281
0.04989713062045996,0.05068246419804971,0.850000008114148,0.04942039706734233,282
0.04990087686786,0.05065765794006445,0.8499999883235434,0.04944147686853218,283
0.04990462253606787,0.050632839934619506,0.8499999758554629,0.04946256167384971,284
0.0499082971842598,0.05060838505800289,0.8500000062340405,0.049483311523696796,285
0.050279549970140856,0.05096158067485457,0.8488933428036517,0.04986552655135288,286
0.05098774962717393,0.05165516538316711,0.84677448755245,0.050582597437209005,287
0.05220157534115045,0.05284511702082682,0.8431423916115612,0.05181091602646145,288
0.053703698704743515,0.05431958768274347,0.8386468871402104,0.05332982647230262,289
0.05542950087613345,0.056015933284636166,0.833481056267393,0.05507350957183744,290
0.05620664545740056,0.05678055099759136,0.8311545452609499,0.05585825828405813,291
0.056978462408768936,0.05754034414209272,0.8288438192260377,0.05663737422310071,292
0.05849022271140196,0.05902969081204298,0.8243173458649452,0.05816274061160986,293
0.05949730879855825,0.06002261898797186,0.8213016509538548,0.05917842125961515,294
0.06076451613323185,0.06127282606029349,0.8175067093331416,0.06045594847333308,295
0.0619263104299167,0.06241977648869434,0.8140271591934447,0.06162675388794428,296
0.06331244023171968,0.06378905695140413,0.8098753905474432,0.06302311226943304,297
0.06555528567172247,0.06600645057958279,0.8031568553695618,0.06528140837913288,298
0.06409356222340923,0.06466180556279069,0.8074270755911018,0.06381755662269822,299
0.06535356351636608,0.06590463699080848,0.8036559022810578,0.06508589721176763,300
0.06421058178517676,0.06485423905601231,0.806993888183132,0.06394129097567888,301
0.06578551172863914,0.06640505599835773,0.8022831232627456,0.0655263090102575,302
0.06773060861229722,0.06832220622194331,0.7964640870416609,0.06748309812409851,303
0.06999304195416203,0.07055444155951607,0.7896943508204896,0.06975816566583229,304
0.07193856152431892,0.07247577900618284,0.7838718571086218,0.07171380236087642,305
0.07420081796098575,0.07471178063852911,0.7771003581745184,0.07398704322596678,306
0.07593085471933879,0.0764150221722753,0.7719258325503607,0.07572829055802506,307
0.07589535247910989,0.07636105378845255,0.7720430796881048,0.0757005140443326,308
0.07586937900088107,0.07632156755878103,0.7721288592975406,0.0756801941427973,309
0.07585620731697901,0.0763015452918459,0.7721723589587488,0.07566988843242628,310
0.07581765201670508,0.07624293859035042,0.7722996872453286,0.07563972214761581,311
0.0758076021308746,0.07622765900705628,0.7723328785860408,0.07563186027602833,312
0.07578266767483324,0.07618975656773057,0.7724152245115465,0.07561235124588955,313
0.07576791165684209,0.07616732385103665,0.7724639574315069,0.07560080706061438,314
0.07574415811503803,0.07613121820840527,0.7725424022953867,0.07558222138116986,315
0.07572024230448056,0.076094859554197,0.7726213868407376,0.07556351130058489,316
0.07569882970961166,0.07606231129240493,0.772692101576588,0.07554675742139544,317
0.07567807070268118,0.07603075436226632,0.7727606587934296,0.07553051614162289,318
0.0756509181579824,0.0759894775656515,0.7728503314425708,0.07550927283379534,319
0.07563104747397448,0.07595927481990451,0.7729159528693877,0.07549372483673318,320
0.07560175950677313,0.07591475396051885,0.7730126766495878,0.07547080988312009,321
0.07557632159463054,0.07587608082516595,0.7730966880961422,0.07545090948406138,322
0.07555982492536106,0.07585100364833662,0.7731511687705019,0.07543800265580036,323
0.07557563887836995,0.07585098523592299,0.7731353822464341,0.07543799363927305,324
0.07555921452901833,0.0758267085261194,0.7731885823478328,0.0754254945970294,325
0.0755477621018269,0.07580977701978353,0.7732256795473283,0.0754167813310612,326
0.07552719475089706,0.07577936921277591,0.7732923029923086,0.07540113304401852,327
0.07553786503643832,0.07577935384053756,0.7732816576712266,0.07540112345179759,328
0.07553785331164359,0.07579658445262939,0.7732644471644778,0.0754011150712492,329
0.07552059581800552,0.07577102451429889,0.7733201343119473,0.07538824535574822,330
0.07550329253457297,0.07574540117805478,0.7733759670790492,0.07537533920832298,331
0.07548620414120333,0.07572009211918007,0.7734311083061451,0.07536259543347136,332
0.07548618994225065,0.07572007142801093,0.7734116703722994,0.07538206825743894,333
0.07546806476340916,0.07569322298392694,0.7734708857450661,0.07536782650759788,334
0.07545191665550717,0.07566930963728968,0.7735236382598117,0.07535513544739132,335
0.0754380342303991,0.07564874661729865,0.7735689919579548,0.07534422719434745,336
0.07542424423123621,0.07562832344438437,0.7736140421075521,0.07533339021682729,337
0.0754115975364571,0.07560959268327613,0.7736553576529717,0.07532345212729512,338
0.07539162559109049,0.07558001428522654,0.7737206033058898,0.07530775681779325,339
0.07537678128360453,0.07555803027835993,0.7737690974375695,0.07529609100046607,340
0.07538728614833269,0.075558021762316,0.7737586056463431,0.07529608644300813,341
0.07538727853831799,0.07557903265811661,0.7737376071815516,0.07529608162201377,342
0.07536950674965444,0.07555246167363219,0.7737955369317686,0.07528249464494483,343
0.07536950752801987,0.07555246071613478,0.7737889050580855,0.07528912669775982,344
0.07536949456221598,0.07555244438823637,0.7737761451758814,0.07530191587366628,345
0.07535201446723655,0.07552631092979431,0.773834042492828,0.07528763211014114,346
0.075341034359409,0.07550989083703671,0.773870413274876,0.07527866152867828,347
0.07532697090893324,0.0754888625258585,0.7739169957688424,0.07526717079636583,348
0.07533367123629885,0.07548885158358527,0.7739103152120881,0.07526716196802784,349
0.07531601045780058,0.07546297833996903,0.7739679901644353,0.07525302103779496,350
0.07531600604360392,0.07546297238095961,0.773960765838826,0.07526025573661034,351
0.07530859604528334,0.07545211669109905,0.7739851343843301,0.07525415287928738,352
0.07530035772451119,0.07544004551841181,0.7740122282317292,0.07524736852534777,353
0.07528803003773926,0.07542198397138423,0.7740527701364212,0.07523721585445534,354
0.07528022339605932,0.07541054746794693,0.7740784429325807,0.07523078620341307,355
0.07526435010811904,0.07538729248620474,0.7741306443226157,0.07521771308306047,356
0.07525628479323415,0.07537547621148624,0.7741571683554013,0.07521107063987827,357
0.07524774833523254,0.07536296975816581,0.7741852417033569,0.07520404020324464,358
0.07524017141794133,0.07535186606261454,0.7742101614067158,0.07519780111272827,359
0.07523264966431202,0.07534084607206074,0.774234897944422,0.07519160631920525,360
0.07523981018107213,0.07534084237458272,0.7742277432797087,0.07519160416463645,361
0.07523980474203627,0.07534083643500233,0.7742244207356128,0.07519493808734862,362
0.07523036676070645,0.07532742185263533,0.7742549453333387,0.0751872660533195,363
0.07522286192510595,0.0753167571064716,0.7742792164923782,0.07518116447604414,364
0.07521493319141326,0.07530548484628026,0.7743048614192174,0.07517472054308907,365
0.07520672340214124,0.075293817561787,0.7743314128206716,0.07516804621540014,366
0.07520672242033685,0.07530838746106068,0.7743168440718172,0.0751680460467853,367
0.07520368206977224,0.07530385597884456,0.774326889017151,0.07516557293423219,368
0.07520368190877733,0.07531800070667956,0.7743127438566114,0.07516557352793159,369
0.07519690071873292,0.07530741391324253,0.7743356244229135,0.07516006094511098,370
0.0751909944197103,0.0752981914977098,0.7743555539867114,0.07515526009586855,371
0.0751844665314998,0.07528799794279134,0.7743775813660899,0.07514995415961892,372
0.07518161390718209,0.07528354600049103,0.774387205417077,0.07514763467524996,373
0.07518441510801199,0.0752835449973792,0.7743844056552367,0.0751476342393721,374
0.07518441181204992,0.07529672180809116,0.7743712347525907,0.07514763162726816,375
0.07517760020631373,0.07528576309252659,0.7743944585337915,0.07514217816736805,376
0.07517228424816864,0.0752772092612628,0.7744125839126418,0.07513792257792666,377
0.07516645764493339,0.07526783308453841,0.7744324508314374,0.07513325843909076,378
0.07516363480399355,0.07526329298240439,0.7744420742261979,0.07513099798740401,379
0.07516013553701145,0.07525766194851793,0.7744540056809145,0.07512819683355602,380
0.07516013279027482,0.07526881506344835,0.7744428575500553,0.07512819459622148,381
0.07516542843652202,0.07526880916522898,0.774437572616192,0.07512818978205697,382
0.07515949727191253,0.07525917036449149,0.7744577382450999,0.07512359411849598,383
0.07515338930899555,0.07524924399672535,0.774478505100085,0.07511886159419402,384
0.07514785609198131,0.07524025449324952,0.7744973160547248,0.07511457336004429,385
0.07514245575558898,0.07523147554430483,0.7745156786806464,0.07511039001945974,386
0.07514045125916084,0.07522822091720868,0.7745224919753246,0.0751088358483057,387
0.07513578202447724,0.07522063258513997,0.7745383673071112,0.07510521808327153,388
0.07513003999983697,0.07521130784017074,0.7745578855830942,0.07510076657689796,389
0.07512600079704994,0.07520473552806807,0.7745716238357239,0.07509763983915818,390
0.07512599224672067,0.07521495426051063,0.7745614217939505,0.07509763169881821,391
0.07512111010707749,0.07520662435825116,0.7745784168332243,0.07509384870144713,392
0.0751226693200031,0.07520662317575759,0.7745768597295524,0.07509384777468699,393
0.07511794452472342,0.0751986671239985,0.7745931560708256,0.07509023228045238,394
0.07511417990679183,0.07519232655439628,0.7746061415415963,0.0750873519972154,395
0.07510936948983211,0.07518422233575384,0.7746227358166163,0.07508367235779767,396
0.07510522831044286,0.0751772483476548,0.7746370196656145,0.07508050367628775,397
0.07510147713933646,0.07517092542276396,0.7746499620337679,0.07507763540413168,398
0.07509899227681961,0.07516674074988983,0.7746585328776561,0.07507573409563455,399
0.07509760513652916,0.07516440721460832,0.7746633158133932,0.07507467183546922,400
0.07509235090576381,0.07515555675496524,0.7746814401284174,0.07507065221085336,401
0.07509565701580742,0.07515555868024773,0.7746781297633688,0.07507065454057603,402
0.07509204102351835,0.0751496777920806,0.7746902972784626,0.07506798390593843,403
0.07508814427726068,0.07514334089324018,0.774703409195771,0.07506510563372816,404
0.07508376026028554,0.07513621345970736,0.7747181595648557,0.07506186671515129,405
0.07507921075241075,0.0751288118525625,0.7747334697369835,0.07505850765804317,406
0.07507413483249062,0.07512055899308194,0.7747505484068267,0.07505475776760076,407
0.07507033087407185,0.07511437388930375,0.7747633475567146,0.07505194767990969,408
0.07507032933076863,0.0751143722287993,0.7747613071737565,0.07505399126667556,409
0.07506727777738079,0.07510941063391521,0.7747716633387441,0.07505164824995976,410
0.07506401344061019,0.07510410259676065,0.7747827419127331,0.07504914204989599,411
0.07506110947229026,0.07509937503760801,0.7747926009352197,0.07504691455488198,412
0.0750599762025632,0.07509753385213704,0.7747964460666595,0.07504604387864028,413
0.07505997546858635,0.07509790017168134,0.7747960812003868,0.07504604315934552,414
0.0750573633396102,0.07509363628755947,0.7748049625348756,0.07504403783795473,415
0.07505510314705013,0.07508994336694497,0.7748126495024249,0.07504230398358001,416
0.07505510059566516,0.07508994075621528,0.7748113725178059,0.07504358613031376,417
0.0750518894387596,0.07508470122808883,0.7748223639961406,0.07504104533701086,418
0.07504918664122535,0.0750802922638803,0.7748316146826241,0.07503890641227023,419
0.07504919156762521,0.07508029711961067,0.7748299978161896,0.07504051349657453,420
0.07504919350921595,0.07508029897111547,0.774827992768584,0.07504251475108457,421
0.07504686619399407,0.07507650179122448,0.7748361289876422,0.0750405030271391,422
0.07504392279740836,0.0750716946341418,0.7748464227678282,0.07503795980062161,423
0.07504190121167136,0.07506839629880835,0.7748534901309042,0.07503621235861616,424
0.07504044340912407,0.07506601851953489,0.7748585859764445,0.07503495209489643,425
0.07503882442238693,0.07506337587465849,0.7748642468135762,0.07503355288937825,426
0.07503938745729843,0.07506337850891233,0.7748636784857581,0.07503355554803111,427
0.07503747842081603,0.07506030720704,0.7748702853241783,0.07503192904796552,428
0.07503593663819533,0.07505782436390662,0.7748756229730343,0.07503061602486383,429
0.07503469515243542,0.07505582634238644,0.7748799200680943,0.07502955843708384,430
0.07503360949840068,0.07505407926018486,0.7748836776669868,0.07502863357442766,431
0.07503245572051942,0.07505222639211195,0.7748876681513404,0.07502764973602817,432
0.07503331430008789,0.07505222437458839,0.7748868135698013,0.07502764775552243,433
0.07503145633994597,0.07504930885535979,0.7748931281053851,0.07502610669930909,434
0.07503145844692215,0.07504931092646963,0.7748919582983976,0.07502727232821058,435
0.07502966616434098,0.07504650391052851,0.7748981119681793,0.07502571795695111,436
0.07502797822665817,0.0750438536690455,0.7749039124197638,0.0750242556845326,437
0.0750265831580787,0.07504166893087864,0.7749087021454246,0.07502304576561808,438
0.075026578937811,0.07504166469339695,0.7749079435826656,0.0750238127861264,439
0.07502530704385753,0.07503966782227044,0.7749123513083294,0.07502267382554266,440
0.07502449892067231,0.07503840119544959,0.7749151501078173,0.07502194977606083,441
0.0750232754074797,0.07503648637615597,0.7749193851933986,0.07502085302296563,442
0.07502186524522786,0.07503427264537076,0.7749242719052647,0.07501959020413669,443
0.07502186754010418,0.07503501896374792,0.7749235209935672,0.07501959250258068,444
0.07502084013549487,0.0750333724426864,0.7749271152236115,0.07501867219820726,445
0.07502020982079191,0.0750323666329645,0.7749293167082674,0.0750181068379762,446
0.07501912341094796,0.07503063121561647,0.7749331126734351,0.07501713270000031,447
0.07501865878656044,0.07502988247170858,0.7749347415190454,0.07501671722268553,448
0.07501780581779464,0.07502851982855278,0.7749377219313529,0.07501595242229957,449
0.07501780805327417,0.07502852205525792,0.7749373278854155,0.0750163420060523,450
0.07501731289059349,0.07502772815105772,0.7749390712350372,0.0750158877233114,451
0.07501636715336232,0.0750262140559083,0.7749423990319207,0.07501501975880857,452
0.07501636854496628,0.07502621544769539,0.7749422346312685,0.0750151813760698,453
0.07501558347877181,0.07502495633321757,0.7749450067228036,0.07501445346520696,454
0.07501493549415651,0.07502391719155121,0.7749472946755208,0.07501385263877142,455
0.07501418196013176,0.07502271174568086,0.7749499527061245,0.07501315358806285,456
0.07501358943490374,0.07502176246664799,0.7749520440237948,0.07501260407465352,457
0.07501409567301057,0.07502176006775572,0.7749515425759057,0.07501260168332805,458
0.07501360883960581,0.07502100824492651,0.7749532164108011,0.07501216650466662,459
0.07501404312364585,0.07502100685085274,0.7749527849092888,0.07501216511621261,460
0.07501334810403876,0.07501996656897315,0.7749551221172531,0.07501156320973497,461
0.07501285704397509,0.07501923288739755,0.7749567724880456,0.07501113758058169,462
0.07501210269543787,0.0750181028250447,0.774959309925287,0.07501048455423034,463
0.07501252328088931,0.07501810254360448,0.7749588898981411,0.07501048427736508,464
0.07501220306331241,0.0750176405938495,0.7749599404854486,0.07501021585738955,465
0.07501219950790648,0.07501786321131979,0.7749597249777864,0.07501021230298721,466
0.07501174369953333,0.07501719240440213,0.7749612319681516,0.07500983192791304,467
0.07501106559686282,0.07501620078233828,0.7749634697921025,0.07500926382869644,468
0.075011329072653,0.0750161987437447,0.774963210388764,0.07500926179483818,469
0.07501066422248245,0.07501524755561903,0.7749653697196603,0.0750087185022382,470
0.07501014360659873,0.0750145047790615,0.7749670594169283,0.0750082921974113,471
0.07501014436715343,0.07501479337562736,0.7749667692983625,0.07500829295885661,472
0.07500970724567917,0.0750141559015783,0.7749682012272141,0.07500793562552836,473
0.07500930507033299,0.07501356917160597,0.7749695188111726,0.07500760694688834,474
0.07500940611125861,0.07501356580963099,0.7749694244925657,0.07500760358654467,475
0.07500888566053562,0.0750128143064586,0.7749711167764265,0.07500718325657918,476
0.07500858093911669,0.07501237327743834,0.7749721081807783,0.07500693760266666,477
0.07500833857275244,0.075012023209682,0.7749728963128427,0.07500674190472287,478
0.07500803640494941,0.07501158884212569,0.7749738777273231,0.07500649702560173,479
0.07500773385054661,0.07501115385697457,0.7749748604375629,0.07500625185491586,480
0.07500779086450551,0.07501115889899698,0.7749747933385246,0.0750062568979729,481
0.07500792729704665,0.07501116233263505,0.7749746500366582,0.07500626033366008,482
0.0750075773888102,0.07501067008522974,0.7749757687524839,0.07500598377347623,483
0.07500728141079702,0.07501025353092232,0.7749767151324884,0.0750057499257922,484
0.07500697086382642,0.07500981698065595,0.7749777078510108,0.07500550430450677,485
0.07500663081395198,0.07500933748255613,0.7749787955933468,0.0750052361101451,486
0.07500640835279253,0.07500902433384463,0.7749795069340762,0.0750050603792866,487
0.0750061122937629,0.07500860765578246,0.7749804535762258,0.0750048264742289,488
0.07500581988233705,0.07500819658525089,0.7749813883269775,0.07500459520543451,489
0.07500560741924191,0.07500789640237326,0.7749820682355602,0.07500442794282472,490
0.07500531276778366,0.07500748428901349,0.7749830091257672,0.07500419381743555,491
0.07500509402375931,0.07500717445239964,0.7749837095114732,0.07500402201236775,492
0.07500492687246904,0.07500693671901672,0.774984245177732,0.0750038912307822,493
0.07500478493449717,0.07500674014384415,0.7749846974764654,0.07500377744519324,494
0.07500457605827592,0.07500644547638576,0.7749853656885747,0.07500361277676353,495
0.07500429458357817,0.07500604641418177,0.7749862671081251,0.07500339189411494,496
0.07500444080950508,0.07500604905549946,0.7749861155992016,0.07500339453579384,497
0.07500414542300601,0.07500564970674847,0.7749870380862559,0.07500316678398947,498
0.07500414253793522,0.07500564682116506,0.7749869486713628,0.07500326196953687,499
0.07500396750656378,0.07500540776412712,0.7749875003131594,0.0750031244161496,500
0.07500396710639909,0.07500540736395477,0.7749874365784664,0.07500318895117974,501
0.07500377610021752,0.07500514675734585,0.7749880415898427,0.07500303555259386,502
0.07500360088126481,0.07500490519407357,0.7749885977488171,0.07500289617584453,503
0.0750034644148361,0.07500472294623475,0.7749890281918447,0.07500278444708432,504
0.0750033233732071,0.07500452969329345,0.7749894753187286,0.07500267161477069,505
0.07500320304512521,0.07500436275419047,0.7749898577310657,0.07500257646961864,506
0.07500300933323546,0.07500410028011527,0.7749904704801189,0.07500241990653032,507
0.07500293460178455,0.07500400062955997,0.7749907061280055,0.07500235864064991,508
0.0750027766769122,0.07500378246191762,0.7749912075964571,0.07500223326471307,509
0.07500264999331563,0.07500361039746868,0.7749916085115204,0.07500213109769528,510
0.075002516113226,0.07500342983909025,0.7749920316106643,0.07500202243701927,511
0.07500242327771779,0.07500330134577073,0.7749923265073905,0.07500194886912104,512
0.07500227142685913,0.07500309639400189,0.7749928064732201,0.0750018257059188,513
0.07500218477141311,0.07500297702020473,0.7749930814803091,0.07500175672807306,514
0.07500207350971341,0.07500282346137006,0.7749934347081068,0.0750016683208097,515
0.0750019859629694,0.07500270702604012,0.7749937106301806,0.07500159638080975,516
0.07500189386132669,0.07500257961558808,0.7749940031652468,0.07500152335783843,517
0.07500178643695658,0.07500243384554056,0.7749943430680101,0.07500143664949283,518
0.07500178489942769,0.0750024323079984,0.7749943271807059,0.07500145561186804,519
0.07500179089653738,0.0750024383048188,0.7749942699407865,0.07500150085785741,520
0.07500171652459812,0.07500233910339561,0.7749945067624903,0.07500143760951604,521
0.07500166220780663,0.07500226312816778,0.7749946816686035,0.07500139299542208,522
0.07500158762989026,0.07500216362231901,0.7749949191623511,0.07500132958543951,523
0.07500158762989026,0.07500216362231901,0.7749949191623511,0.07500132958543951,524
0.07500151954011934,0.07500207156791631,0.7749951366601588,0.07500127223180544,525
0.07500152584274439,0.07500211304541093,0.774995082577435,0.07500127853440972,526
0.07500144739209948,0.07500200604728414,0.7749953344534305,0.07500121210718573,527
0.07500140174505568,0.07500194172105816,0.7749954822068509,0.0750011743270353,528
0.07500132680479947,0.07500184001933606,0.7749957225182694,0.07500111065759495,529
0.07500133139213042,0.07500190265031022,0.7749956507126468,0.07500111524491267,530
0.07500129144173025,0.07500184505879037,0.7749957815301883,0.0750010819692911,531
0.0750012857923154,0.07500191473356811,0.7749957231542244,0.07500107631989202,532
0.07500121808896543,0.07500181464287528,0.7749959478647795,0.07500101940337965,533
0.07500121668706469,0.07500181324096339,0.7749959333787829,0.07500103669318889,534
0.07500117029502944,0.07500173955506674,0.7749960916137529,0.0750009985361509,535
0.07500111096931818,0.075001653246891,0.7749962884318864,0.07500094735190432,536
0.0750010687036772,0.07500158928481455,0.7749964303788772,0.07500091163263105,537
0.07500101357551481,0.07500150990630368,0.7749966126971011,0.07500086382108033,538
0.07500098439230254,0.07500146463370044,0.7749967114814812,0.07500083949251585,539
0.07500092548438406,0.07500137610440291,0.7749969088892419,0.07500078952197117,540
0.07500087495701771,0.07500130141221077,0.7749970773449731,0.07500074628579839,541
0.075000873186731,0.07500129964191399,0.7749970590522929,0.07500076811906203,542
0.07500084382224995,0.07500125402586437,0.7749971593933733,0.07500074275851235,543
0.07500079761657416,0.07500118641095457,0.7749973141450739,0.07500070182739745,544
0.07500075859114763,0.07500112774545051,0.7749974460225227,0.07500066764087918,545
0.07500072875114301,0.07500108134362306,0.7749975480239161,0.0750006418813179,546
0.07500068002809303,0.07500101248637203,0.7749977093666469,0.07500059811888794,547
0.07500064163104227,0.07500095485942462,0.7749978390499686,0.07500056445956449,548
0.07500066314561987,0.075000953114976,0.774997821024279,0.07500056271512494,549
0.07500064729141452,0.07500092809052573,0.7749978745810778,0.07500055003698196,550
0.07500060704007121,0.07500086972870243,0.7749980071730883,0.07500051605813808,551
0.07500057512515741,0.07500082452515601,0.7749981116039625,0.07500048874572414,552
0.0750005520027166,0.07500079061406642,0.7749981880232764,0.07500046935994067,553
0.0750005509669252,0.07500080338872206,0.7749981773202024,0.07500046832415042,554
0.07500052869179377,0.07500077293380748,0.7749982496473107,0.07500044872708793,555
0.07500052811925785,0.0750007723612697,0.7749982437311613,0.075000455788311,556
0.07500050850445414,0.07500074344318979,0.7749983091236488,0.07500043892870721,557
0.07500048483795944,0.07500070798419262,0.7749983884234048,0.07500041875444308,558
0.07500045234237948,0.07500066101832129,0.7749984960952655,0.07500039054403364,559
0.07500045144503749,0.07500066012097678,0.7749984868228054,0.07500040161118027,560
0.07500043113361034,0.07500062729892802,0.7749985572799659,0.07500038428749577,561
0.07500040190762816,0.07500058833195249,0.7749986523726691,0.07500035738775022,562
0.0750003848176259,0.07500056346895345,0.7749987095593655,0.07500034215405516,563
0.07500036760221972,0.07500053564981869,0.7749987692771405,0.07500032747082114,564
0.07500035384877204,0.07500051617860203,0.7749988148897307,0.07500031508289526,565
0.0750003715506222,0.07500051957615324,0.7749987903928156,0.07500031848040893,566
0.07500035506084839,0.07500049665769985,0.7749988439864407,0.07500030429501103,567
0.07500033328420791,0.07500046801672436,0.7749989137192601,0.07500028497980753,568
0.07500031566491079,0.07500044336470225,0.774998971088956,0.0750002698814309,569
0.07500031513400311,0.07500044283379367,0.7749989656029403,0.07500027642926282,570
0.07500030290965884,0.07500042405717187,0.7749990068422574,0.07500026619091194,571
0.07500028720151493,0.07500040472163975,0.7749990564946654,0.07500025158217984,572
0.07500028088671365,0.07500039502207198,0.7749990777979266,0.0750002462932876,573
0.07500029322390848,0.07500039402175332,0.7749990674613672,0.0750002452929709,574
0.07500028260747073,0.07500037865517126,0.7749991018019832,0.07500023693537483,575
0.07500027230426556,0.07500036374176976,0.7749991351296446,0.07500022882432006,576
0.07500028250344742,0.07500036291480482,0.7749991265843912,0.0750002279973566,577
0.07500029036189233,0.07500036227763034,0.7749991200002941,0.07500022736018326,578
0.0750002735563497,0.07500034148358305,0.7749991709113035,0.07500021404876372,579
0.07500027917385493,0.07500034102810745,0.7749991662047487,0.0750002135932889,580
0.07500028282895072,0.07500035555311813,0.7749991443695355,0.07500021724839567,581
0.07500026380003263,0.07500033310992278,0.7749992017916664,0.07500020129837816,582
0.07500025529569382,0.07500032172740496,0.774999227587365,0.07500019538953623,583
0.07500023522170295,0.07500029788545799,0.7749992881794739,0.07500017871336505,584
0.07500022552824114,0.07500028491130913,0.7749993175821186,0.07500017197833099,585
0.07500021678526693,0.07500027320935274,0.77499934410171,0.07500016590367034,586
0.07500021660064714,0.0750002730247328,0.7749993421939794,0.07500016818064074,587
0.07500020910250178,0.07500026298608609,0.774999365048774,0.07500016286263811,588
0.07500021379255936,0.07500026260580973,0.7749993611192687,0.07500016248236226,589
0.07500020220542544,0.07500024889686571,0.7749993957721563,0.07500015312555258,590
0.07500020705745603,0.07500024850345642,0.7749993917069437,0.0750001527321438,591
0.07500020018292082,0.07500023986423252,0.7749994117822097,0.07500014817063702,592
0.0750002051476571,0.07500023946168496,0.774999407622568,0.07500014776808996,593
0.07500019661046513,0.07500022908842313,0.774999431999946,0.07500014230116572,594
0.07500018886882137,0.07500021968177958,0.7749994541057446,0.07500013734365445,595
0.07500016596378231,0.07500019473492062,0.7749995214483034,0.07500011785299358,596
0.07500015732070607,0.0750001842329945,0.7749995461280504,0.07500011231824885,597
0.07500015111944319,0.07500017669802932,0.7749995638353548,0.07500010834717252,598
0.07500014572550148,0.07500017014405604,0.774999579237367,0.0750001048930756,599
0.07500013973906063,0.07500016287011224,0.77499959633127,0.07500010105955708,600
0.07500013940293845,0.0750001670156105,0.774999592858016,0.07500010072343509,601
0.07500013756507633,0.07500016470444182,0.7749995981818804,0.07500009954860147,602
0.07500013725324092,0.07500016855040409,0.7749995949595888,0.07500009923676622,603
0.07500013434596416,0.07500016477710394,0.7749996034954915,0.07500009738144049,604
0.07500012739573059,0.07500015708816019,0.7749996241876057,0.07500009132850345,605
0.07500012722115795,0.07500015686157585,0.7749996247001751,0.07500009121709093,606
0.07500012586025558,0.07500015509529478,0.7749996286958337,0.07500009034861581,607
0.07500012553218573,0.07500015914148218,0.7749996253057859,0.07500009002054611,608
0.07500012286291403,0.0750001555550849,0.7749996332616675,0.07500008832033356,609
0.07500012213200909,0.07500015457306003,0.774999635440136,0.07500008785479491,610
0.07500011954588605,0.07500015109833966,0.7749996431482271,0.0750000862075472,611
0.0750001170740617,0.07500014777719677,0.7749996505156461,0.0750000846330954,612
0.07500011674075874,0.07500015188792644,0.7749996470715222,0.07500008429979256,613
0.07500011480997372,0.07500014919485722,0.7749996529225823,0.07500008307258674,614
0.07500011237530625,0.07500014579896781,0.774999660300602,0.07500008152512398,615
0.0750001109963668,0.07500014387561069,0.7749996644793423,0.07500008064868022,616
0.07500011041765467,0.07500014306841649,0.7749996662330788,0.07500008028084999,617
0.07500011017948961,0.07500014600578064,0.7749996637720447,0.07500008004268505,618
0.07500010813413363,0.07500014307182017,0.7749996700492193,0.07500007874482692,619
0.07500010504215973,0.07500013863653714,0.77499967953846,0.07500007678284305,620
0.07500010374407498,0.07500013677449476,0.7749996835222853,0.07500007595914494,621
0.07500010348222114,0.07500013651264079,0.7749996808164671,0.07500007918867105,622
0.0750001023366142,0.07500013486759348,0.7749996843854061,0.0750000784103862,623
0.07500010561507262,0.07500013460177202,0.7749996816385905,0.07500007814456493,624
0.07500010395931657,0.07500013232989741,0.7749996866380888,0.07500007707269725,625
0.07500010379686335,0.07500013216744413,0.7749996849594085,0.07500007907628403,626
0.07500010164002012,0.07500012920631642,0.7749996915334003,0.07500007762026314,627
0.07500009925201995,0.07500012592780744,0.7749996988119972,0.0750000760081755,628
0.07500009882360364,0.07500013121160083,0.7749996943850362,0.07500007557975932,629
0.07500009811498617,0.07500013018021227,0.7749996966020299,0.07500007510277162,630
0.07500009759365082,0.0750001294214136,0.7749996982330828,0.07500007475185282,631
0.07500009685401851,0.07500012834491304,0.7749997005470716,0.07500007425399684,632
0.07500008596253196,0.0750001165648751,0.7749997334724035,0.07500006400018937,633
0.07500008406055524,0.0750001137965978,0.7749997394229096,0.07500006271993735,634
0.07500008163669282,0.07500011026870859,0.7749997470061976,0.07500006108840093,635
0.07500008096242955,0.07500010928732752,0.7749997491156949,0.07500006063454796,636
0.07500007975438899,0.07500010752906411,0.7749997528951554,0.07500005982139143,637
0.07500007790498503,0.07500010483729061,0.7749997586811931,0.0750000585765313,638
0.07500007625961465,0.07500010244247546,0.7749997638289073,0.07500005746900258,639
0.07500007545331372,0.07500010126891637,0.7749997663515067,0.07500005692626321,640
0.07500007524230737,0.07500010105790994,0.7749997641711105,0.07500005952867222,641
0.07500007367217179,0.07500009876996293,0.7749997691623876,0.07500005839547771,642
0.07500007239619708,0.07500009691063274,0.7749997732185877,0.07500005747458245,643
0.0750000720242006,0.07500009636855369,0.7749997744011443,0.07500005720610138,644
0.07500006980642934,0.07500009313685943,0.7749997814512216,0.07500005560548967,645
0.07500006847571909,0.0750000911977755,0.7749997856814089,0.07500005464509647,646
0.07500006753460155,0.07500008982639597,0.7749997886731247,0.07500005396587783,647
0.07500006748321274,0.07500008977500715,0.7749997881421076,0.07500005459967253,648
0.07500006724896256,0.07500009266408975,0.7749997857215253,0.0750000543654224,649
0.07500006599908922,0.07500009075889005,0.7749997897942787,0.07500005344774195,650
0.07500006578484547,0.07500009340122711,0.7749997875804292,0.07500005323349823,651
0.07500006461125927,0.07500009153818718,0.7749997914772958,0.07500005237325777,652
0.07500006368040629,0.07500009006051125,0.7749997945681405,0.07500005169094195,653
0.07500006287700894,0.07500008878514305,0.7749997972357977,0.07500005110205032,654
0.0750000620339943,0.07500008744687664,0.7749998000350183,0.07500005048411072,655
0.07500006104005215,0.07500008586902475,0.774999803335374,0.07500004975554914,656
0.07500006020653513,0.07500008454585147,0.7749998061030358,0.07500004914457764,657
0.07500005915695793,0.07500008287967955,0.7749998095881276,0.07500004837523491,658
0.07500005340816106,0.07500007637984125,0.7749998272442179,0.0750000429677798,659
0.07500005337379372,0.0750000763252874,0.7749998273583334,0.07500004294258557,660
0.07500004357461576,0.07500006602177427,0.7749998570309871,0.07500003337262279,661
0.07500004194883812,0.07500006344091374,0.7749998624293254,0.0750000321809227,662
0.07500004341243303,0.07500006332224378,0.7749998612030703,0.07500003206225278,663
0.0750000432867479,0.0750000648723593,0.774999859904325,0.07500003193656768,664
0.07500004227772278,0.07500006328898841,0.7749998632037443,0.07500003122954445,665
0.0750000417474606,0.07500006245690906,0.7749998649376376,0.07500003085799262,666
0.07500004134341652,0.07500006182287301,0.774999866258831,0.07500003057487933,667
0.07500004091169886,0.07500006114542486,0.7749998676705023,0.07500003027237383,668
0.07500004060804255,0.0750000606689113,0.7749998686634466,0.07500003005959947,669
0.07500004023147018,0.07500006007800021,0.7749998698947926,0.07500002979573692,670
0.0750000391398424,0.07500005836501006,0.7749998734643131,0.07500002903083439,671
0.07500003895661503,0.07500006062481311,0.7749998715709647,0.07500002884760704,672
0.07500003887340316,0.0750000616510923,0.7749998707111093,0.07500002876439517,673
0.07500003845649487,0.07500006095079123,0.7749998721194573,0.07500002847325649,674
0.07500003783823385,0.07500005991225137,0.7749998742080018,0.07500002804151289,675
0.075000037121634,0.07500005870855325,0.7749998766287135,0.07500002754109916,676
0.07500003674422522,0.07500005807460662,0.7749998779036203,0.07500002727754773,677
0.07500003593918803,0.07500005672234861,0.7749998806230928,0.07500002671537044,678
0.07500003574392462,0.07500005639435939,0.7749998812826943,0.07500002657902168,679
0.07500003494456964,0.0750000550516347,0.7749998839829814,0.0750000260208142,680
0.07500003436690486,0.07500005408130989,0.7749998859343663,0.07500002561741886,681
0.07500003378257657,0.07500005309978117,0.7749998879082695,0.07500002520937266,682
0.07500003373007494,0.07500005304727954,0.7749998873657531,0.07500002585689237,683
0.07500003309788393,0.07500005198457074,0.7749998895173701,0.07500002540017518,684
0.07500003260581009,0.07500005115738369,0.7749998911921243,0.07500002504468184,685
0.07500003229244512,0.07500005063061436,0.7749998922586478,0.07500002481829261,686
0.07500003221177362,0.07500005054994284,0.7749998914250428,0.07500002581324067,687
0.0750000317455291,0.07500004976522957,0.7749998930311215,0.07500002545811969,688
0.07500003127720142,0.07500004897701204,0.7749998946443823,0.07500002510140404,689
0.0750000304245352,0.07500004754193179,0.7749998975815764,0.07500002445195655,690
0.07500002983692448,0.0750000465529462,0.7749998996057408,0.07500002400438847,691
0.07500002933947085,0.07500004571570754,0.7749999013193255,0.07500002362549597,692
0.075000028960973,0.07500004507867876,0.7749999026231413,0.07500002333720686,693
0.0750000283121963,0.07500004398675081,0.7749999048580032,0.07500002284304956,694
0.07500002797923253,0.07500004342634943,0.774999906004977,0.07500002258944095,695
0.07500002727358171,0.07500004223870557,0.7749999084357442,0.07500002205196848,696
0.07500002702552289,0.07500004182120543,0.774999909290243,0.07500002186302858,697
0.07500002695721239,0.07500004170623181,0.7749999095255555,0.07500002181100017,698
0.07500002640939307,0.07500004078423185,0.7749999114126319,0.07500002139374307,699
0.0750000255642999,0.07500003936189382,0.7749999143237476,0.07500002075005854,700
0.07500002537918014,0.07500003905032235,0.7749999149614393,0.07500002060905815,701
0.07500002524495046,0.07500003882440602,0.7749999154238263,0.0750000205068171,702
0.07500002492971115,0.07500003829384563,0.7749999165097308,0.07500002026671235,703
0.07500002492971115,0.07500003829384563,0.7749999165097308,0.07500002026671235,704
0.07500002574747888,0.07500003822754012,0.7749999158245741,0.07500002020040684,705
0.07500002570135336,0.07500003818141458,0.7749999153479439,0.07500002076928802,706
0.07500002529838297,0.07500003753114869,0.7749999167064261,0.07500002046404211,707
0.07500002505712718,0.07500003714184957,0.7749999175197307,0.0750000202812924,708
0.07500002498924985,0.07500003707397222,0.774999916818332,0.0750000211184458,709
0.0750000243766095,0.07500003608406924,0.7749999189126808,0.07500002062664032,710
0.07500002387967378,0.07500003528112589,0.7749999206114816,0.07500002022771864,711
0.07500002307957793,0.07500003398834151,0.7749999233466444,0.07500001958543608,712
0.07500002274903539,0.07500003345425515,0.7749999244766218,0.07500001932008761,713
0.07500002268932014,0.07500003335776932,0.7749999246807608,0.07500001927214961,714
0.07500002235052917,0.07500003281035948,0.7749999258389243,0.07500001900018696,715
0.07500002320084075,0.07500003274141526,0.7749999251265012,0.07500001893124277,716
0.07500002427970842,0.07500003265393947,0.774999924222585,0.07500001884376697,717
0.07500002415879893,0.07500003247950479,0.7749999246040896,0.07500001875760658,718
0.07500002407265048,0.07500003354200195,0.7749999237138894,0.07500001867145814,719
0.0750000232764801,0.07500003234284018,0.774999926275533,0.07500001810514653,720
0.07500002279363345,0.07500003161559173,0.7749999278290752,0.07500001776169948,721
0.07500002241389814,0.07500003104365639,0.7749999290508481,0.07500001749159735,722
0.07500002198505921,0.07500003039774668,0.774999930430629,0.07500001718656515,723
0.07500002159740769,0.07500002981388768,0.7749999316778716,0.075000016910833,724
0.07500002152410168,0.0750000297034771,0.7749999319137307,0.07500001685869048,725
0.07500002152410168,0.0750000297034771,0.7749999319137307,0.07500001685869048,726
0.07500002242610448,0.07500002963034172,0.7749999311579987,0.07500001678555511,727
0.075000022187749,0.07500002929134673,0.7749999318949019,0.07500001662600235,728
0.07500002169938075,0.0750000285967648,0.774999933404769,0.0750000162990854,729
0.07500002163973511,0.07500002933239411,0.774999932788431,0.07500001623943976,730
0.07500002132695009,0.07500002887176825,0.7749999337708398,0.07500001603044194,731
0.0750000212794578,0.07500002945750632,0.7749999332800862,0.07500001598294966,732
0.0750000210044431,0.07500002904117178,0.774999934154927,0.07500001579945818,733
0.07500002047008403,0.07500002823223414,0.7749999358547472,0.07500001544293462,734
0.07500001991280301,0.07500002738858487,0.7749999376274962,0.0750000150711159,735
0.07500001955761437,0.0750000268508809,0.7749999387573725,0.07500001483413227,736
0.075000019316024,0.07500002648514983,0.7749999395258829,0.07500001467294334,737
0.0750000198683063,0.07500002644037018,0.7749999390631599,0.07500001462816369,738
0.07500001982623429,0.07500002637923431,0.7749999391932385,0.07500001460129285,739
0.07500001977849168,0.07500002696805982,0.7749999386998982,0.07500001455355024,740
0.07500001936662871,0.07500002635076652,0.7749999399916201,0.07500001429098473,741
0.07500001913159896,0.07500002599850433,0.7749999407287477,0.07500001414114904,742
0.07500002003697841,0.07500002592509515,0.7749999399701866,0.07500001406773989,743
0.07500001957232148,0.07500002527396694,0.7749999413615914,0.07500001379212018,744
0.0750000195565798,0.07500002546811427,0.7749999411989275,0.0750000137763785,745
0.07500001931242656,0.07500002512226105,0.7749999419336494,0.07500001363166305,746
0.0750000145017798,0.07500002016987135,0.7749999563687345,0.0750000089596142,747
0.07500001412592965,0.07500001963741582,0.7749999574998147,0.0750000087368398,748
0.07500001383811461,0.07500001922971979,0.774999958365919,0.07500000856624654,749
0.07500001382045528,0.07500001944751832,0.7749999581834391,0.0750000085485872,750
0.07500001360816048,0.0750000191428068,0.774999958826157,0.07500000842287559,751
0.07500001359302073,0.07500001912766703,0.7749999586697129,0.07500000860959924,752
0.0750000132699727,0.07500001866382143,0.7749999596528822,0.07500000841332358,753
0.07500001301179404,0.07500001829312124,0.7749999604386216,0.07500000825646298,754
0.07500001275626517,0.07500001792622722,0.7749999612162972,0.07500000810121031,755
0.07500001239165496,0.07500001740270504,0.7749999623259569,0.07500000787968299,756
0.07500001206368202,0.07500001693178868,0.7749999633241141,0.07500000768041508,757
0.07500001172824947,0.07500001645016373,0.77499996434497,0.07500000747661677,758
0.0750000114819002,0.07500001609644703,0.7749999650947114,0.07500000732694129,759
0.07500001147247486,0.0750000160829112,0.7749999651234013,0.07500000732121254,760
0.07500001118969177,0.0750000156768836,0.7749999659840217,0.07500000714940289,761
0.07500001081232203,0.075000015135041,0.7749999671325133,0.07500000692012358,762
0.0750000107021744,0.07500001497689086,0.7749999674677319,0.0750000068532027,763
0.07500001066352917,0.07500001545351523,0.774999967068398,0.07500000681455747,764
0.07500001047795303,0.07500001517695054,0.7749999676430028,0.0750000067020935,765
0.07500001030158776,0.07500001491411223,0.7749999681890877,0.0750000065952122,766
0.07500001008210246,0.07500001458701346,0.774999968868684,0.07500000646219995,767
0.0750000100166021,0.07500001448939568,0.7749999690714974,0.07500000642250473,768
0.0750000097311433,0.07500001406397686,0.7749999699553691,0.07500000624951063,769
0.07500000937871924,0.07500001353876035,0.7749999710465848,0.07500000603593548,770
0.07500000935567794,0.07500001351571904,0.7749999708084914,0.07500000632011154,771
0.07500000909454461,0.07500001312620132,0.7749999716265952,0.07500000615265884,772
0.0750000090059184,0.07500001299400373,0.7749999719042502,0.07500000609582763,773
0.07500000881157161,0.07500001270411026,0.7749999725131169,0.07500000597120106,774
0.07500000858142392,0.07500001236081308,0.774999973234144,0.07500000582361886,775
0.07500000896080866,0.07500001233005216,0.7749999729162812,0.07500000579285794,776
0.07500000891554784,0.07500001226588644,0.7749999730531947,0.0750000057653709,777
0.0750000089111432,0.0750000122596415,0.7749999730665192,0.07500000576269598,778
0.0750000088218985,0.07500001213312174,0.77499997333648,0.07500000570849968,779
0.07500000853462409,0.07500001172586064,0.7749999742054726,0.07500000553404258,780
0.0750000084780425,0.07500001164564729,0.7749999743766283,0.07500000549968189,781
0.07500000831415443,0.07500001141330731,0.7749999748723825,0.07500000540015565,782
0.07500000811026453,0.07500001112426065,0.774999975489137,0.07500000527633771,783
0.07500000797272903,0.07500001092928044,0.7749999759051759,0.07500000519281455,784
0.07500000794777759,0.07500001123701486,0.7749999756473444,0.0750000051678631,785
0.07500000778775752,0.07500001100237538,0.7749999761389593,0.0750000050709077,786
0.07500000763230451,0.0750000107744328,0.7749999766165417,0.0750000049767208,787
0.07500000748680549,0.07500001056108584,0.7749999770635455,0.07500000488856302,788
0.0750000079099238,0.07500001052677895,0.7749999767090411,0.07500000485425613,789
0.07500000781933067,0.07500001040239505,0.7749999769751543,0.07500000480311987,790
0.0750000076664721,0.07500001019252343,0.774999977424167,0.07500000471683738,791
0.07500000761684551,0.0750000101243872,0.7749999775699425,0.07500000468882462,792
0.07500000740035813,0.07500000982715019,0.7749999782058649,0.07500000456662669,793
0.0750000072412818,0.07500000960874,0.7749999786731454,0.07500000447683272,794
0.07500000705681459,0.07500000935546827,0.7749999792150087,0.07500000437270835,795
0.0750000070254984,0.07500000931247076,0.7749999793069993,0.07500000435503147,796
0.075000006937951,0.07500000919226948,0.7749999795641659,0.07500000430561357,797
0.0750000069221176,0.07500000917643608,0.7749999794005541,0.07500000450089218,798
0.0750000068987184,0.07500000914428744,0.7749999794701024,0.07500000448689169,799
0.07500000676029246,0.07500000895409402,0.7749999798815472,0.07500000440406615,800
0.07500000658349686,0.07500000871117975,0.7749999804070415,0.07500000429828174,801
0.07500000646923012,0.07500000855418097,0.7749999807466776,0.07500000422991118,802
0.07500000631719392,0.07500000834528758,0.7749999811985758,0.07500000413894257,803
0.07500000623237356,0.07500000822874683,0.774999981450689,0.07500000408819052,804
0.07500000621654329,0.07500000820699684,0.7749999814977411,0.07500000407871872,805
0.0750000061089305,0.07500000805913937,0.7749999818176004,0.07500000401432957,806
0.07500000607795893,0.07500000844112191,0.774999981497561,0.07500000398335802,807
0.0750000060291095,0.07500000837000317,0.7749999816466406,0.07500000395424657,808
0.07500000600029001,0.07500000872544343,0.7749999813488394,0.07500000392542709,809
0.07500000597697873,0.07500000868969098,0.774999981421742,0.07500000391158822,810
0.07500000597051987,0.07500000868323212,0.7749999813550004,0.07500000399124758,811
0.0750000058331195,0.07500000847241003,0.7749999817870513,0.07500000390741902,812
0.07500000571015629,0.07500000828373894,0.7749999821737068,0.07500000383239791,813
0.07500000558545601,0.07500000809240175,0.7749999825658251,0.07500000375631695,814
0.07500000578106365,0.07500000807654167,0.7749999824019377,0.07500000374045687,815
0.07500000570624313,0.07500000796657637,0.7749999826303015,0.07500000369687891,816
0.07500000569197364,0.07500000794560423,0.7749999826738547,0.07500000368856732,817
0.07500000553149683,0.07500000770974906,0.7749999831636549,0.07500000359509913,818
0.07500000564930062,0.0750000077001974,0.7749999830649544,0.07500000358554747,819
0.07500000556076968,0.07500000757348321,0.7749999833303088,0.07500000353543822,820
0.07500000546450557,0.07500000743570254,0.7749999836188396,0.07500000348095226,821
0.07500000542804722,0.07500000738351988,0.774999983728116,0.07500000346031681,822
0.07500000528804873,0.07500000718314036,0.7749999841477335,0.07500000338107728,823
0.07500000519734484,0.07500000705331665,0.7749999844195996,0.07500000332973879,824
0.07500000504467075,0.07500000683479567,0.7749999848772091,0.07500000324332434,825
0.07500000492291377,0.0750000066605256,0.7749999852421507,0.07500000317440977,826
0.07500000486386581,0.07500000657601046,0.7749999854191354,0.0750000031409882,827
0.07500000478017617,0.07500000645622612,0.7749999856699781,0.0750000030936195,828
0.07500000471370089,0.07500000636108044,0.7749999858692244,0.07500000305599425,829
0.07500000463850764,0.0750000062534576,0.7749999860945995,0.07500000301343512,830
0.07500000458742336,0.07500000618034026,0.7749999862477154,0.07500000298452089,831
0.07500000448821298,0.07500000603834145,0.7749999865450778,0.07500000292836762,832
0.0750000044313705,0.07500000595698347,0.7749999867154513,0.07500000289619453,833
0.07500000439007287,0.07500000589787431,0.7749999868392329,0.07500000287281988,834
0.07500000432779418,0.07500000580873532,0.7749999870259003,0.07500000283757002,835
0.0750000042903024,0.07500000575507382,0.774999987138274,0.07500000281634966,836
0.075000004214687,0.07500000564684493,0.7749999873649173,0.07500000277355068,837
0.07500000411184078,0.07500000549964221,0.7749999876731777,0.0750000027153392,838
0.07500000405502436,0.07500000541832227,0.7749999878434716,0.07500000268318172,839
0.07500000395020849,0.07500000526829946,0.7749999881576368,0.07500000262385524,840
0.07500000387725601,0.07500000516388326,0.7749999883762971,0.07500000258256365,841
0.07500000373313627,0.07500000495760525,0.774999988808267,0.07500000250099144,842
0.0750000038250197,0.07500000495015524,0.7749999887312836,0.07500000249354144,843
0.0750000038124764,0.07500000510485594,0.7749999886016695,0.07500000248099814,844
0.07500000373468385,0.07500000499261361,0.7749999888340056,0.07500000243869698,845
0.07500000384153907,0.07500000498394968,0.7749999887444782,0.07500000243003305,846
0.07500000376641568,0.07500000487970913,0.7749999889629896,0.07500000239088554,847
0.07500000372490602,0.07500000482211079,0.774999989083729,0.0750000023692542,848
0.07500000371944524,0.07500000481665,0.7749999890273009,0.07500000243660385,849
0.07500000363409039,0.07500000469814856,0.7749999892777573,0.07500000239000378,850
0.07500000359397285,0.07500000464245193,0.7749999893954738,0.07500000236810143,851
0.07500000352448187,0.07500000454597476,0.7749999895993813,0.07500000233016212,852
0.07500000344546891,0.07500000443627856,0.7749999898312279,0.07500000228702466,853
0.07500000343512474,0.07500000442191694,0.7749999898615814,0.07500000228137697,854
0.07500000343119718,0.07500000441798939,0.7749999898209966,0.07500000232981685,855
0.07500000335896098,0.07500000431765699,0.7749999900344435,0.07500000228893847,856
0.07500000335711432,0.07500000431509157,0.7749999900399007,0.07500000228789339,857
0.07500000331890468,0.07500000426202205,0.7749999901528022,0.07500000226627114,858
0.07500000325456628,0.07500000417265856,0.7749999903429134,0.07500000222986174,859
0.07500000324957358,0.07500000416766585,0.7749999902913222,0.07500000229143845,860
0.0750000032390931,0.07500000429692515,0.7749999901830238,0.07500000228095796,861
0.07500000319381069,0.0750000042312162,0.7749999903207997,0.07500000225417343,862
0.075000003180288,0.07500000439799595,0.7749999901810654,0.07500000224065075,863
0.07500000311985627,0.07500000430537551,0.7749999903697082,0.07500000220506003,864
0.07500000304709713,0.0750000041938627,0.774999990596839,0.0750000021622012,865
0.07500000302868394,0.07500000416564247,0.7749999906543139,0.07500000215135973,866
0.07500000302534374,0.07500000416230226,0.7749999906197984,0.07500000219255566,867
0.07500000300116054,0.0750000041252185,0.7749999906957992,0.07500000217782181,868
0.07500000297296106,0.07500000408197549,0.7749999907844222,0.07500000216064127,869
0.07500000292802109,0.07500000401306137,0.7749999909256563,0.07500000213326126,870
0.07500000285640557,0.07500000390324196,0.7749999911507232,0.07500000208962936,871
0.07500000283335892,0.07500000386790048,0.7749999912231527,0.07500000207558795,872
0.07500000277819052,0.07500000378330231,0.7749999913965305,0.07500000204197665,873
0.07500000273540858,0.07500000371769794,0.7749999915309819,0.07500000201591166,874
0.07500000273262565,0.0750000037134302,0.774999991539728,0.07500000201421621,875
0.07500000269974245,0.07500000366300481,0.774999991643071,0.07500000199418173,876
0.07500000269646348,0.07500000365972584,0.7749999916091882,0.07500000203462244,877
0.07500000269646348,0.07500000365972584,0.7749999916091882,0.07500000203462244,878
0.0750000026546204,0.07500000359551998,0.7749999917417152,0.07500000200814441,879
0.07500000262675031,0.07500000355275536,0.7749999918299861,0.07500000199050824,880
0.07500000261230924,0.07500000353059669,0.7749999918757243,0.07500000198136982,881
0.07500000258779795,0.07500000349298543,0.7749999919533573,0.07500000196585933,882
0.07500000255089334,0.07500000343635793,0.7749999920702426,0.0750000019425061,883
0.07500000248061628,0.07500000332852225,0.7749999922928267,0.07500000189803485,884
0.07500000252731362,0.07500000332473598,0.7749999922537019,0.07500000189424857,885
0.07500000252731362,0.07500000332473598,0.7749999922537019,0.07500000189424857,886
0.07500000245447329,0.07500000321633186,0.7749999924795531,0.07500000184964176,887
0.07500000241390817,0.07500000315596082,0.7749999926053308,0.07500000182480018,888
0.07500000240959939,0.07500000315165205,0.7749999925608068,0.07500000187794179,889
0.07500000237670187,0.07500000310264697,0.7749999926640662,0.07500000185658504,890
0.0750000023435009,0.07500000305318943,0.7749999927682785,0.0750000018350312,891
0.0750000023198977,0.07500000301802938,0.7749999928423646,0.07500000181970826,892
0.07500000238546814,0.07500000301271285,0.7749999927874273,0.07500000181439173,893
0.07500000245807252,0.07500000300682601,0.7749999927265966,0.0750000018085049,894
0.07500000244295617,0.07500000298640569,0.7749999927709715,0.07500000179966664,895
0.07500000240232797,0.07500000293152267,0.7749999928902374,0.07500000177591205,896
0.07500000239938755,0.07500000292858224,0.7749999928598529,0.07500000181217738,897
0.07500000235776748,0.07500000287233076,0.7749999929831087,0.07500000178679309,898
0.07500000231918877,0.0750000028201899,0.7749999930973578,0.07500000176326356,899
0.07500000231089024,0.07500000292253842,0.7749999930116063,0.07500000175496503,900
0.07500000224287484,0.0750000028251603,0.7749999932183279,0.07500000171363697,901
0.07500000223829165,0.07500000288168643,0.7749999931709681,0.07500000170905377,902
0.07500000217660314,0.07500000279047156,0.7749999933612723,0.07500000167165295,903
0.07500000213321659,0.07500000272631838,0.774999993495117,0.07500000164534806,904
0.07500000208823486,0.07500000265980676,0.7749999936338821,0.07500000161807628,905
0.07500000204791467,0.07500000260018756,0.7749999937582671,0.07500000159363071,906
0.07500000204716223,0.07500000259943514,0.774999993750492,0.0750000016029107,907
0.07500000200264319,0.07500000253359403,0.7749999938882193,0.07500000157554348,908
0.07500000197950048,0.07500000249936696,0.7749999939598157,0.07500000156131688,909
0.07500000194864463,0.07500000245373273,0.7749999940552736,0.07500000154234897,910
0.07500000190132566,0.07500000238375054,0.7749999942016632,0.07500000151326057,911
0.07500000194278522,0.07500000238038895,0.7749999941669268,0.075000001509899,912
0.07500000194222928,0.07500000237983301,0.774999994161182,0.07500000151675572,913
0.0750000019133212,0.0750000023388557,0.774999994248241,0.0750000014995821,914
0.07500000188956014,0.07500000230517469,0.7749999943197988,0.07500000148546632,915
0.07500000188663525,0.07500000234124837,0.7749999942895749,0.07500000148254143,916
0.07500000186783477,0.0750000023138369,0.7749999943469335,0.07500000147139489,917
0.07500000181011023,0.07500000222967328,0.7749999945230454,0.07500000143717114,918
0.07500000186684443,0.0750000022250732,0.7749999944755113,0.07500000143257107,919
0.07500000184136764,0.0750000021902145,0.7749999945499499,0.07500000141846787,920
0.07500000180411509,0.07500000213924347,0.7749999946587957,0.07500000139784585,921
0.07500000178355122,0.07500000211110698,0.7749999947188795,0.07500000138646223,922
0.07500000176798075,0.07500000208980265,0.7749999947643736,0.07500000137784286,923
0.07500000172442664,0.07500000203020983,0.774999994891631,0.07500000135373261,924
0.07500000170009608,0.0750000019969192,0.774999994962721,0.07500000134026379,925
0.07500000166897668,0.07500000195433987,0.7749999950536464,0.07500000132303701,926
0.07500000164302674,0.07500000191883378,0.7749999951294676,0.07500000130867186,927
0.07500000168876758,0.07500000191512507,0.7749999950911443,0.07500000130496313,928
0.07500000168789991,0.0750000019142574,0.7749999950821783,0.07500000131566434,929
0.07500000168488648,0.07500000195142316,0.7749999950510394,0.07500000131265089,930
0.07500000167741633,0.07500000194143537,0.7749999950724513,0.07500000130869688,931
0.07500000166182116,0.07500000192058418,0.7749999951171523,0.07500000130044229,932
0.07500000162381404,0.0750000018697672,0.7749999952260936,0.07500000128032513,933
0.07500000158603828,0.07500000181925923,0.7749999953343724,0.07500000126033021,934
0.07500000156552293,0.07500000179182953,0.7749999953931761,0.07500000124947141,935
0.0750000015653767,0.07500000179168329,0.774999995391665,0.07500000125127511,936
0.07500000156424186,0.07500000179054844,0.7749999953799384,0.07500000126527134,937
0.07500000156064204,0.07500000183494623,0.7749999953427402,0.07500000126167153,938
0.07500000152924091,0.0750000017906231,0.7749999954357816,0.07500000124435446,939
0.07500000150562028,0.07500000175728203,0.7749999955057697,0.07500000123132808,940
0.07500000148306553,0.07500000172544571,0.7749999955725992,0.07500000121888951,941
0.07500000148122642,0.0750000017481282,0.774999995553595,0.0750000012170504,942
0.07500000146447743,0.0750000017237659,0.7749999956039194,0.07500000120783722,943
0.07500000149090795,0.0750000017216229,0.774999995581775,0.0750000012056942,944
0.07500000146095619,0.07500000168009296,0.7749999956688952,0.07500000119005569,945
0.07500000144635606,0.07500000165984895,0.7749999957113624,0.07500000118243252,946
0.0750000014306478,0.07500000163806855,0.7749999957570527,0.07500000117423092,947
0.07500000146226532,0.07500000163550496,0.7749999957305624,0.07500000117166733,948
0.07500000145050624,0.07500000162016242,0.7749999957634083,0.07500000116592305,949
0.07500000142951017,0.07500000159276464,0.7749999958220601,0.0750000011556651,950
0.07500000141055993,0.07500000156803491,0.774999995874999,0.07500000114640615,951
0.07500000140795991,0.07500000160010177,0.7749999958481322,0.07500000114380613,952
0.07500000140546925,0.07500000163081999,0.7749999958223952,0.07500000114131546,953
0.07500000140546925,0.07500000163081999,0.7749999958223952,0.07500000114131546,954
0.07500000140258616,0.0750000016663782,0.7749999957926033,0.07500000113843237,955
0.07500000138433234,0.07500000163865524,0.7749999958473511,0.07500000112966133,956
0.07500000137133585,0.07500000161891691,0.7749999958863312,0.07500000112341602,957
0.07500000135976095,0.0750000016013376,0.7749999959210476,0.07500000111785379,958
0.07500000134462467,0.07500000157834932,0.7749999959664464,0.07500000111057956,959
0.07500000136803481,0.0750000015764512,0.7749999959468326,0.07500000110868144,960
0.07500000134469874,0.07500000154285208,0.7749999960143343,0.07500000109811487,961
0.0750000013287441,0.0750000015198832,0.7749999960604821,0.07500000109089058,962
0.07500000131548788,0.07500000150079787,0.7749999960988261,0.07500000108488818,963
0.07500000129883687,0.07500000147682494,0.7749999961469897,0.07500000107734854,964
0.07500000128632363,0.07500000145880927,0.7749999961831846,0.07500000107168252,965
0.07500000127741109,0.07500000144597753,0.7749999962089644,0.07500000106764691,966
0.07500000126264673,0.07500000142472092,0.7749999962516707,0.07500000106096165,967
0.07500000124540361,0.07500000139989547,0.7749999963015469,0.07500000105315392,968
0.07500000123386055,0.07500000138327542,0.7749999963349368,0.07500000104792726,969
0.07500000122235197,0.07500000136670727,0.7749999963682247,0.07500000104271609,970
0.07500000121486544,0.07500000135592763,0.7749999963898806,0.07500000103932625,971
0.07500000123975227,0.07500000135390979,0.7749999963690295,0.0750000010373084,972
0.0750000012293449,0.07500000134006658,0.7749999963975928,0.0750000010329959,973
0.07500000121566414,0.07500000132186785,0.774999996435141,0.0750000010273271,974
0.07500000120613858,0.07500000130919653,0.7749999964612849,0.07500000102338003,975
0.07500000119611983,0.0750000012958692,0.7749999964887824,0.07500000101922862,976
0.07500000118853313,0.07500000128577615,0.7749999965096057,0.075000001016085,977
0.07500000120685486,0.07500000128429062,0.7749999964942551,0.07500000101459946,978
0.0750000011936463,0.07500000126781295,0.7749999965290313,0.07500000100950958,979
0.0750000011889394,0.07500000126193992,0.7749999965414248,0.07500000100769587,980
0.07500000117623062,0.07500000124608489,0.7749999965748858,0.07500000100279862,981
0.07500000117099329,0.07500000123955167,0.7749999965886747,0.0750000010007804,982
0.07500000115986544,0.0750000012256681,0.774999996617974,0.07500000099649239,983
0.0750000011471375,0.07500000120978993,0.7749999966514849,0.07500000099158775,984
0.07500000113746452,0.07500000119772146,0.7749999966769537,0.07500000098786033,985
0.07500000112546741,0.07500000118275492,0.7749999967085404,0.07500000098323731,986
0.07500000111886758,0.0750000011745205,0.7749999967259178,0.07500000098069415,987
0.07500000111029614,0.07500000116382702,0.7749999967484856,0.07500000097739119,988
0.07500000110464,0.07500000115677122,0.7749999967633773,0.0750000009752116,989
0.07500000110158982,0.07500000115296591,0.774999996771408,0.07500000097403624,990
0.07500000109291075,0.07500000114213759,0.7749999967942598,0.07500000097069184,991
0.07500000108809023,0.07500000113612416,0.7749999968069514,0.07500000096883425,992
0.07500000108053612,0.07500000112669936,0.7749999968268412,0.07500000096592332,993
0.07500000108047657,0.0750000011266398,0.7749999968262258,0.0750000009666578,994
0.07500000107992064,0.07500000113349622,0.7749999968204813,0.07500000096610188,995
0.07500000107945842,0.07500000113919697,0.774999996815705,0.07500000096563966,996
0.07500000107327405,0.07500000113101982,0.774999996832454,0.07500000096325217,997
0.07500000106654661,0.07500000112212456,0.7749999968506736,0.0750000009606552,998
0.07500000105660005,0.07500000110897284,0.7749999968776118,0.07500000095681529,999
0.07500000105069533,0.07500000110116543,0.7749999968936035,0.07500000095453574,1000
0.0750000010433403,0.07500000109144038,0.7749999969135232,0.07500000095169614,1001
0.07500000103749072,0.07500000108370589,0.7749999969293654,0.07500000094943807,1002
0.07500000103738566,0.07500000108360083,0.7749999969282797,0.07500000095073386,1003
0.07500000103063742,0.07500000107467646,0.7749999969466203,0.07500000094806572,1004
0.07500000102206135,0.07500000106333488,0.7749999969699289,0.07500000094467495,1005
0.07500000101746222,0.07500000105725269,0.7749999969824285,0.07500000094285653,1006
0.07500000101204256,0.07500000105008528,0.7749999969971584,0.0750000009407137,1007
0.07500000100868322,0.07500000104564268,0.7749999970062885,0.0750000009393855,1008
0.07500000100863347,0.07500000104559293,0.7749999970057745,0.07500000093999913,1009
0.07500000100803556,0.07500000105296727,0.774999996999596,0.07500000093940122,1010
0.0750000010028536,0.07500000104574228,0.7749999970140641,0.07500000093734004,1011
0.07500000099861315,0.07500000103983002,0.7749999970259036,0.07500000093565334,1012
0.07500000099424753,0.07500000103374323,0.7749999970380924,0.07500000093391684,1013
0.07500000099043456,0.075000001028427,0.7749999970487382,0.07500000093240018,1014
0.07500000098576512,0.07500000102191658,0.7749999970617754,0.07500000093054283,1015
0.07500000098171326,0.07500000101626723,0.7749999970730884,0.07500000092893115,1016
0.07500000097776263,0.07500000101075904,0.7749999970841186,0.07500000092735974,1017
0.07500000097473929,0.07500000100654375,0.7749999970925598,0.07500000092615716,1018
0.07500000097006612,0.07500000100002815,0.7749999971056073,0.07500000092429834,1019
0.07500000096607563,0.07500000099446438,0.7749999971167489,0.07500000092271107,1020
0.07500000096602656,0.07500000099441531,0.7749999971162419,0.0750000009233162,1021
0.07500000096367765,0.07500000099113971,0.7749999971228211,0.07500000092236149,1022
0.0750000009597497,0.07500000098566208,0.7749999971338232,0.07500000092076499,1023
0.07500000095667284,0.0750000009813713,0.7749999971424415,0.07500000091951442,1024
0.0750000009541235,0.07500000097781619,0.7749999971495821,0.07500000091847825,1025
0.0750000009511029,0.0750000009736039,0.7749999971580427,0.07500000091725055,1026
0.0750000009482111,0.07500000096957121,0.7749999971661424,0.07500000091607519,1027
0.07500000095048591,0.07500000096938676,0.7749999971642365,0.07500000091589074,1028
0.07500000095017907,0.07500000097317124,0.7749999971610658,0.0750000009155839,1029
0.07500000095012861,0.07500000097312078,0.7749999971605444,0.07500000091620622,1030
0.07500000094777258,0.07500000096979843,0.7749999971671531,0.07500000091527587,1031
0.0750000009454093,0.0750000009664659,0.7749999971737821,0.07500000091434265,1032
0.07500000094339067,0.07500000096361932,0.7749999971794445,0.07500000091354554,1033
0.07500000094155389,0.07500000096102921,0.7749999971845967,0.07500000091282023,1034
0.0750000009386546,0.0750000009569408,0.7749999971927293,0.07500000091167536,1035
0.07500000093996816,0.07500000095683429,0.7749999971916287,0.07500000091156885,1036
0.07500000093788722,0.07500000095398854,0.7749999971973489,0.07500000091077544,1037
0.07500000093534313,0.07500000095050958,0.7749999972043418,0.07500000090980548,1038
0.07500000093347216,0.07500000094795112,0.7749999972094844,0.07500000090909216,1039
0.07500000093459634,0.07500000094785998,0.7749999972085426,0.07500000090900102,1040
0.07500000093308075,0.07500000094584836,0.7749999972126282,0.07500000090844264,1041
0.07500000093161116,0.0750000009438978,0.7749999972165899,0.0750000009079012,1042
0.07500000092927535,0.07500000094079753,0.7749999972228865,0.07500000090704059,1043
0.07500000092730537,0.07500000093818282,0.7749999972281971,0.0750000009063148,1044
0.07500000092580403,0.07500000093619011,0.7749999972322442,0.07500000090576164,1045
0.07500000092440334,0.07500000093433101,0.77499999723602,0.0750000009052456,1046
0.07500000092320798,0.07500000093274442,0.7749999972392424,0.07500000090480519,1047
0.07500000092206542,0.07500000093122793,0.7749999972423224,0.07500000090438423,1048
0.07500000092203234,0.07500000093119484,0.7749999972419807,0.07500000090479214,1049
0.07500000092057543,0.07500000092926055,0.7749999972459306,0.07500000090423349,1050
0.07500000091901221,0.07500000092718512,0.7749999972501687,0.07500000090363407,1051
0.07500000091731321,0.0750000009249294,0.7749999972547748,0.07500000090298256,1052
0.07500000091611307,0.075000000923336,0.7749999972580286,0.07500000090252237,1053
0.07500000091522614,0.07500000092215846,0.7749999972604331,0.07500000090218226,1054
0.07500000091418041,0.07500000092077008,0.7749999972632682,0.07500000090178127,1055
0.07500000091330818,0.07500000091961204,0.774999997265633,0.0750000009014468,1056
0.07500000091221609,0.0750000009181621,0.7749999972685938,0.07500000090102804,1057
0.07500000091151948,0.07500000091723724,0.7749999972704823,0.07500000090076092,1058
0.07500000091073847,0.07500000091620032,0.7749999972725997,0.07500000090046144,1059
0.07500000091066059,0.07500000091716084,0.774999997271795,0.07500000090038356,1060
0.07500000091060637,0.07500000091782956,0.7749999972712347,0.07500000090032934,1061
0.07500000090973212,0.07500000091657344,0.774999997273696,0.0750000008999984,1062
0.07500000090868433,0.07500000091506799,0.7749999972766458,0.07500000089960178,1063
0.07500000090863149,0.07500000091572001,0.7749999972760996,0.07500000089954893,1064
0.07500000090793964,0.07500000091469136,0.7749999972780804,0.07500000089928861,1065
0.07500000090739262,0.07500000091387807,0.7749999972796466,0.07500000089908278,1066
0.07500000090731174,0.07500000091487564,0.7749999972788107,0.0750000008990019,1067
0.07500000090682264,0.07500000091410718,0.7749999972802505,0.07500000089881972,1068
0.07500000090597823,0.07500000091278045,0.7749999972827362,0.07500000089850521,1069
0.07500000090545225,0.07500000091195402,0.7749999972842845,0.0750000008983093,1070
0.07500000090501222,0.07500000091126262,0.7749999972855798,0.0750000008981454,1071
0.07500000090441857,0.07500000091032988,0.7749999972873273,0.07500000089792429,1072
0.07500000090399712,0.0750000009096677,0.7749999972885679,0.07500000089776732,1073
0.07500000090358779,0.07500000090902455,0.7749999972897729,0.07500000089761484,1074
0.07500000090352794,0.07500000090976267,0.7749999972891544,0.075000000897555,1075
0.0750000009031099,0.07500000090906908,0.77499999729042,0.07500000089740096,1076
0.07500000090268212,0.07500000090835932,0.7749999972917152,0.07500000089724332,1077
0.07500000090216635,0.07500000090750354,0.774999997293277,0.07500000089705326,1078
0.07500000090172486,0.07500000090677103,0.7749999972946134,0.07500000089689057,1079
0.07500000090134115,0.07500000090613439,0.7749999972957753,0.07500000089674919,1080
0.07500000090102849,0.07500000090561562,0.7749999972967219,0.07500000089663396,1081
0.07500000090070356,0.07500000090507652,0.7749999972977056,0.07500000089651424,1082
0.0750000009003993,0.07500000090457168,0.7749999972986269,0.0750000008964021,1083
0.07500000090067759,0.07500000090454911,0.7749999972983936,0.07500000089637954,1084
0.07500000090040268,0.07500000090411314,0.7749999972992007,0.07500000089628345,1085
0.07500000090015894,0.07500000090372662,0.7749999972999161,0.07500000089619825,1086
0.07500000090015528,0.07500000090372295,0.7749999972998783,0.07500000089624335,1087
0.07500000089988892,0.07500000090330045,0.7749999973006625,0.07500000089614822,1088
0.075000000899608,0.07500000090285482,0.7749999973014893,0.07500000089604789,1089
0.07500000089940675,0.0750000009025356,0.7749999973020816,0.075000000895976,1090
0.07500000089908308,0.07500000090202218,0.7749999973030345,0.0750000008958604,1091
0.07500000089889626,0.07500000090172582,0.7749999973035843,0.07500000089579366,1092
0.07500000089871654,0.07500000090144075,0.7749999973041132,0.07500000089572946,1093
0.07500000089849415,0.07500000090108797,0.7749999973047678,0.07500000089565002,1094
0.07500000089829238,0.07500000090076793,0.7749999973053617,0.07500000089557797,1095
0.07500000089814865,0.07500000090053993,0.7749999973057848,0.07500000089552662,1096
0.07500000089796625,0.0750000009002506,0.7749999973063217,0.07500000089546148,1097
0.07500000089780355,0.07500000089999252,0.7749999973068006,0.07500000089540336,1098
0.07500000089779835,0.07500000089998732,0.7749999973067468,0.0750000008954676,1099
0.0750000008976957,0.07500000089982442,0.7749999973070507,0.07500000089542912,1100
0.07500000089758697,0.07500000089965185,0.7749999973073728,0.07500000089538834,1101
0.07500000089752416,0.07500000089955218,0.7749999973075589,0.0750000008953648,1102
0.07500000089744341,0.075000000899424,0.7749999973077982,0.07500000089533453,1103
0.07500000089743986,0.07500000089942045,0.7749999973077615,0.07500000089537825,1104
0.07500000089757343,0.07500000089940963,0.7749999973076496,0.07500000089536743,1105
0.0750000008974459,0.07500000089921528,0.7749999973080186,0.07500000089532019,1106
0.0750000008973304,0.07500000089903924,0.774999997308353,0.07500000089527742,1107
0.07500000089720123,0.07500000089884237,0.7749999973087267,0.07500000089522957,1108
0.07500000089709374,0.07500000089867856,0.7749999973090379,0.07500000089518975,1109
0.07500000089704628,0.07500000089860623,0.7749999973091752,0.07500000089517218,1110
0.07500000089693269,0.07500000089843312,0.7749999973095041,0.0750000008951301,1111
0.07500000089685678,0.07500000089831742,0.7749999973097239,0.07500000089510199,1112
0.07500000089679437,0.0750000008982223,0.7749999973099045,0.07500000089507888,1113
0.07500000089667,0.07500000089803274,0.7749999973102644,0.07500000089503281,1114
0.07500000089672154,0.07500000089802855,0.7749999973102212,0.07500000089502862,1115
0.07500000089663111,0.07500000089789355,0.7749999973104794,0.07500000089499592,1116
0.07500000089657488,0.07500000089780959,0.77499999731064,0.07500000089497559,1117
0.07500000089644407,0.07500000089761431,0.7749999973110133,0.07500000089492828,1118
0.07500000089642885,0.07500000089780215,0.774999997310856,0.07500000089491306,1119
0.0750000008963456,0.07500000089767045,0.7749999973111007,0.0750000008948833,1120
0.0750000008962641,0.07500000089754151,0.7749999973113402,0.07500000089485416,1121
0.07500000089633296,0.07500000089753593,0.7749999973112826,0.07500000089484858,1122
0.0750000008962515,0.07500000089741117,0.7749999973115168,0.07500000089482055,1123
0.075000000896179,0.07500000089730013,0.7749999973117252,0.0750000008947956,1124
0.07500000089608183,0.07500000089715131,0.7749999973120048,0.07500000089476216,1125
0.07500000089603154,0.07500000089707429,0.7749999973121493,0.07500000089474484,1126
0.07500000089594895,0.0750000008969478,0.7749999973123869,0.07500000089471642,1127
0.07500000089587934,0.0750000008968412,0.7749999973125871,0.07500000089469247,1128
0.07500000089583383,0.0750000008967715,0.774999997312718,0.07500000089467682,1129
0.07500000089574926,0.07500000089664198,0.7749999973129611,0.0750000008946477,1130
0.07500000089568754,0.07500000089654746,0.7749999973131385,0.07500000089462645,1131
0.07500000089567892,0.07500000089665383,0.7749999973130494,0.07500000089461784,1132
0.07500000089563623,0.07500000089658528,0.7749999973131753,0.0750000008946033,1133
0.07500000089562318,0.07500000089674605,0.7749999973130405,0.07500000089459026,1134
0.07500000089562041,0.07500000089674125,0.7749999973130491,0.07500000089458933,1135
0.07500000089556032,0.07500000089663775,0.7749999973132327,0.0750000008945692,1136
0.07500000089550213,0.0750000008965375,0.7749999973134106,0.07500000089454968,1137
0.07500000089545891,0.07500000089646304,0.7749999973135429,0.07500000089453521,1138
0.07500000089544447,0.07500000089643816,0.774999997313587,0.07500000089453038,1139
0.0750000008954151,0.07500000089638757,0.7749999973136766,0.07500000089452052,1140
0.07500000089537383,0.07500000089631646,0.774999997313803,0.0750000008945067,1141
0.0750000008953474,0.07500000089627093,0.7749999973138838,0.07500000089449785,1142
0.0750000008952969,0.07500000089618394,0.7749999973140382,0.07500000089448093,1143
0.07500000089524764,0.07500000089609905,0.7749999973141888,0.0750000008944644,1144
0.07500000089520267,0.0750000008960216,0.7749999973143263,0.07500000089444935,1145
0.07500000089523048,0.07500000089601934,0.774999997314303,0.07500000089444708,1146
0.07500000089518206,0.075000000895938,0.7749999973144486,0.07500000089443135,1147
0.07500000089514945,0.07500000089588323,0.7749999973145466,0.07500000089442074,1148
0.07500000089510771,0.07500000089581312,0.7749999973146721,0.07500000089440717,1149
0.07500000089504887,0.07500000089571428,0.7749999973148489,0.07500000089438805,1150
0.075000000895024,0.07500000089567252,0.7749999973149236,0.07500000089437997,1151
0.07500000089498839,0.07500000089561269,0.7749999973150306,0.07500000089436837,1152
0.07500000089495347,0.07500000089555407,0.7749999973151355,0.07500000089435703,1153
0.07500000089492036,0.07500000089549845,0.774999997315235,0.07500000089434625,1154
0.07500000089489323,0.07500000089545288,0.7749999973153164,0.07500000089433743,1155
0.07500000089485255,0.07500000089538457,0.7749999973154388,0.07500000089432422,1156
0.0750000008948265,0.07500000089534081,0.7749999973155169,0.07500000089431574,1157
0.07500000089481947,0.07500000089542755,0.7749999973154442,0.07500000089430871,1158
0.07500000089479712,0.07500000089538707,0.7749999973155142,0.07500000089430159,1159
0.07500000089476139,0.07500000089532237,0.7749999973156261,0.0750000008942902,1160
0.07500000089473557,0.07500000089527563,0.7749999973157068,0.07500000089428197,1161
0.07500000089470688,0.07500000089522363,0.7749999973157967,0.07500000089427282,1162
0.07500000089468781,0.0750000008951891,0.7749999973158563,0.07500000089426674,1163
0.07500000089468296,0.07500000089524878,0.7749999973158063,0.0750000008942619,1164
0.07500000089467032,0.07500000089522448,0.7749999973158473,0.07500000089425794,1165
0.07500000089465177,0.0750000008951888,0.7749999973159072,0.07500000089425211,1166
0.07500000089465098,0.075000000895188,0.7749999973158991,0.07500000089426195,1167
0.07500000089464588,0.07500000089525083,0.7749999973158465,0.07500000089425686,1168
0.07500000089462108,0.0750000008952,0.7749999973159302,0.07500000089424881,1169
0.07500000089460264,0.07500000089516219,0.7749999973159923,0.07500000089424282,1170
0.07500000089460215,0.0750000008951617,0.7749999973159873,0.07500000089424882,1171
0.07500000089459706,0.07500000089522456,0.7749999973159347,0.07500000089424373,1172
0.07500000089457252,0.07500000089517084,0.774999997316021,0.07500000089423564,1173
0.07500000089455625,0.0750000008951352,0.7749999973160783,0.07500000089423027,1174
0.07500000089455533,0.07500000089513428,0.7749999973160688,0.07500000089424158,1175
0.07500000089454067,0.07500000089510214,0.7749999973161208,0.07500000089423638,1176
0.07500000089452966,0.07500000089507801,0.7749999973161599,0.07500000089423248,1177
0.07500000089451725,0.0750000008950508,0.774999997316204,0.07500000089422809,1178
0.07500000089450355,0.07500000089502079,0.7749999973162524,0.07500000089422323,1179
0.07500000089449138,0.07500000089499408,0.7749999973162957,0.07500000089421893,1180
0.07500000089447509,0.07500000089495837,0.7749999973163534,0.07500000089421317,1181
0.07500000089447006,0.07500000089502028,0.7749999973163015,0.07500000089420815,1182
0.07500000089446082,0.07500000089499834,0.774999997316336,0.07500000089420496,1183
0.075000000894444,0.07500000089495838,0.7749999973163986,0.07500000089419914,1184
0.07500000089443015,0.0750000008949255,0.77499999731645,0.07500000089419435,1185
0.07500000089442123,0.07500000089490433,0.7749999973164832,0.07500000089419126,1186
0.07500000089440974,0.07500000089487706,0.7749999973165259,0.07500000089418729,1187
0.07500000089439986,0.07500000089485359,0.7749999973165627,0.07500000089418388,1188
0.07500000089439075,0.07500000089483198,0.7749999973165965,0.07500000089418071,1189
0.07500000089437696,0.07500000089479922,0.7749999973166479,0.07500000089417595,1190
0.07500000089437638,0.07500000089479864,0.7749999973166418,0.0750000008941831,1191
0.07500000089436382,0.07500000089476877,0.7749999973166889,0.07500000089417845,1192
0.07500000089436035,0.07500000089476053,0.7749999973167019,0.07500000089417716,1193
0.07500000089435689,0.07500000089480323,0.7749999973166661,0.0750000008941737,1194
0.07500000089434765,0.07500000089477962,0.7749999973167024,0.07500000089417036,1195
0.07500000089434018,0.07500000089476054,0.7749999973167317,0.07500000089416765,1196
0.07500000089432654,0.07500000089472574,0.7749999973167849,0.07500000089416271,1197
0.07500000089431673,0.07500000089470067,0.7749999973168235,0.07500000089415916,1198
0.07500000089431279,0.07500000089469058,0.774999997316839,0.07500000089415773,1199
0.07500000089431011,0.07500000089472361,0.7749999973168112,0.07500000089415505,1200
0.07500000089430782,0.0750000008947518,0.7749999973167876,0.07500000089415276,1201
0.07500000089431962,0.07500000089475084,0.7749999973167777,0.0750000008941518,1202
0.07500000089431297,0.07500000089473272,0.7749999973168047,0.07500000089414963,1203
0.07500000089430942,0.07500000089472304,0.774999997316819,0.07500000089414845,1204
0.07500000089430826,0.07500000089471992,0.7749999973168238,0.07500000089414809,1205
0.07500000089430604,0.07500000089471384,0.7749999973168328,0.07500000089414735,1206
0.0750000008943057,0.0750000008947135,0.7749999973168292,0.07500000089415156,1207
0.07500000089429987,0.07500000089469759,0.7749999973168531,0.07500000089414954,1208
0.07500000089429644,0.07500000089468822,0.7749999973168671,0.07500000089414835,1209
0.07500000089429361,0.07500000089468054,0.7749999973168785,0.07500000089414736,1210
0.07500000089428972,0.07500000089466993,0.7749999973168943,0.07500000089414602,1211
0.07500000089428448,0.07500000089465561,0.7749999973169157,0.07500000089414419,1212
0.07500000089427969,0.07500000089464254,0.7749999973169353,0.07500000089414254,1213
0.07500000089427734,0.07500000089463615,0.7749999973169448,0.07500000089414172,1214
0.07500000089428083,0.07500000089463588,0.7749999973169419,0.07500000089414144,1215
0.07500000089427859,0.07500000089462988,0.7749999973169508,0.07500000089414068,1216
0.0750000008942843,0.07500000089462942,0.7749999973169461,0.07500000089414022,1217
0.07500000089427795,0.07500000089461287,0.7749999973169711,0.07500000089413812,1218
0.07500000089427196,0.07500000089459723,0.7749999973169948,0.07500000089413617,1219
0.07500000089427632,0.07500000089459687,0.774999997316991,0.0750000008941358,1220
0.07500000089427253,0.07500000089458721,0.7749999973170056,0.07500000089413458,1221
0.07500000089427228,0.07500000089458696,0.774999997317003,0.07500000089413783,1222
0.07500000089426925,0.07500000089457926,0.7749999973170146,0.07500000089413682,1223
0.0750000008942639,0.07500000089456554,0.7749999973170356,0.07500000089413501,1224
0.07500000089425672,0.07500000089454724,0.7749999973170635,0.0750000008941326,1225
0.07500000089425493,0.07500000089454265,0.7749999973170704,0.07500000089413199,1226
0.07500000089424991,0.07500000089452986,0.7749999973170898,0.0750000008941303,1227
0.0750000008942449,0.07500000089451704,0.7749999973171096,0.07500000089412863,1228
0.07500000089424368,0.07500000089451395,0.7749999973171141,0.0750000008941282,1229
0.07500000089424115,0.0750000008945075,0.774999997317124,0.07500000089412735,1230
0.07500000089423832,0.07500000089450023,0.7749999973171351,0.07500000089412641,1231
0.07500000089423653,0.07500000089452223,0.7749999973171166,0.07500000089412462,1232
0.07500000089423275,0.07500000089451202,0.7749999973171318,0.07500000089412338,1233
0.07500000089422768,0.07500000089449822,0.7749999973171524,0.0750000008941217,1234
0.07500000089422734,0.07500000089449789,0.774999997317149,0.07500000089412577,1235
0.07500000089422544,0.0750000008945215,0.7749999973171293,0.07500000089412387,1236
0.07500000089422254,0.07500000089455708,0.7749999973170995,0.07500000089412097,1237
0.07500000089422017,0.0750000008945495,0.7749999973171101,0.07500000089412016,1238
0.0750000008942187,0.07500000089454477,0.7749999973171169,0.07500000089411968,1239
0.07500000089421607,0.07500000089453643,0.7749999973171287,0.07500000089411879,1240
0.0750000008942135,0.07500000089452824,0.7749999973171403,0.07500000089411793,1241
0.0750000008942106,0.07500000089451898,0.7749999973171535,0.07500000089411696,1242
0.0750000008942175,0.07500000089451841,0.7749999973171476,0.07500000089411639,1243
0.07500000089421384,0.07500000089450728,0.7749999973171636,0.07500000089411524,1244
0.07500000089420852,0.07500000089449116,0.7749999973171867,0.07500000089411356,1245
0.07500000089420852,0.07500000089449116,0.7749999973171867,0.07500000089411356,1246
0.07500000089420712,0.07500000089450845,0.7749999973171723,0.07500000089411216,1247
0.07500000089420034,0.07500000089448677,0.7749999973172028,0.07500000089411006,1248
0.07500000089419734,0.07500000089447718,0.7749999973172165,0.07500000089410913,1249
0.07500000089419624,0.07500000089447367,0.7749999973172214,0.0750000008941088,1250
0.07500000089420122,0.07500000089447326,0.7749999973172171,0.07500000089410838,1251
0.07500000089419664,0.07500000089445921,0.7749999973172371,0.07500000089410704,1252
0.07500000089420002,0.07500000089445895,0.7749999973172342,0.07500000089410677,1253
0.07500000089420378,0.07500000089445863,0.7749999973172311,0.07500000089410645,1254
0.07500000089420167,0.07500000089448476,0.7749999973172093,0.07500000089410434,1255
0.07500000089419849,0.07500000089447476,0.7749999973172231,0.0750000008941035,1256
0.07500000089419463,0.0750000008944626,0.7749999973172403,0.0750000008941025,1257
0.0750000008941929,0.07500000089445717,0.7749999973172479,0.07500000089410204,1258
0.07500000089419093,0.07500000089445098,0.7749999973172566,0.07500000089410153,1259
0.07500000089418873,0.07500000089444407,0.7749999973172663,0.07500000089410096,1260
0.07500000089418389,0.07500000089442883,0.7749999973172876,0.07500000089409968,1261
0.07500000089418087,0.07500000089441931,0.774999997317301,0.07500000089409889,1262
0.07500000089417952,0.07500000089441511,0.7749999973173068,0.07500000089409853,1263
0.07500000089418363,0.07500000089441478,0.7749999973173034,0.0750000008940982,1264
0.07500000089418202,0.07500000089440992,0.7749999973173103,0.07500000089409779,1265
0.07500000089418947,0.07500000089440932,0.774999997317304,0.0750000008940972,1266
0.07500000089418865,0.075000000894407,0.7749999973173073,0.075000000894097,1267
0.07500000089418847,0.07500000089440682,0.7749999973173055,0.07500000089409918,1268
0.07500000089419089,0.07500000089440664,0.7749999973173035,0.075000000894099,1269
0.07500000089418975,0.07500000089440352,0.774999997317308,0.07500000089409872,1270
0.07500000089418872,0.07500000089441608,0.7749999973172974,0.0750000008940977,1271
0.07500000089418524,0.07500000089440592,0.774999997317312,0.07500000089409688,1272
0.07500000089418252,0.075000000894398,0.7749999973173233,0.07500000089409624,1273
0.07500000089418223,0.0750000008943977,0.7749999973173203,0.07500000089409986,1274
0.07500000089418121,0.07500000089439478,0.7749999973173244,0.07500000089409958,1275
0.07500000089417865,0.07500000089438728,0.7749999973173352,0.07500000089409889,1276
0.07500000089417677,0.07500000089438182,0.774999997317343,0.07500000089409839,1277
0.07500000089418217,0.07500000089438139,0.7749999973173386,0.07500000089409796,1278
0.0750000008941791,0.0750000008943729,0.7749999973173508,0.07500000089409718,1279
0.07500000089417669,0.07500000089436622,0.7749999973173605,0.07500000089409659,1280
0.0750000008941743,0.07500000089435958,0.7749999973173701,0.07500000089409598,1281
0.07500000089417337,0.075000000894357,0.7749999973173738,0.07500000089409574,1282
0.0750000008941716,0.07500000089435209,0.774999997317381,0.0750000008940953,1283
0.07500000089416958,0.07500000089434648,0.7749999973173891,0.0750000008940948,1284
0.07500000089416775,0.07500000089434145,0.7749999973173964,0.07500000089409434,1285
0.07500000089416564,0.07500000089433559,0.774999997317405,0.07500000089409381,1286
0.07500000089416459,0.07500000089433269,0.7749999973174092,0.07500000089409353,1287
0.07500000089416081,0.07500000089432222,0.7749999973174243,0.07500000089409259,1288
0.07500000089416299,0.07500000089432206,0.7749999973174226,0.07500000089409242,1289
0.07500000089416207,0.07500000089431957,0.7749999973174262,0.0750000008940922,1290
0.0750000008941602,0.07500000089431451,0.7749999973174336,0.07500000089409174,1291
0.07500000089416006,0.07500000089431437,0.7749999973174323,0.07500000089409334,1292
0.07500000089415991,0.07500000089431422,0.7749999973174307,0.07500000089409514,1293
0.0750000008941597,0.07500000089431362,0.7749999973174316,0.07500000089409509,1294
0.0750000008941588,0.07500000089431118,0.7749999973174352,0.07500000089409482,1295
0.0750000008941588,0.07500000089431118,0.7749999973174352,0.07500000089409482,1296
0.07500000089415619,0.07500000089430413,0.7749999973174456,0.07500000089409409,1297
0.07500000089415583,0.07500000089430316,0.7749999973174471,0.07500000089409399,1298
0.07500000089415416,0.07500000089429863,0.7749999973174537,0.07500000089409352,1299
0.0750000008941524,0.07500000089429386,0.7749999973174606,0.07500000089409302,1300
0.07500000089415025,0.07500000089428802,0.7749999973174693,0.07500000089409241,1301
0.07500000089414806,0.07500000089428209,0.774999997317478,0.0750000008940918,1302
0.07500000089414552,0.0750000008942752,0.7749999973174881,0.07500000089409108,1303
0.07500000089414233,0.07500000089426653,0.7749999973175009,0.07500000089409017,1304
0.07500000089413976,0.07500000089425958,0.7749999973175112,0.07500000089408945,1305
0.07500000089413764,0.07500000089425385,0.7749999973175196,0.07500000089408886,1306
0.07500000089413686,0.07500000089425173,0.7749999973175228,0.07500000089408863,1307
0.07500000089413492,0.07500000089424647,0.7749999973175306,0.07500000089408808,1308
0.07500000089413454,0.0750000008942511,0.7749999973175267,0.0750000008940877,1309
0.07500000089413442,0.07500000089425272,0.7749999973175252,0.07500000089408758,1310
0.07500000089413428,0.07500000089425433,0.7749999973175239,0.07500000089408744,1311
0.07500000089413303,0.07500000089425075,0.774999997317529,0.07500000089408711,1312
0.0750000008941317,0.07500000089424692,0.7749999973175348,0.07500000089408675,1313
0.07500000089413161,0.07500000089424684,0.774999997317534,0.07500000089408762,1314
0.07500000089412943,0.0750000008942406,0.774999997317543,0.07500000089408698,1315
0.07500000089412673,0.07500000089423285,0.7749999973175543,0.0750000008940862,1316
0.07500000089412444,0.07500000089422634,0.7749999973175636,0.07500000089408554,1317
0.07500000089412275,0.07500000089422147,0.7749999973175707,0.07500000089408505,1318
0.07500000089412097,0.07500000089421639,0.7749999973175781,0.07500000089408454,1319
0.07500000089412083,0.07500000089421602,0.7749999973175786,0.0750000008940845,1320
0.07500000089411978,0.07500000089421295,0.7749999973175832,0.0750000008940842,1321
0.07500000089411826,0.07500000089420863,0.7749999973175894,0.07500000089408376,1322
0.0750000008941168,0.07500000089420446,0.7749999973175954,0.07500000089408333,1323
0.07500000089411508,0.07500000089419956,0.7749999973176025,0.07500000089408285,1324
0.07500000089411463,0.07500000089419823,0.7749999973176045,0.0750000008940827,1325
0.07500000089411393,0.07500000089419627,0.7749999973176073,0.0750000008940825,1326
0.07500000089411227,0.07500000089419148,0.7749999973176142,0.07500000089408201,1327
0.07500000089411138,0.07500000089418898,0.7749999973176178,0.07500000089408176,1328
0.07500000089411106,0.075000000894193,0.7749999973176145,0.07500000089408144,1329
0.07500000089411006,0.07500000089419004,0.7749999973176187,0.07500000089408115,1330
0.07500000089410996,0.07500000089418994,0.7749999973176177,0.07500000089408236,1331
0.07500000089410823,0.07500000089418471,0.7749999973176254,0.07500000089408182,1332
0.07500000089410702,0.07500000089418109,0.7749999973176305,0.07500000089408143,1333
0.07500000089410576,0.07500000089417734,0.7749999973176358,0.07500000089408103,1334
0.07500000089410483,0.0750000008941746,0.7749999973176398,0.07500000089408074,1335
0.07500000089410436,0.07500000089417319,0.7749999973176418,0.07500000089408058,1336
0.07500000089410362,0.07500000089417101,0.7749999973176449,0.07500000089408036,1337
0.0750000008941035,0.07500000089417276,0.7749999973176436,0.07500000089408024,1338
0.07500000089410312,0.07500000089417161,0.7749999973176452,0.07500000089408011,1339
0.07500000089410214,0.07500000089416861,0.7749999973176495,0.07500000089407981,1340
0.07500000089410455,0.07500000089416842,0.7749999973176475,0.07500000089407961,1341
0.07500000089410379,0.07500000089416627,0.7749999973176506,0.07500000089407939,1342
0.07500000089410294,0.07500000089416388,0.774999997317654,0.07500000089407914,1343
0.07500000089410146,0.07500000089415967,0.7749999973176601,0.07500000089407872,1344
0.0750000008941014,0.07500000089415962,0.7749999973176596,0.07500000089407935,1345
0.07500000089410078,0.07500000089415783,0.7749999973176622,0.07500000089407916,1346
0.07500000089410071,0.07500000089415776,0.7749999973176616,0.07500000089407995,1347
0.07500000089409994,0.07500000089415557,0.7749999973176649,0.07500000089407971,1348
0.07500000089409906,0.07500000089415307,0.7749999973176684,0.07500000089407939,1349
0.07500000089409804,0.0750000008941502,0.7749999973176727,0.07500000089407906,1350
0.07500000089409692,0.07500000089414702,0.7749999973176773,0.07500000089407868,1351
0.07500000089409574,0.07500000089414365,0.7749999973176823,0.0750000008940783,1352
0.07500000089409568,0.07500000089414359,0.7749999973176817,0.07500000089407902,1353
0.0750000008940956,0.0750000008941435,0.7749999973176809,0.07500000089408,1354
0.07500000089409478,0.07500000089414117,0.7749999973176844,0.0750000008940797,1355
0.07500000089409385,0.07500000089413855,0.7749999973176882,0.07500000089407931,1356
0.07500000089409292,0.07500000089413589,0.7749999973176923,0.07500000089407893,1357
0.07500000089409231,0.07500000089413414,0.7749999973176949,0.0750000008940787,1358
0.07500000089409174,0.0750000008941325,0.7749999973176973,0.07500000089407848,1359
0.07500000089409084,0.07500000089412999,0.774999997317701,0.07500000089407811,1360
0.0750000008940901,0.07500000089412784,0.7749999973177042,0.07500000089407782,1361
0.07500000089408974,0.07500000089412684,0.7749999973177057,0.07500000089407767,1362
0.0750000008940897,0.0750000008941268,0.7749999973177053,0.07500000089407825,1363
0.07500000089408877,0.07500000089412413,0.7749999973177092,0.07500000089407785,1364
0.07500000089408827,0.07500000089412272,0.7749999973177114,0.07500000089407764,1365
0.0750000008940878,0.07500000089412136,0.7749999973177134,0.07500000089407743,1366
0.07500000089408737,0.07500000089412014,0.7749999973177153,0.07500000089407725,1367
0.07500000089408677,0.07500000089411844,0.7749999973177178,0.075000000894077,1368
0.07500000089408654,0.07500000089411778,0.7749999973177187,0.0750000008940769,1369
0.0750000008940858,0.07500000089411568,0.774999997317722,0.07500000089407657,1370
0.07500000089408564,0.07500000089411521,0.7749999973177226,0.0750000008940765,1371
0.07500000089408516,0.07500000089411385,0.7749999973177246,0.07500000089407631,1372
0.07500000089408514,0.07500000089411382,0.7749999973177243,0.07500000089407671,1373
0.07500000089408468,0.07500000089411253,0.7749999973177264,0.07500000089407652,1374
0.07500000089408464,0.07500000089411302,0.774999997317726,0.07500000089407648,1375
0.07500000089408458,0.07500000089411372,0.7749999973177253,0.07500000089407642,1376
0.07500000089408425,0.07500000089411277,0.7749999973177267,0.07500000089407625,1377
0.07500000089408408,0.07500000089411224,0.7749999973177275,0.07500000089407619,1378
0.07500000089408375,0.07500000089411128,0.774999997317729,0.07500000089407603,1379
0.07500000089408372,0.07500000089411157,0.7749999973177286,0.075000000894076,1380
0.07500000089408335,0.07500000089411044,0.7749999973177304,0.07500000089407584,1381
0.07500000089408303,0.07500000089410948,0.7749999973177318,0.0750000008940757,1382
0.0750000008940828,0.07500000089410878,0.7749999973177328,0.0750000008940756,1383
0.07500000089408249,0.07500000089410784,0.7749999973177343,0.07500000089407545,1384
0.07500000089408239,0.07500000089410906,0.7749999973177333,0.07500000089407535,1385
0.07500000089408196,0.07500000089410773,0.7749999973177352,0.07500000089407516,1386
0.07500000089408161,0.07500000089410669,0.7749999973177367,0.075000000894075,1387
0.07500000089408135,0.07500000089410586,0.7749999973177378,0.07500000089407488,1388
0.0750000008940812,0.07500000089410538,0.7749999973177386,0.07500000089407483,1389
0.07500000089408115,0.07500000089410534,0.7749999973177383,0.07500000089407521,1390
0.07500000089408093,0.07500000089410461,0.7749999973177394,0.07500000089407512,1391
0.07500000089408042,0.07500000089410304,0.7749999973177416,0.07500000089407487,1392
0.07500000089408008,0.075000000894102,0.7749999973177433,0.0750000008940747,1393
0.07500000089408088,0.07500000089410193,0.7749999973177426,0.07500000089407463,1394
0.07500000089408086,0.07500000089410191,0.7749999973177424,0.07500000089407494,1395
0.07500000089408049,0.07500000089410086,0.7749999973177439,0.07500000089407476,1396
0.07500000089408015,0.07500000089409987,0.7749999973177455,0.0750000008940746,1397
0.07500000089408008,0.07500000089410071,0.7749999973177447,0.07500000089407453,1398
0.07500000089407971,0.0750000008940996,0.7749999973177464,0.07500000089407437,1399
0.07500000089407939,0.07500000089409867,0.7749999973177477,0.07500000089407421,1400
0.07500000089407911,0.07500000089409782,0.774999997317749,0.07500000089407408,1401
0.075000000894079,0.07500000089409749,0.7749999973177494,0.07500000089407402,1402
0.07500000089407896,0.07500000089409735,0.7749999973177497,0.075000000894074,1403
0.07500000089407872,0.07500000089409666,0.7749999973177508,0.0750000008940739,1404
0.07500000089407859,0.07500000089409625,0.7749999973177513,0.07500000089407383,1405
0.07500000089407838,0.0750000008940956,0.7749999973177524,0.07500000089407373,1406
0.07500000089407838,0.0750000008940956,0.7749999973177524,0.07500000089407373,1407
0.07500000089407835,0.07500000089409557,0.7749999973177519,0.07500000089407409,1408
0.07500000089407824,0.07500000089409527,0.7749999973177524,0.07500000089407403,1409
0.07500000089407807,0.07500000089409477,0.7749999973177532,0.07500000089407394,1410
0.07500000089407798,0.07500000089409448,0.7749999973177536,0.0750000008940739,1411
0.07500000089407798,0.07500000089409448,0.7749999973177535,0.07500000089407405,1412
0.07500000089407792,0.07500000089409514,0.774999997317753,0.07500000089407399,1413
0.07500000089407771,0.07500000089409449,0.7749999973177539,0.07500000089407388,1414
0.07500000089407753,0.07500000089409396,0.7749999973177546,0.07500000089407378,1415
0.07500000089407743,0.07500000089409369,0.774999997317755,0.07500000089407373,1416
0.07500000089407728,0.07500000089409319,0.7749999973177558,0.07500000089407366,1417
0.0750000008940771,0.07500000089409262,0.7749999973177567,0.07500000089407356,1418
0.07500000089407734,0.0750000008940926,0.7749999973177566,0.07500000089407355,1419
0.07500000089407716,0.07500000089409209,0.7749999973177574,0.07500000089407345,1420
0.07500000089407703,0.07500000089409169,0.774999997317758,0.0750000008940734,1421
0.07500000089407678,0.07500000089409095,0.774999997317759,0.07500000089407327,1422
0.07500000089407666,0.07500000089409058,0.7749999973177596,0.0750000008940732,1423
0.07500000089407655,0.07500000089409023,0.7749999973177601,0.07500000089407315,1424
0.0750000008940764,0.07500000089408979,0.7749999973177608,0.07500000089407306,1425
0.07500000089407627,0.07500000089408941,0.7749999973177613,0.07500000089407301,1426
0.07500000089407625,0.07500000089408936,0.7749999973177615,0.075000000894073,1427
0.0750000008940761,0.07500000089408893,0.774999997317762,0.07500000089407292,1428
0.07500000089407607,0.07500000089408938,0.7749999973177617,0.0750000008940729,1429
0.07500000089407591,0.07500000089408886,0.7749999973177625,0.0750000008940728,1430
0.07500000089407619,0.07500000089408883,0.7749999973177623,0.07500000089407277,1431
0.07500000089407616,0.0750000008940888,0.7749999973177619,0.07500000089407301,1432
0.07500000089407638,0.07500000089408879,0.7749999973177618,0.075000000894073,1433
0.07500000089407637,0.0750000008940887,0.774999997317762,0.07500000089407298,1434
0.07500000089407619,0.07500000089408823,0.7749999973177627,0.0750000008940729,1435
0.07500000089407613,0.07500000089408805,0.774999997317763,0.07500000089407287,1436
0.07500000089407595,0.07500000089408757,0.7749999973177637,0.07500000089407277,1437
0.07500000089407578,0.07500000089408707,0.7749999973177645,0.0750000008940727,1438
0.07500000089407555,0.07500000089408643,0.7749999973177654,0.07500000089407258,1439
0.07500000089407555,0.07500000089408643,0.7749999973177654,0.07500000089407273,1440
0.07500000089407555,0.07500000089408643,0.7749999973177654,0.07500000089407273,1441
0.0750000008940755,0.07500000089408698,0.7749999973177649,0.07500000089407269,1442
0.07500000089407538,0.07500000089408661,0.7749999973177654,0.07500000089407262,1443
0.07500000089407524,0.07500000089408622,0.7749999973177659,0.07500000089407255,1444
0.07500000089407516,0.07500000089408593,0.7749999973177665,0.07500000089407251,1445
0.07500000089407502,0.07500000089408554,0.774999997317767,0.07500000089407244,1446
0.0750000008940749,0.07500000089408516,0.7749999973177676,0.07500000089407237,1447
0.07500000089407481,0.0750000008940849,0.774999997317768,0.07500000089407233,1448
0.07500000089407469,0.07500000089408454,0.7749999973177686,0.07500000089407227,1449
0.075000000894075,0.0750000008940845,0.7749999973177683,0.07500000089407223,1450
0.0750000008940751,0.0750000008940845,0.7749999973177683,0.07500000089407223,1451
0.07500000089407499,0.07500000089408422,0.7749999973177687,0.07500000089407219,1452
0.07500000089407499,0.07500000089408422,0.7749999973177686,0.07500000089407227,1453
0.07500000089407487,0.07500000089408387,0.774999997317769,0.0750000008940722,1454
0.07500000089407485,0.07500000089408383,0.7749999973177691,0.0750000008940722,1455
0.07500000089407466,0.07500000089408329,0.77499999731777,0.0750000008940721,1456
0.0750000008940746,0.07500000089408317,0.7749999973177701,0.07500000089407208,1457
0.07500000089407452,0.07500000089408294,0.7749999973177705,0.07500000089407204,1458
0.07500000089407448,0.0750000008940828,0.7749999973177707,0.07500000089407202,1459
0.07500000089407433,0.07500000089408243,0.7749999973177712,0.07500000089407194,1460
0.07500000089407428,0.07500000089408228,0.7749999973177716,0.07500000089407192,1461
0.07500000089407413,0.07500000089408188,0.7749999973177722,0.07500000089407186,1462
0.07500000089407427,0.07500000089408186,0.7749999973177721,0.07500000089407184,1463
0.07500000089407417,0.07500000089408157,0.7749999973177726,0.07500000089407179,1464
0.07500000089407403,0.07500000089408122,0.774999997317773,0.07500000089407173,1465
0.07500000089407394,0.07500000089408097,0.7749999973177734,0.07500000089407168,1466
0.07500000089407383,0.07500000089408067,0.7749999973177739,0.07500000089407163,1467
0.07500000089407369,0.07500000089408032,0.7749999973177744,0.07500000089407156,1468
0.07500000089407387,0.07500000089408031,0.7749999973177742,0.07500000089407155,1469
0.07500000089407384,0.07500000089408022,0.7749999973177744,0.07500000089407154,1470
0.07500000089407381,0.07500000089408015,0.7749999973177746,0.07500000089407152,1471
0.07500000089407367,0.0750000008940798,0.774999997317775,0.07500000089407147,1472
0.07500000089407356,0.07500000089407953,0.7749999973177754,0.07500000089407141,1473
0.07500000089407355,0.07500000089407947,0.7749999973177757,0.07500000089407141,1474
0.07500000089407353,0.07500000089407946,0.7749999973177756,0.07500000089407154,1475
0.07500000089407345,0.07500000089407925,0.7749999973177757,0.07500000089407148,1476
0.07500000089407345,0.07500000089407925,0.7749999973177757,0.07500000089407155,1477
0.07500000089407345,0.07500000089407925,0.7749999973177758,0.07500000089407155,1478
0.07500000089407344,0.07500000089407924,0.7749999973177757,0.07500000089407163,1479
0.07500000089407338,0.0750000008940791,0.7749999973177759,0.0750000008940716,1480
0.07500000089407335,0.075000000894079,0.774999997317776,0.07500000089407159,1481
0.0750000008940733,0.07500000089407889,0.7749999973177762,0.07500000089407156,1482
0.07500000089407324,0.07500000089407874,0.7749999973177765,0.07500000089407152,1483
0.07500000089407322,0.07500000089407868,0.7749999973177766,0.07500000089407152,1484
0.0750000008940732,0.07500000089407867,0.7749999973177765,0.07500000089407163,1485
0.07500000089407312,0.07500000089407843,0.7749999973177768,0.07500000089407159,1486
0.07500000089407301,0.07500000089407814,0.7749999973177772,0.07500000089407152,1487
0.07500000089407295,0.07500000089407798,0.7749999973177776,0.0750000008940715,1488
0.07500000089407287,0.07500000089407781,0.7749999973177778,0.07500000089407145,1489
0.07500000089407284,0.07500000089407774,0.774999997317778,0.07500000089407144,1490
0.07500000089407283,0.07500000089407773,0.7749999973177779,0.07500000089407156,1491
0.07500000089407283,0.07500000089407773,0.7749999973177778,0.07500000089407169,1492
0.07500000089407291,0.07500000089407771,0.7749999973177777,0.07500000089407168,1493
0.07500000089407287,0.07500000089407759,0.774999997317778,0.07500000089407165,1494
0.07500000089407284,0.07500000089407755,0.774999997317778,0.07500000089407165,1495
0.07500000089407279,0.0750000008940774,0.7749999973177782,0.0750000008940716,1496
0.07500000089407269,0.07500000089407717,0.7749999973177786,0.07500000089407154,1497
0.07500000089407266,0.07500000089407743,0.7749999973177784,0.07500000089407151,1498
0.07500000089407256,0.07500000089407714,0.7749999973177788,0.07500000089407145,1499
0.07500000089407248,0.07500000089407695,0.7749999973177791,0.0750000008940714,1500
0.07500000089407244,0.07500000089407682,0.7749999973177794,0.07500000089407138,1501
0.07500000089407233,0.07500000089407655,0.7749999973177798,0.07500000089407131,1502
0.07500000089407226,0.07500000089407635,0.7749999973177802,0.07500000089407127,1503
0.07500000089407222,0.07500000089407627,0.7749999973177802,0.07500000089407124,1504
0.07500000089407215,0.07500000089407609,0.7749999973177806,0.0750000008940712,1505
0.07500000089407213,0.07500000089407625,0.7749999973177805,0.07500000089407119,1506
0.07500000089407206,0.07500000089407605,0.7749999973177808,0.07500000089407115,1507
0.07500000089407195,0.07500000089407577,0.7749999973177812,0.07500000089407108,1508
0.07500000089407201,0.07500000089407576,0.7749999973177811,0.07500000089407106,1509
0.07500000089407192,0.07500000089407555,0.7749999973177815,0.07500000089407102,1510
0.07500000089407191,0.07500000089407553,0.7749999973177815,0.0750000008940711,1511
0.07500000089407183,0.07500000089407531,0.7749999973177818,0.07500000089407105,1512
0.07500000089407179,0.07500000089407517,0.7749999973177821,0.07500000089407104,1513
0.0750000008940717,0.07500000089407499,0.7749999973177822,0.07500000089407098,1514
0.07500000089407163,0.07500000089407481,0.7749999973177826,0.07500000089407093,1515
0.07500000089407159,0.07500000089407467,0.7749999973177829,0.0750000008940709,1516
0.07500000089407159,0.07500000089407467,0.7749999973177828,0.07500000089407093,1517
0.07500000089407159,0.07500000089407467,0.7749999973177828,0.075000000894071,1518
0.07500000089407152,0.07500000089407452,0.7749999973177829,0.07500000089407095,1519
0.07500000089407145,0.07500000089407434,0.7749999973177834,0.0750000008940709,1520
0.07500000089407141,0.07500000089407423,0.7749999973177835,0.07500000089407087,1521
0.0750000008940714,0.07500000089407434,0.7749999973177834,0.07500000089407086,1522
0.07500000089407136,0.07500000089407424,0.7749999973177836,0.07500000089407084,1523
0.0750000008940713,0.07500000089407408,0.7749999973177837,0.07500000089407079,1524
0.07500000089407134,0.07500000089407408,0.7749999973177837,0.07500000089407079,1525
0.07500000089407127,0.07500000089407387,0.7749999973177841,0.07500000089407075,1526
0.0750000008940712,0.07500000089407369,0.7749999973177845,0.07500000089407069,1527
0.07500000089407113,0.0750000008940735,0.7749999973177847,0.07500000089407065,1528
0.07500000089407109,0.07500000089407338,0.7749999973177849,0.07500000089407062,1529
0.07500000089407108,0.07500000089407337,0.7749999973177849,0.07500000089407069,1530
0.07500000089407104,0.07500000089407327,0.774999997317785,0.07500000089407066,1531
0.07500000089407098,0.07500000089407313,0.7749999973177852,0.07500000089407062,1532
0.07500000089407097,0.07500000089407308,0.7749999973177853,0.07500000089407062,1533
0.07500000089407094,0.07500000089407302,0.7749999973177855,0.07500000089407059,1534
0.07500000089407091,0.07500000089407292,0.7749999973177856,0.07500000089407056,1535
0.07500000089407094,0.07500000089407292,0.7749999973177856,0.07500000089407056,1536
0.0750000008940709,0.07500000089407284,0.7749999973177857,0.07500000089407054,1537
0.07500000089407088,0.07500000089407292,0.7749999973177856,0.07500000089407052,1538
0.07500000089407086,0.07500000089407284,0.7749999973177859,0.07500000089407051,1539
0.07500000089407081,0.07500000089407272,0.774999997317786,0.07500000089407048,1540
0.07500000089407079,0.07500000089407266,0.774999997317786,0.07500000089407045,1541
0.07500000089407077,0.0750000008940726,0.7749999973177862,0.07500000089407045,1542
0.07500000089407073,0.07500000089407248,0.7749999973177863,0.07500000089407043,1543
0.0750000008940707,0.07500000089407242,0.7749999973177865,0.0750000008940704,1544
0.07500000089407068,0.07500000089407234,0.7749999973177866,0.07500000089407038,1545
0.07500000089407065,0.07500000089407226,0.7749999973177868,0.07500000089407036,1546
0.07500000089407062,0.07500000089407222,0.7749999973177868,0.07500000089407034,1547
0.0750000008940706,0.07500000089407215,0.7749999973177869,0.07500000089407033,1548
0.07500000089407058,0.07500000089407208,0.7749999973177871,0.07500000089407032,1549
0.07500000089407054,0.07500000089407198,0.7749999973177871,0.07500000089407029,1550
0.07500000089407052,0.07500000089407194,0.7749999973177872,0.07500000089407027,1551
0.0750000008940705,0.07500000089407187,0.7749999973177873,0.07500000089407025,1552
0.07500000089407047,0.07500000089407179,0.7749999973177876,0.07500000089407025,1553
0.07500000089407047,0.07500000089407179,0.7749999973177876,0.07500000089407029,1554
0.07500000089407047,0.07500000089407179,0.7749999973177876,0.07500000089407034,1555
0.07500000089407043,0.07500000089407168,0.7749999973177876,0.0750000008940703,1556
0.07500000089407044,0.07500000089407168,0.7749999973177876,0.0750000008940703,1557
0.07500000089407041,0.07500000089407159,0.7749999973177878,0.07500000089407027,1558
0.0750000008940704,0.07500000089407154,0.7749999973177879,0.07500000089407026,1559
0.07500000089407037,0.07500000089407147,0.7749999973177879,0.07500000089407023,1560
0.07500000089407033,0.07500000089407138,0.774999997317788,0.0750000008940702,1561
0.07500000089407032,0.07500000089407134,0.7749999973177882,0.07500000089407019,1562
0.0750000008940703,0.0750000008940713,0.7749999973177882,0.07500000089407018,1563
0.07500000089407029,0.07500000089407127,0.7749999973177883,0.07500000089407018,1564
0.07500000089407029,0.07500000089407127,0.7749999973177883,0.07500000089407022,1565
0.07500000089407027,0.07500000089407122,0.7749999973177883,0.0750000008940702,1566
0.07500000089407025,0.07500000089407116,0.7749999973177883,0.07500000089407018,1567
0.07500000089407022,0.0750000008940711,0.7749999973177885,0.07500000089407015,1568
0.07500000089407022,0.0750000008940711,0.7749999973177885,0.07500000089407019,1569
0.0750000008940702,0.07500000089407106,0.7749999973177886,0.07500000089407018,1570
0.0750000008940702,0.07500000089407104,0.7749999973177886,0.07500000089407018,1571
0.07500000089407016,0.07500000089407098,0.7749999973177887,0.07500000089407015,1572
0.07500000089407016,0.07500000089407102,0.7749999973177887,0.07500000089407015,1573
0.07500000089407018,0.075000000894071,0.7749999973177888,0.07500000089407015,1574
0.07500000089407015,0.07500000089407095,0.7749999973177888,0.07500000089407013,1575
0.07500000089407013,0.07500000089407093,0.7749999973177888,0.07500000089407012,1576
0.07500000089407013,0.07500000089407097,0.7749999973177888,0.07500000089407012,1577
0.07500000089407012,0.07500000089407094,0.7749999973177888,0.0750000008940701,1578
0.0750000008940701,0.07500000089407091,0.7749999973177889,0.07500000089407009,1579
0.07500000089407009,0.07500000089407087,0.774999997317789,0.07500000089407008,1580
0.07500000089407009,0.07500000089407084,0.774999997317789,0.07500000089407007,1581
0.07500000089407008,0.07500000089407081,0.774999997317789,0.07500000089407007,1582
0.07500000089407007,0.07500000089407077,0.7749999973177891,0.07500000089407005,1583
0.07500000089407008,0.07500000089407076,0.774999997317789,0.07500000089407004,1584
0.07500000089407008,0.07500000089407075,0.7749999973177891,0.07500000089407004,1585
0.07500000089407007,0.07500000089407072,0.7749999973177892,0.07500000089407002,1586
0.07500000089407005,0.07500000089407069,0.7749999973177892,0.07500000089407002,1587
0.07500000089407005,0.07500000089407073,0.7749999973177892,0.07500000089407002,1588
0.07500000089407004,0.07500000089407068,0.7749999973177892,0.07500000089407,1589
0.07500000089407002,0.07500000089407063,0.7749999973177893,0.07500000089406998,1590
0.07500000089407001,0.07500000089407059,0.7749999973177895,0.07500000089406998,1591
0.07500000089407,0.07500000089407058,0.7749999973177895,0.07500000089406997,1592
0.07500000089406998,0.07500000089407052,0.7749999973177895,0.07500000089406994,1593
0.07500000089406997,0.07500000089407052,0.7749999973177895,0.07500000089406994,1594
0.07500000089406998,0.07500000089407051,0.7749999973177896,0.07500000089406994,1595
0.07500000089406997,0.07500000089407048,0.7749999973177897,0.07500000089406994,1596
0.07500000089406997,0.07500000089407047,0.7749999973177897,0.07500000089406994,1597
0.07500000089406997,0.07500000089407047,0.7749999973177897,0.07500000089406995,1598
0.07500000089406995,0.07500000089407045,0.7749999973177897,0.07500000089406995,1599
0.07500000089406995,0.07500000089407043,0.7749999973177897,0.07500000089406994,1600
0.07500000089406995,0.07500000089407043,0.7749999973177897,0.07500000089406994,1601
0.07500000089406994,0.07500000089407041,0.7749999973177897,0.07500000089406994,1602
0.07500000089406995,0.07500000089407041,0.7749999973177897,0.07500000089406994,1603
0.07500000089406994,0.07500000089407037,0.7749999973177897,0.07500000089406993,1604
0.07500000089406995,0.07500000089407037,0.7749999973177898,0.07500000089406993,1605
0.07500000089406994,0.07500000089407034,0.7749999973177898,0.07500000089406991,1606
0.07500000089406993,0.07500000089407032,0.7749999973177899,0.0750000008940699,1607
0.07500000089406993,0.07500000089407032,0.7749999973177899,0.07500000089406991,1608
0.07500000089406991,0.07500000089407029,0.7749999973177899,0.0750000008940699,1609
0.0750000008940699,0.07500000089407027,0.7749999973177899,0.07500000089406988,1610
0.0750000008940699,0.07500000089407025,0.7749999973177899,0.07500000089406988,1611
0.07500000089406988,0.07500000089407023,0.7749999973177899,0.07500000089406987,1612
0.07500000089406988,0.07500000089407022,0.77499999731779,0.07500000089406987,1613
0.0750000008940699,0.07500000089407022,0.77499999731779,0.07500000089406987,1614
0.07500000089406988,0.07500000089407019,0.77499999731779,0.07500000089406986,1615
0.07500000089406988,0.07500000089407019,0.7749999973177901,0.07500000089406987,1616
0.07500000089406988,0.07500000089407018,0.7749999973177901,0.07500000089406986,1617
0.07500000089406987,0.07500000089407015,0.7749999973177902,0.07500000089406984,1618
0.07500000089406986,0.07500000089407012,0.7749999973177902,0.07500000089406984,1619
0.07500000089406986,0.07500000089407012,0.7749999973177902,0.07500000089406983,1620
0.07500000089406986,0.0750000008940701,0.7749999973177902,0.07500000089406984,1621
0.07500000089406986,0.07500000089407009,0.7749999973177902,0.07500000089406983,1622
0.07500000089406984,0.07500000089407009,0.7749999973177902,0.07500000089406983,1623
0.07500000089406984,0.07500000089407008,0.7749999973177902,0.07500000089406983,1624
0.07500000089406984,0.07500000089407008,0.7749999973177902,0.07500000089406983,1625
0.07500000089406983,0.07500000089407007,0.7749999973177903,0.07500000089406982,1626
0.07500000089406983,0.07500000089407005,0.7749999973177903,0.07500000089406982,1627
0.07500000089406982,0.07500000089407004,0.7749999973177903,0.0750000008940698,1628
0.07500000089406982,0.07500000089407002,0.7749999973177903,0.0750000008940698,1629
0.07500000089406982,0.07500000089407001,0.7749999973177903,0.07500000089406979,1630
0.0750000008940698,0.07500000089407,0.7749999973177903,0.07500000089406979,1631
0.0750000008940698,0.07500000089407,0.7749999973177903,0.07500000089406979,1632
0.0750000008940698,0.07500000089406998,0.7749999973177903,0.07500000089406979,1633
0.07500000089406979,0.07500000089406997,0.7749999973177903,0.07500000089406977,1634
0.07500000089406979,0.07500000089406997,0.7749999973177903,0.07500000089406977,1635
0.0750000008940698,0.07500000089406997,0.7749999973177905,0.07500000089406979,1636
0.0750000008940698,0.07500000089406997,0.7749999973177905,0.07500000089406979,1637
0.0750000008940698,0.07500000089406997,0.7749999973177905,0.07500000089406979,1638
0.0750000008940698,0.07500000089406997,0.7749999973177905,0.07500000089406979,1639
0.07500000089406979,0.07500000089406995,0.7749999973177905,0.07500000089406979,1640
0.07500000089406979,0.07500000089406994,0.7749999973177905,0.07500000089406977,1641
0.07500000089406979,0.07500000089406995,0.7749999973177905,0.07500000089406977,1642
0.07500000089406977,0.07500000089406994,0.7749999973177905,0.07500000089406977,1643
0.07500000089406977,0.07500000089406994,0.7749999973177905,0.07500000089406977,1644
0.07500000089406977,0.07500000089406994,0.7749999973177905,0.07500000089406977,1645
0.07500000089406977,0.07500000089406994,0.7749999973177905,0.07500000089406977,1646
0.07500000089406979,0.07500000089406994,0.7749999973177906,0.07500000089406979,1647
0.07500000089406979,0.07500000089406994,0.7749999973177906,0.07500000089406979,1648
0.07500000089406979,0.07500000089406994,0.7749999973177906,0.07500000089406979,1649
0.07500000089406979,0.07500000089406993,0.7749999973177906,0.07500000089406979,1650
0.07500000089406979,0.07500000089406991,0.7749999973177906,0.07500000089406977,1651
0.07500000089406979,0.07500000089406991,0.7749999973177906,0.07500000089406977,1652
0.07500000089406979,0.07500000089406991,0.7749999973177906,0.07500000089406977,1653
0.07500000089406979,0.07500000089406991,0.7749999973177906,0.07500000089406977,1654
0.07500000089406979,0.07500000089406991,0.7749999973177906,0.07500000089406977,1655
0.07500000089406979,0.07500000089406991,0.7749999973177906,0.07500000089406977,1656
0.07500000089406977,0.0750000008940699,0.7749999973177906,0.07500000089406976,1657
0.07500000089406977,0.07500000089406988,0.7749999973177906,0.07500000089406976,1658
0.07500000089406977,0.07500000089406988,0.7749999973177906,0.07500000089406976,1659
0.07500000089406976,0.07500000089406988,0.7749999973177906,0.07500000089406976,1660
0.07500000089406976,0.07500000089406988,0.7749999973177906,0.07500000089406976,1661
0.07500000089406976,0.07500000089406988,0.7749999973177906,0.07500000089406975,1662
0.07500000089406976,0.07500000089406987,0.7749999973177906,0.07500000089406975,1663
0.07500000089406976,0.07500000089406987,0.7749999973177906,0.07500000089406975,1664
0.07500000089406975,0.07500000089406986,0.7749999973177906,0.07500000089406975,1665
0.07500000089406975,0.07500000089406986,0.7749999973177906,0.07500000089406975,1666
0.07500000089406975,0.07500000089406986,0.7749999973177906,0.07500000089406975,1667
0.07500000089406975,0.07500000089406986,0.7749999973177906,0.07500000089406975,1668
0.07500000089406975,0.07500000089406984,0.7749999973177906,0.07500000089406973,1669
0.07500000089406975,0.07500000089406986,0.7749999973177906,0.07500000089406973,1670
0.07500000089406975,0.07500000089406986,0.7749999973177906,0.07500000089406975,1671
0.07500000089406975,0.07500000089406986,0.7749999973177906,0.07500000089406973,1672
0.07500000089406975,0.07500000089406986,0.7749999973177906,0.07500000089406973,1673
0.07500000089406975,0.07500000089406986,0.7749999973177906,0.07500000089406973,1674
0.07500000089406975,0.07500000089406984,0.7749999973177906,0.07500000089406973,1675
0.07500000089406975,0.07500000089406984,0.7749999973177906,0.07500000089406973,1676
0.07500000089406975,0.07500000089406984,0.7749999973177906,0.07500000089406973,1677
0.07500000089406975,0.07500000089406984,0.7749999973177907,0.07500000089406975,1678
0.07500000089406975,0.07500000089406984,0.7749999973177907,0.07500000089406975,1679
0.07500000089406975,0.07500000089406984,0.7749999973177907,0.07500000089406975,1680
0.07500000089406975,0.07500000089406983,0.7749999973177907,0.07500000089406973,1681
0.07500000089406975,0.07500000089406984,0.7749999973177907,0.07500000089406973,1682
0.07500000089406975,0.07500000089406983,0.7749999973177907,0.07500000089406973,1683
0.07500000089406975,0.07500000089406983,0.7749999973177907,0.07500000089406973,1684
0.07500000089406975,0.07500000089406983,0.7749999973177907,0.07500000089406973,1685
0.07500000089406975,0.07500000089406983,0.7749999973177907,0.07500000089406973,1686
0.07500000089406973,0.07500000089406982,0.7749999973177907,0.07500000089406973,1687
0.07500000089406973,0.07500000089406982,0.7749999973177907,0.07500000089406973,1688
0.07500000089406973,0.07500000089406982,0.7749999973177907,0.07500000089406973,1689
0.07500000089406973,0.07500000089406982,0.7749999973177907,0.07500000089406972,1690
0.07500000089406973,0.07500000089406982,0.7749999973177907,0.07500000089406972,1691
0.07500000089406973,0.0750000008940698,0.7749999973177908,0.07500000089406972,1692
0.07500000089406973,0.07500000089406982,0.7749999973177907,0.07500000089406972,1693
0.07500000089406973,0.07500000089406982,0.7749999973177907,0.07500000089406972,1694
0.07500000089406973,0.07500000089406982,0.7749999973177907,0.07500000089406972,1695
0.07500000089406973,0.0750000008940698,0.7749999973177908,0.07500000089406972,1696
0.07500000089406973,0.0750000008940698,0.7749999973177908,0.07500000089406972,1697
0.07500000089406972,0.0750000008940698,0.7749999973177908,0.07500000089406972,1698
0.07500000089406972,0.07500000089406979,0.7749999973177908,0.07500000089406972,1699
0.07500000089406972,0.07500000089406979,0.7749999973177908,0.07500000089406972,1700
0.07500000089406972,0.07500000089406979,0.7749999973177908,0.07500000089406972,1701
0.07500000089406972,0.07500000089406979,0.7749999973177908,0.07500000089406972,1702
0.07500000089406972,0.07500000089406979,0.7749999973177908,0.0750000008940697,1703
0.07500000089406972,0.07500000089406979,0.7749999973177908,0.0750000008940697,1704
0.07500000089406972,0.07500000089406977,0.7749999973177908,0.0750000008940697,1705
0.07500000089406972,0.07500000089406977,0.7749999973177908,0.0750000008940697,1706
0.07500000089406972,0.07500000089406977,0.7749999973177908,0.0750000008940697,1707
0.07500000089406972,0.07500000089406977,0.7749999973177908,0.0750000008940697,1708
0.0750000008940697,0.07500000089406977,0.7749999973177908,0.0750000008940697,1709
0.0750000008940697,0.07500000089406976,0.7749999973177908,0.0750000008940697,1710
0.0750000008940697,0.07500000089406976,0.7749999973177908,0.0750000008940697,1711
0.0750000008940697,0.07500000089406976,0.7749999973177908,0.0750000008940697,1712
0.0750000008940697,0.07500000089406976,0.7749999973177908,0.0750000008940697,1713
0.0750000008940697,0.07500000089406975,0.7749999973177908,0.0750000008940697,1714
0.0750000008940697,0.07500000089406975,0.7749999973177908,0.07500000089406969,1715
0.0750000008940697,0.07500000089406975,0.7749999973177908,0.07500000089406969,1716
0.0750000008940697,0.07500000089406975,0.7749999973177908,0.07500000089406969,1717
0.0750000008940697,0.07500000089406975,0.7749999973177908,0.07500000089406969,1718
0.0750000008940697,0.07500000089406975,0.7749999973177908,0.07500000089406969,1719
0.0750000008940697,0.07500000089406975,0.7749999973177908,0.07500000089406969,1720
0.0750000008940697,0.07500000089406975,0.7749999973177908,0.07500000089406969,1721
0.0750000008940697,0.07500000089406975,0.7749999973177908,0.07500000089406969,1722
0.0750000008940697,0.07500000089406975,0.7749999973177908,0.07500000089406969,1723
0.0750000008940697,0.07500000089406975,0.7749999973177908,0.07500000089406969,1724
0.0750000008940697,0.07500000089406973,0.7749999973177908,0.07500000089406969,1725
0.0750000008940697,0.07500000089406973,0.7749999973177908,0.07500000089406969,1726
0.0750000008940697,0.07500000089406973,0.7749999973177908,0.07500000089406969,1727
0.07500000089406969,0.07500000089406973,0.7749999973177908,0.07500000089406969,1728
0.07500000089406969,0.07500000089406973,0.7749999973177908,0.07500000089406969,1729
0.07500000089406969,0.07500000089406973,0.7749999973177908,0.07500000089406969,1730
0.07500000089406969,0.07500000089406973,0.7749999973177908,0.07500000089406969,1731
0.07500000089406969,0.07500000089406973,0.7749999973177908,0.07500000089406969,1732
0.07500000089406969,0.07500000089406973,0.7749999973177908,0.07500000089406969,1733
0.07500000089406969,0.07500000089406973,0.7749999973177908,0.07500000089406969,1734
0.07500000089406969,0.07500000089406973,0.7749999973177908,0.07500000089406969,1735
0.07500000089406969,0.07500000089406973,0.7749999973177908,0.07500000089406969,1736
0.07500000089406969,0.07500000089406972,0.7749999973177908,0.07500000089406969,1737
0.07500000089406969,0.07500000089406972,0.7749999973177908,0.07500000089406969,1738
0.07500000089406969,0.07500000089406972,0.7749999973177908,0.07500000089406969,1739
0.07500000089406969,0.07500000089406972,0.7749999973177908,0.07500000089406969,1740
0.07500000089406969,0.07500000089406972,0.7749999973177908,0.07500000089406969,1741
0.07500000089406969,0.07500000089406972,0.7749999973177908,0.07500000089406969,1742
0.07500000089406969,0.07500000089406972,0.7749999973177908,0.07500000089406969,1743
0.07500000089406969,0.07500000089406972,0.7749999973177908,0.07500000089406969,1744
0.07500000089406969,0.07500000089406972,0.7749999973177908,0.07500000089406969,1745
0.0750000008940697,0.07500000089406973,0.7749999973177909,0.07500000089406969,1746
0.0750000008940697,0.07500000089406973,0.7749999973177909,0.07500000089406969,1747
0.0750000008940697,0.07500000089406973,0.7749999973177909,0.07500000089406969,1748
0.0750000008940697,0.07500000089406973,0.7749999973177909,0.07500000089406969,1749
0.0750000008940697,0.07500000089406973,0.7749999973177909,0.07500000089406969,1750
0.0750000008940697,0.07500000089406973,0.7749999973177909,0.07500000089406969,1751
0.0750000008940697,0.07500000089406973,0.7749999973177909,0.07500000089406969,1752
0.0750000008940697,0.07500000089406973,0.7749999973177909,0.07500000089406969,1753
0.0750000008940697,0.07500000089406973,0.7749999973177909,0.07500000089406969,1754
0.0750000008940697,0.07500000089406972,0.7749999973177909,0.07500000089406969,1755
0.0750000008940697,0.07500000089406972,0.7749999973177909,0.07500000089406969,1756
0.0750000008940697,0.07500000089406972,0.7749999973177909,0.07500000089406969,1757
0.0750000008940697,0.07500000089406972,0.7749999973177909,0.07500000089406969,1758
0.0750000008940697,0.07500000089406972,0.7749999973177909,0.07500000089406969,1759
0.0750000008940697,0.07500000089406972,0.7749999973177909,0.07500000089406969,1760
0.0750000008940697,0.07500000089406972,0.7749999973177909,0.07500000089406969,1761
0.0750000008940697,0.07500000089406972,0.7749999973177909,0.07500000089406969,1762
0.0750000008940697,0.07500000089406972,0.7749999973177909,0.07500000089406969,1763
0.0750000008940697,0.07500000089406972,0.7749999973177909,0.07500000089406969,1764
0.0750000008940697,0.07500000089406972,0.7749999973177909,0.07500000089406969,1765
0.0750000008940697,0.07500000089406972,0.7749999973177909,0.07500000089406969,1766
0.0750000008940697,0.07500000089406972,0.7749999973177909,0.07500000089406969,1767
0.0750000008940697,0.07500000089406972,0.7749999973177909,0.07500000089406969,1768
0.07500000089406969,0.0750000008940697,0.7749999973177909,0.07500000089406969,1769
0.07500000089406969,0.0750000008940697,0.7749999973177909,0.07500000089406969,1770
0.07500000089406969,0.0750000008940697,0.7749999973177909,0.07500000089406969,1771
0.07500000089406969,0.0750000008940697,0.7749999973177909,0.07500000089406969,1772
0.07500000089406969,0.0750000008940697,0.7749999973177909,0.07500000089406969,1773
0.07500000089406969,0.0750000008940697,0.7749999973177909,0.07500000089406969,1774
0.07500000089406969,0.0750000008940697,0.7749999973177909,0.07500000089406969,1775
0.07500000089406969,0.0750000008940697,0.7749999973177909,0.07500000089406969,1776
0.07500000089406969,0.0750000008940697,0.7749999973177909,0.07500000089406969,1777
0.07500000089406969,0.0750000008940697,0.7749999973177909,0.07500000089406969,1778
0.07500000089406969,0.0750000008940697,0.7749999973177909,0.07500000089406969,1779
0.07500000089406969,0.0750000008940697,0.7749999973177909,0.07500000089406969,1780
0.07500000089406969,0.0750000008940697,0.7749999973177909,0.07500000089406969,1781
0.07500000089406969,0.0750000008940697,0.7749999973177909,0.07500000089406969,1782
0.07500000089406969,0.0750000008940697,0.7749999973177909,0.07500000089406969,1783
0.07500000089406969,0.0750000008940697,0.7749999973177909,0.07500000089406969,1784
0.07500000089406969,0.0750000008940697,0.7749999973177909,0.07500000089406969,1785
0.07500000089406969,0.0750000008940697,0.7749999973177909,0.07500000089406969,1786
0.07500000089406969,0.0750000008940697,0.7749999973177909,0.07500000089406969,1787
0.07500000089406969,0.0750000008940697,0.7749999973177909,0.07500000089406969,1788
0.07500000089406969,0.0750000008940697,0.7749999973177909,0.07500000089406969,1789
0.07500000089406969,0.0750000008940697,0.7749999973177909,0.07500000089406969,1790
0.07500000089406969,0.0750000008940697,0.7749999973177909,0.07500000089406969,1791
0.07500000089406969,0.0750000008940697,0.7749999973177909,0.07500000089406969,1792
0.07500000089406969,0.0750000008940697,0.7749999973177909,0.07500000089406969,1793
0.07500000089406969,0.0750000008940697,0.7749999973177909,0.07500000089406969,1794
0.07500000089406969,0.0750000008940697,0.7749999973177909,0.07500000089406969,1795
0.07500000089406969,0.0750000008940697,0.7749999973177909,0.07500000089406969,1796
0.07500000089406969,0.0750000008940697,0.7749999973177909,0.07500000089406969,1797
0.07500000089406969,0.0750000008940697,0.7749999973177909,0.07500000089406969,1798
0.07500000089406969,0.07500000089406969,0.7749999973177909,0.07500000089406969,1799
0.0750000008940697,0.0750000008940697,0.774999997317791,0.07500000089406969,1800
0.07500000089406969,0.07500000089406969,0.7749999973177909,0.07500000089406969,1801
0.07500000089406969,0.07500000089406969,0.7749999973177909,0.07500000089406969,1802
0.07500000089406969,0.07500000089406969,0.7749999973177909,0.07500000089406969,1803
0.07500000089406969,0.07500000089406969,0.7749999973177909,0.07500000089406969,1804
0.07500000089406969,0.07500000089406969,0.7749999973177909,0.07500000089406969,1805
0.07500000089406969,0.07500000089406969,0.7749999973177909,0.07500000089406969,1806
0.07500000089406969,0.07500000089406969,0.7749999973177909,0.07500000089406969,1807
0.0750000008940697,0.0750000008940697,0.774999997317791,0.07500000089406969,1808
0.0750000008940697,0.0750000008940697,0.774999997317791,0.07500000089406969,1809
0.0750000008940697,0.0750000008940697,0.774999997317791,0.07500000089406969,1810
0.0750000008940697,0.0750000008940697,0.774999997317791,0.07500000089406969,1811
0.0750000008940697,0.0750000008940697,0.774999997317791,0.07500000089406969,1812
0.0750000008940697,0.0750000008940697,0.774999997317791,0.07500000089406969,1813
0.0750000008940697,0.0750000008940697,0.774999997317791,0.07500000089406969,1814
0.0750000008940697,0.0750000008940697,0.774999997317791,0.07500000089406969,1815
0.0750000008940697,0.0750000008940697,0.774999997317791,0.07500000089406969,1816
0.0750000008940697,0.0750000008940697,0.774999997317791,0.07500000089406969,1817
0.0750000008940697,0.0750000008940697,0.774999997317791,0.07500000089406969,1818
0.0750000008940697,0.0750000008940697,0.774999997317791,0.07500000089406969,1819
0.0750000008940697,0.0750000008940697,0.774999997317791,0.07500000089406969,1820
0.0750000008940697,0.0750000008940697,0.774999997317791,0.07500000089406969,1821
0.0750000008940697,0.0750000008940697,0.774999997317791,0.07500000089406969,1822
0.0750000008940697,0.0750000008940697,0.774999997317791,0.07500000089406969,1823
0.0750000008940697,0.0750000008940697,0.774999997317791,0.07500000089406969,1824
0.0750000008940697,0.0750000008940697,0.774999997317791,0.07500000089406969,1825
0.0750000008940697,0.0750000008940697,0.774999997317791,0.07500000089406969,1826
0.0750000008940697,0.0750000008940697,0.774999997317791,0.07500000089406969,1827
0.0750000008940697,0.0750000008940697,0.774999997317791,0.07500000089406969,1828
0.0750000008940697,0.0750000008940697,0.774999997317791,0.07500000089406969,1829
0.0750000008940697,0.0750000008940697,0.774999997317791,0.07500000089406969,1830
0.0750000008940697,0.0750000008940697,0.774999997317791,0.07500000089406969,1831
0.0750000008940697,0.0750000008940697,0.774999997317791,0.07500000089406969,1832
0.0750000008940697,0.0750000008940697,0.774999997317791,0.07500000089406969,1833
0.0750000008940697,0.0750000008940697,0.774999997317791,0.07500000089406969,1834
0.0750000008940697,0.0750000008940697,0.774999997317791,0.07500000089406969,1835
0.07500000089406969,0.0750000008940697,0.774999997317791,0.07500000089406969,1836
0.07500000089406969,0.0750000008940697,0.774999997317791,0.07500000089406969,1837
0.07500000089406969,0.0750000008940697,0.774999997317791,0.07500000089406969,1838
0.07500000089406969,0.0750000008940697,0.774999997317791,0.07500000089406969,1839
0.07500000089406969,0.0750000008940697,0.774999997317791,0.07500000089406969,1840
0.07500000089406969,0.0750000008940697,0.774999997317791,0.07500000089406969,1841
0.07500000089406969,0.0750000008940697,0.774999997317791,0.07500000089406969,1842
0.07500000089406969,0.0750000008940697,0.774999997317791,0.07500000089406969,1843
0.07500000089406969,0.0750000008940697,0.774999997317791,0.07500000089406969,1844
0.07500000089406969,0.0750000008940697,0.774999997317791,0.07500000089406969,1845
0.07500000089406969,0.0750000008940697,0.774999997317791,0.07500000089406969,1846
0.07500000089406969,0.0750000008940697,0.774999997317791,0.07500000089406969,1847
0.07500000089406969,0.0750000008940697,0.774999997317791,0.07500000089406969,1848
0.07500000089406969,0.0750000008940697,0.774999997317791,0.07500000089406969,1849
0.07500000089406969,0.0750000008940697,0.774999997317791,0.07500000089406969,1850
0.07500000089406969,0.0750000008940697,0.774999997317791,0.07500000089406969,1851
0.07500000089406969,0.0750000008940697,0.774999997317791,0.07500000089406969,1852
0.07500000089406969,0.0750000008940697,0.774999997317791,0.07500000089406969,1853
0.07500000089406969,0.0750000008940697,0.774999997317791,0.07500000089406969,1854
0.07500000089406969,0.0750000008940697,0.774999997317791,0.07500000089406969,1855
0.07500000089406969,0.0750000008940697,0.774999997317791,0.07500000089406969,1856
0.07500000089406969,0.0750000008940697,0.774999997317791,0.07500000089406969,1857
0.07500000089406969,0.0750000008940697,0.774999997317791,0.07500000089406969,1858
0.07500000089406969,0.0750000008940697,0.774999997317791,0.07500000089406969,1859
0.07500000089406969,0.0750000008940697,0.774999997317791,0.07500000089406969,1860
0.07500000089406969,0.0750000008940697,0.774999997317791,0.07500000089406969,1861
0.07500000089406969,0.0750000008940697,0.774999997317791,0.07500000089406969,1862
0.07500000089406969,0.0750000008940697,0.774999997317791,0.07500000089406969,1863
0.07500000089406969,0.0750000008940697,0.774999997317791,0.07500000089406969,1864
0.07500000089406969,0.0750000008940697,0.774999997317791,0.07500000089406969,1865
0.07500000089406969,0.0750000008940697,0.774999997317791,0.07500000089406969,1866
0.07500000089406969,0.0750000008940697,0.774999997317791,0.07500000089406969,1867
0.07500000089406969,0.0750000008940697,0.774999997317791,0.07500000089406969,1868
0.07500000089406969,0.0750000008940697,0.774999997317791,0.07500000089406969,1869
0.07500000089406969,0.0750000008940697,0.774999997317791,0.07500000089406969,1870
0.07500000089406969,0.0750000008940697,0.774999997317791,0.07500000089406969,1871
0.07500000089406969,0.0750000008940697,0.774999997317791,0.07500000089406969,1872
0.07500000089406969,0.0750000008940697,0.774999997317791,0.07500000089406969,1873
0.07500000089406969,0.0750000008940697,0.774999997317791,0.07500000089406969,1874
0.07500000089406969,0.0750000008940697,0.774999997317791,0.07500000089406969,1875
0.07500000089406969,0.0750000008940697,0.774999997317791,0.07500000089406969,1876
0.07500000089406969,0.0750000008940697,0.774999997317791,0.07500000089406969,1877
0.07500000089406969,0.0750000008940697,0.774999997317791,0.07500000089406969,1878
0.07500000089406969,0.0750000008940697,0.774999997317791,0.07500000089406969,1879
0.07500000089406969,0.0750000008940697,0.774999997317791,0.07500000089406969,1880
0.07500000089406969,0.0750000008940697,0.774999997317791,0.07500000089406969,1881
0.07500000089406969,0.0750000008940697,0.774999997317791,0.07500000089406969,1882
0.07500000089406969,0.0750000008940697,0.774999997317791,0.07500000089406969,1883
0.07500000089406969,0.0750000008940697,0.774999997317791,0.07500000089406969,1884
0.07500000089406969,0.0750000008940697,0.774999997317791,0.07500000089406969,1885
0.07500000089406969,0.0750000008940697,0.774999997317791,0.07500000089406969,1886
0.07500000089406969,0.07500000089406969,0.774999997317791,0.07500000089406969,1887
0.07500000089406969,0.07500000089406969,0.774999997317791,0.07500000089406969,1888
0.07500000089406969,0.07500000089406969,0.774999997317791,0.07500000089406969,1889
0.07500000089406969,0.07500000089406969,0.774999997317791,0.07500000089406969,1890
0.07500000089406969,0.07500000089406969,0.774999997317791,0.07500000089406969,1891
0.07500000089406969,0.07500000089406969,0.774999997317791,0.07500000089406969,1892
0.07500000089406969,0.07500000089406969,0.774999997317791,0.07500000089406969,1893
0.07500000089406969,0.07500000089406969,0.774999997317791,0.07500000089406969,1894
0.07500000089406969,0.07500000089406969,0.774999997317791,0.07500000089406969,1895
0.07500000089406969,0.07500000089406969,0.774999997317791,0.07500000089406969,1896
0.07500000089406969,0.07500000089406969,0.774999997317791,0.07500000089406969,1897
0.07500000089406969,0.07500000089406969,0.774999997317791,0.07500000089406969,1898
0.07500000089406969,0.07500000089406969,0.774999997317791,0.07500000089406969,1899
0.07500000089406969,0.07500000089406969,0.774999997317791,0.07500000089406969,1900
0.07500000089406969,0.07500000089406969,0.774999997317791,0.07500000089406969,1901
0.07500000089406969,0.07500000089406969,0.774999997317791,0.07500000089406969,1902
0.07500000089406969,0.07500000089406969,0.774999997317791,0.07500000089406969,1903
0.07500000089406969,0.07500000089406969,0.774999997317791,0.07500000089406969,1904
0.07500000089406969,0.07500000089406969,0.774999997317791,0.07500000089406969,1905
0.07500000089406969,0.07500000089406969,0.774999997317791,0.07500000089406969,1906
0.07500000089406969,0.07500000089406969,0.774999997317791,0.07500000089406969,1907
0.07500000089406969,0.07500000089406969,0.774999997317791,0.07500000089406969,1908
0.07500000089406969,0.07500000089406969,0.774999997317791,0.07500000089406969,1909
0.07500000089406969,0.07500000089406969,0.774999997317791,0.07500000089406969,1910
0.07500000089406969,0.07500000089406969,0.774999997317791,0.07500000089406969,1911
0.07500000089406969,0.07500000089406969,0.774999997317791,0.07500000089406969,1912
0.07500000089406969,0.07500000089406969,0.774999997317791,0.07500000089406969,1913
0.07500000089406969,0.07500000089406969,0.774999997317791,0.07500000089406969,1914
0.07500000089406969,0.07500000089406969,0.774999997317791,0.07500000089406969,1915
0.07500000089406969,0.07500000089406969,0.774999997317791,0.07500000089406969,1916
0.07500000089406969,0.07500000089406969,0.774999997317791,0.07500000089406969,1917
0.07500000089406969,0.07500000089406969,0.774999997317791,0.07500000089406969,1918
0.07500000089406969,0.07500000089406969,0.774999997317791,0.07500000089406969,1919
0.07500000089406969,0.07500000089406969,0.774999997317791,0.07500000089406969,1920
0.07500000089406969,0.07500000089406969,0.774999997317791,0.07500000089406969,1921
0.07500000089406969,0.07500000089406969,0.774999997317791,0.07500000089406969,1922
0.07500000089406969,0.07500000089406969,0.774999997317791,0.07500000089406969,1923
0.07500000089406969,0.07500000089406969,0.774999997317791,0.07500000089406969,1924
0.07500000089406969,0.07500000089406969,0.774999997317791,0.07500000089406969,1925
0.07500000089406969,0.07500000089406969,0.774999997317791,0.07500000089406969,1926
0.07500000089406969,0.07500000089406969,0.774999997317791,0.07500000089406969,1927
0.07500000089406969,0.07500000089406969,0.774999997317791,0.07500000089406969,1928
0.07500000089406969,0.07500000089406969,0.774999997317791,0.07500000089406969,1929
0.07500000089406969,0.07500000089406969,0.774999997317791,0.07500000089406969,1930
0.07500000089406969,0.07500000089406969,0.774999997317791,0.07500000089406969,1931
0.07500000089406969,0.07500000089406969,0.774999997317791,0.07500000089406969,1932
0.07500000089406969,0.07500000089406969,0.774999997317791,0.07500000089406969,1933
0.07500000089406969,0.07500000089406969,0.774999997317791,0.07500000089406969,1934
0.07500000089406969,0.07500000089406969,0.774999997317791,0.07500000089406969,1935
0.07500000089406969,0.07500000089406969,0.774999997317791,0.07500000089406969,1936
0.07500000089406969,0.07500000089406969,0.774999997317791,0.07500000089406969,1937
0.07500000089406969,0.07500000089406969,0.774999997317791,0.07500000089406969,1938
0.07500000089406969,0.07500000089406969,0.774999997317791,0.07500000089406969,1939
0.07500000089406969,0.07500000089406969,0.774999997317791,0.07500000089406969,1940
0.07500000089406969,0.07500000089406969,0.774999997317791,0.07500000089406969,1941
0.07500000089406969,0.07500000089406969,0.774999997317791,0.07500000089406969,1942
0.07500000089406969,0.07500000089406969,0.774999997317791,0.07500000089406969,1943
0.07500000089406969,0.07500000089406969,0.774999997317791,0.07500000089406969,1944
0.07500000089406969,0.07500000089406969,0.774999997317791,0.07500000089406969,1945
0.07500000089406969,0.07500000089406969,0.774999997317791,0.07500000089406969,1946
0.07500000089406969,0.07500000089406969,0.774999997317791,0.07500000089406969,1947
0.07500000089406969,0.07500000089406969,0.774999997317791,0.07500000089406969,1948
0.07500000089406969,0.07500000089406969,0.774999997317791,0.07500000089406969,1949
0.07500000089406969,0.07500000089406969,0.774999997317791,0.07500000089406969,1950
0.07500000089406969,0.07500000089406969,0.774999997317791,0.07500000089406969,1951
0.07500000089406969,0.07500000089406969,0.774999997317791,0.07500000089406969,1952
0.07500000089406969,0.07500000089406969,0.774999997317791,0.07500000089406969,1953
0.07500000089406969,0.07500000089406969,0.774999997317791,0.07500000089406969,1954
0.07500000089406969,0.07500000089406969,0.774999997317791,0.07500000089406969,1955
0.07500000089406969,0.07500000089406969,0.774999997317791,0.07500000089406969,1956
0.07500000089406969,0.07500000089406969,0.774999997317791,0.07500000089406969,1957
0.07500000089406969,0.07500000089406969,0.774999997317791,0.07500000089406969,1958
0.07500000089406969,0.07500000089406969,0.774999997317791,0.07500000089406969,1959
0.07500000089406969,0.07500000089406969,0.774999997317791,0.07500000089406969,1960
0.07500000089406969,0.07500000089406969,0.774999997317791,0.07500000089406969,1961
0.07500000089406969,0.07500000089406969,0.774999997317791,0.07500000089406969,1962
0.07500000089406969,0.07500000089406969,0.774999997317791,0.07500000089406969,1963
0.07500000089406969,0.07500000089406969,0.774999997317791,0.07500000089406969,1964
0.07500000089406969,0.07500000089406969,0.774999997317791,0.07500000089406969,1965
0.07500000089406969,0.07500000089406969,0.774999997317791,0.07500000089406969,1966
0.07500000089406969,0.07500000089406969,0.774999997317791,0.07500000089406969,1967
0.07500000089406969,0.07500000089406969,0.774999997317791,0.07500000089406969,1968
0.07500000089406969,0.07500000089406969,0.774999997317791,0.07500000089406969,1969
0.07500000089406969,0.07500000089406969,0.774999997317791,0.07500000089406969,1970
0.07500000089406969,0.07500000089406969,0.774999997317791,0.07500000089406969,1971
0.07500000089406969,0.07500000089406969,0.774999997317791,0.07500000089406969,1972
0.07500000089406969,0.07500000089406969,0.774999997317791,0.07500000089406969,1973
0.07500000089406969,0.07500000089406969,0.774999997317791,0.07500000089406969,1974
0.07500000089406969,0.07500000089406969,0.774999997317791,0.07500000089406969,1975
0.07500000089406969,0.07500000089406969,0.774999997317791,0.07500000089406969,1976
0.07500000089406969,0.07500000089406969,0.774999997317791,0.07500000089406969,1977
0.07500000089406969,0.07500000089406969,0.774999997317791,0.07500000089406969,1978
0.07500000089406969,0.07500000089406969,0.774999997317791,0.07500000089406969,1979
0.07500000089406969,0.07500000089406969,0.774999997317791,0.07500000089406969,1980
0.07500000089406969,0.07500000089406969,0.774999997317791,0.07500000089406969,1981
0.07500000089406969,0.07500000089406969,0.774999997317791,0.07500000089406969,1982
0.07500000089406969,0.07500000089406969,0.774999997317791,0.07500000089406969,1983
0.07500000089406969,0.07500000089406969,0.774999997317791,0.07500000089406969,1984
0.07500000089406969,0.07500000089406969,0.774999997317791,0.07500000089406969,1985
0.07500000089406969,0.07500000089406969,0.774999997317791,0.07500000089406969,1986
0.07500000089406969,0.07500000089406969,0.774999997317791,0.07500000089406969,1987
0.07500000089406969,0.07500000089406969,0.774999997317791,0.07500000089406969,1988
0.07500000089406969,0.07500000089406969,0.774999997317791,0.07500000089406969,1989
0.07500000089406969,0.07500000089406969,0.774999997317791,0.07500000089406969,1990
0.07500000089406969,0.07500000089406969,0.774999997317791,0.07500000089406969,1991
0.07500000089406969,0.07500000089406969,0.774999997317791,0.07500000089406969,1992
0.07500000089406969,0.07500000089406969,0.774999997317791,0.07500000089406969,1993
0.07500000089406969,0.07500000089406969,0.774999997317791,0.07500000089406969,1994
0.07500000089406969,0.07500000089406969,0.774999997317791,0.07500000089406969,1995
0.07500000089406969,0.07500000089406969,0.774999997317791,0.07500000089406969,1996
0.07500000089406969,0.07500000089406969,0.774999997317791,0.07500000089406969,1997
0.07500000089406969,0.07500000089406969,0.774999997317791,0.07500000089406969,1998
0.07500000089406969,0.07500000089406969,0.774999997317791,0.07500000089406969,1999
0.07500000089406969,0.07500000089406969,0.774999997317791,0.07500000089406969,2000
0.07500000089406969,0.07500000089406969,0.774999997317791,0.07500000089406969,2001
0.07500000089406969,0.07500000089406969,0.774999997317791,0.07500000089406969,2002
0.07500000089406969,0.07500000089406969,0.774999997317791,0.07500000089406969,2003
0.07500000089406969,0.07500000089406969,0.774999997317791,0.07500000089406969,2004
0.07500000089406969,0.07500000089406969,0.774999997317791,0.07500000089406969,2005
0.07500000089406969,0.07500000089406969,0.774999997317791,0.07500000089406969,2006
0.07500000089406969,0.07500000089406969,0.774999997317791,0.07500000089406969,2007
0.07500000089406969,0.07500000089406969,0.774999997317791,0.07500000089406969,2008
0.07500000089406969,0.07500000089406969,0.774999997317791,0.07500000089406969,2009
0.07500000089406969,0.07500000089406969,0.774999997317791,0.07500000089406969,2010
0.07500000089406969,0.07500000089406969,0.774999997317791,0.07500000089406969,2011
0.07500000089406969,0.07500000089406969,0.774999997317791,0.07500000089406969,2012
0.07500000089406969,0.07500000089406969,0.774999997317791,0.07500000089406969,2013
0.07500000089406969,0.07500000089406969,0.774999997317791,0.07500000089406969,2014
0.07500000089406969,0.07500000089406969,0.774999997317791,0.07500000089406969,2015
0.07500000089406969,0.07500000089406969,0.774999997317791,0.07500000089406969,2016
0.07500000089406969,0.07500000089406969,0.774999997317791,0.07500000089406969,2017
0.07500000089406969,0.07500000089406969,0.774999997317791,0.07500000089406969,2018
0.07500000089406969,0.07500000089406969,0.774999997317791,0.07500000089406969,2019
0.07500000089406969,0.07500000089406969,0.774999997317791,0.07500000089406969,2020
0.07500000089406969,0.07500000089406969,0.774999997317791,0.07500000089406969,2021
0.07500000089406969,0.07500000089406969,0.774999997317791,0.07500000089406969,2022
0.07500000089406969,0.07500000089406969,0.774999997317791,0.07500000089406969,2023
0.07500000089406969,0.07500000089406969,0.774999997317791,0.07500000089406969,2024
0.07500000089406969,0.07500000089406969,0.774999997317791,0.07500000089406969,2025
0.07500000089406969,0.07500000089406969,0.774999997317791,0.07500000089406969,2026
0.07500000089406969,0.07500000089406969,0.774999997317791,0.07500000089406969,2027
0.07500000089406969,0.07500000089406969,0.774999997317791,0.07500000089406969,2028
0.07500000089406969,0.07500000089406969,0.774999997317791,0.07500000089406969,2029
0.07500000089406969,0.07500000089406969,0.774999997317791,0.07500000089406969,2030
0.07500000089406969,0.07500000089406969,0.774999997317791,0.07500000089406969,2031
0.07500000089406969,0.07500000089406969,0.774999997317791,0.07500000089406969,2032
0.07500000089406969,0.07500000089406969,0.774999997317791,0.07500000089406969,2033
0.07500000089406969,0.07500000089406969,0.774999997317791,0.07500000089406969,2034
0.07500000089406969,0.07500000089406969,0.774999997317791,0.07500000089406969,2035
0.07500000089406969,0.07500000089406969,0.774999997317791,0.07500000089406969,2036
0.07500000089406969,0.07500000089406969,0.774999997317791,0.07500000089406969,2037
0.07500000089406969,0.07500000089406969,0.774999997317791,0.07500000089406969,2038
0.07500000089406969,0.07500000089406969,0.774999997317791,0.07500000089406969,2039
0.07500000089406969,0.07500000089406969,0.774999997317791,0.07500000089406969,2040
0.07500000089406969,0.07500000089406969,0.774999997317791,0.07500000089406969,2041
0.07500000089406969,0.07500000089406969,0.774999997317791,0.07500000089406969,2042
0.07500000089406969,0.07500000089406969,0.774999997317791,0.07500000089406969,2043
0.07500000089406969,0.07500000089406969,0.774999997317791,0.07500000089406969,2044
0.07500000089406969,0.07500000089406969,0.774999997317791,0.07500000089406969,2045
0.07500000089406969,0.07500000089406969,0.774999997317791,0.07500000089406969,2046
0.07500000089406969,0.07500000089406969,0.774999997317791,0.07500000089406969,2047
0.07500000089406969,0.07500000089406969,0.774999997317791,0.07500000089406969,2048
0.07500000089406969,0.07500000089406969,0.774999997317791,0.07500000089406969,2049
0.07500000089406969,0.07500000089406969,0.774999997317791,0.07500000089406969,2050
0.07500000089406969,0.07500000089406969,0.774999997317791,0.07500000089406969,2051
0.07500000089406969,0.07500000089406969,0.774999997317791,0.07500000089406969,2052
0.07500000089406969,0.07500000089406969,0.774999997317791,0.07500000089406969,2053
0.07500000089406969,0.07500000089406969,0.774999997317791,0.07500000089406969,2054
0.07500000089406969,0.07500000089406969,0.774999997317791,0.07500000089406969,2055
0.07500000089406969,0.07500000089406969,0.774999997317791,0.07500000089406969,2056
0.07500000089406969,0.07500000089406969,0.774999997317791,0.07500000089406969,2057
0.07500000089406969,0.07500000089406969,0.774999997317791,0.07500000089406969,2058
0.07500000089406969,0.07500000089406969,0.774999997317791,0.07500000089406969,2059
0.07500000089406969,0.07500000089406969,0.774999997317791,0.07500000089406969,2060
0.07500000089406969,0.07500000089406969,0.774999997317791,0.07500000089406969,2061
0.07500000089406969,0.07500000089406969,0.774999997317791,0.07500000089406969,2062
0.07500000089406969,0.07500000089406969,0.774999997317791,0.07500000089406969,2063
0.07500000089406969,0.07500000089406969,0.774999997317791,0.07500000089406969,2064
0.07500000089406969,0.07500000089406969,0.774999997317791,0.07500000089406969,2065
0.07500000089406969,0.07500000089406969,0.774999997317791,0.07500000089406969,2066
0.07500000089406969,0.07500000089406969,0.774999997317791,0.07500000089406969,2067
0.07500000089406969,0.07500000089406969,0.774999997317791,0.07500000089406969,2068
0.07500000089406969,0.07500000089406969,0.774999997317791,0.07500000089406969,2069
0.07500000089406969,0.07500000089406969,0.774999997317791,0.07500000089406969,2070
0.07500000089406969,0.07500000089406969,0.774999997317791,0.07500000089406969,2071
0.07500000089406969,0.07500000089406969,0.774999997317791,0.07500000089406969,2072
0.07500000089406969,0.07500000089406969,0.774999997317791,0.07500000089406969,2073
0.07500000089406969,0.07500000089406969,0.774999997317791,0.07500000089406969,2074
0.07500000089406969,0.07500000089406969,0.774999997317791,0.07500000089406969,2075
0.07500000089406969,0.07500000089406969,0.774999997317791,0.07500000089406969,2076
0.07500000089406969,0.07500000089406969,0.774999997317791,0.07500000089406969,2077
0.07500000089406969,0.07500000089406969,0.774999997317791,0.07500000089406969,2078
0.07500000089406969,0.07500000089406969,0.774999997317791,0.07500000089406969,2079
0.07500000089406969,0.07500000089406969,0.774999997317791,0.07500000089406969,2080
0.07500000089406969,0.07500000089406969,0.774999997317791,0.07500000089406969,2081
0.07500000089406969,0.07500000089406969,0.774999997317791,0.07500000089406969,2082
0.07500000089406969,0.07500000089406969,0.774999997317791,0.07500000089406969,2083
0.07500000089406969,0.07500000089406969,0.774999997317791,0.07500000089406969,2084
0.07500000089406969,0.07500000089406969,0.774999997317791,0.07500000089406969,2085
0.07500000089406969,0.07500000089406969,0.774999997317791,0.07500000089406969,2086
0.07500000089406969,0.07500000089406969,0.774999997317791,0.07500000089406969,2087
0.07500000089406969,0.07500000089406969,0.774999997317791,0.07500000089406969,2088
0.07500000089406969,0.07500000089406969,0.774999997317791,0.07500000089406969,2089
0.07500000089406969,0.07500000089406969,0.774999997317791,0.07500000089406969,2090
0.07500000089406969,0.07500000089406969,0.774999997317791,0.07500000089406969,2091
0.07500000089406969,0.07500000089406969,0.774999997317791,0.07500000089406969,2092
0.07500000089406969,0.07500000089406969,0.774999997317791,0.07500000089406969,2093
0.07500000089406969,0.07500000089406969,0.774999997317791,0.07500000089406969,2094
0.07500000089406969,0.07500000089406969,0.774999997317791,0.07500000089406969,2095
0.07500000089406969,0.07500000089406969,0.774999997317791,0.07500000089406969,2096
0.07500000089406969,0.07500000089406969,0.774999997317791,0.07500000089406969,2097
0.07500000089406969,0.07500000089406969,0.774999997317791,0.07500000089406969,2098
0.07500000089406969,0.07500000089406969,0.774999997317791,0.07500000089406969,2099
0.07500000089406969,0.07500000089406969,0.774999997317791,0.07500000089406969,2100
0.07500000089406969,0.07500000089406969,0.774999997317791,0.07500000089406969,2101
0.07500000089406969,0.07500000089406969,0.774999997317791,0.07500000089406969,2102
0.07500000089406969,0.07500000089406969,0.774999997317791,0.07500000089406969,2103
0.07500000089406969,0.07500000089406969,0.774999997317791,0.07500000089406969,2104
0.07500000089406969,0.07500000089406969,0.774999997317791,0.07500000089406969,2105
0.07500000089406969,0.07500000089406969,0.774999997317791,0.07500000089406969,2106
0.07500000089406969,0.07500000089406969,0.774999997317791,0.07500000089406969,2107
0.07500000089406969,0.07500000089406969,0.774999997317791,0.07500000089406969,2108
0.07500000089406969,0.07500000089406969,0.774999997317791,0.07500000089406969,2109
0.07500000089406969,0.07500000089406969,0.774999997317791,0.07500000089406969,2110
0.07500000089406969,0.07500000089406969,0.774999997317791,0.07500000089406969,2111
0.07500000089406969,0.07500000089406969,0.774999997317791,0.07500000089406969,2112
0.07500000089406969,0.07500000089406969,0.774999997317791,0.07500000089406969,2113
0.07500000089406969,0.07500000089406969,0.774999997317791,0.07500000089406969,2114
0.07500000089406969,0.07500000089406969,0.774999997317791,0.07500000089406969,2115
0.07500000089406969,0.07500000089406969,0.774999997317791,0.07500000089406969,2116
0.07500000089406969,0.07500000089406969,0.774999997317791,0.07500000089406969,2117
0.07500000089406969,0.07500000089406969,0.774999997317791,0.07500000089406969,2118
0.07500000089406969,0.07500000089406969,0.774999997317791,0.07500000089406969,2119
0.07500000089406969,0.07500000089406969,0.774999997317791,0.07500000089406969,2120
0.07500000089406969,0.07500000089406969,0.774999997317791,0.07500000089406969,2121
0.07500000089406969,0.07500000089406969,0.774999997317791,0.07500000089406969,2122
0.07500000089406969,0.07500000089406969,0.774999997317791,0.07500000089406969,2123
0.07500000089406969,0.07500000089406969,0.774999997317791,0.07500000089406969,2124
0.07500000089406969,0.07500000089406969,0.774999997317791,0.07500000089406969,2125
0.07500000089406969,0.07500000089406969,0.774999997317791,0.07500000089406969,2126
0.07500000089406969,0.07500000089406969,0.774999997317791,0.07500000089406969,2127
0.07500000089406969,0.07500000089406969,0.774999997317791,0.07500000089406969,2128
0.07500000089406969,0.07500000089406969,0.774999997317791,0.07500000089406969,2129
0.07500000089406969,0.07500000089406969,0.774999997317791,0.07500000089406969,2130
0.07500000089406969,0.07500000089406969,0.774999997317791,0.07500000089406969,2131
0.07500000089406969,0.07500000089406969,0.774999997317791,0.07500000089406969,2132
0.07500000089406969,0.07500000089406969,0.774999997317791,0.07500000089406969,2133
0.07500000089406969,0.07500000089406969,0.774999997317791,0.07500000089406969,2134
0.07500000089406969,0.07500000089406969,0.774999997317791,0.07500000089406969,2135
0.07500000089406969,0.07500000089406969,0.774999997317791,0.07500000089406969,2136
0.07500000089406969,0.07500000089406969,0.774999997317791,0.07500000089406969,2137
0.07500000089406969,0.07500000089406969,0.774999997317791,0.07500000089406969,2138
0.07500000089406969,0.07500000089406969,0.774999997317791,0.07500000089406969,2139
0.07500000089406969,0.07500000089406969,0.774999997317791,0.07500000089406969,2140
0.07500000089406969,0.07500000089406969,0.774999997317791,0.07500000089406969,2141
0.07500000089406969,0.07500000089406969,0.774999997317791,0.07500000089406969,2142
0.07500000089406969,0.07500000089406969,0.774999997317791,0.07500000089406969,2143
0.07500000089406969,0.07500000089406969,0.774999997317791,0.07500000089406969,2144
0.07500000089406969,0.07500000089406969,0.774999997317791,0.07500000089406969,2145
0.07500000089406969,0.07500000089406969,0.774999997317791,0.07500000089406969,2146
0.07500000089406969,0.07500000089406969,0.774999997317791,0.07500000089406969,2147
0.07500000089406969,0.07500000089406969,0.774999997317791,0.07500000089406969,2148
0.07500000089406969,0.07500000089406969,0.774999997317791,0.07500000089406969,2149
0.07500000089406969,0.07500000089406969,0.774999997317791,0.07500000089406969,2150
0.07500000089406969,0.07500000089406969,0.774999997317791,0.07500000089406969,2151
0.07500000089406969,0.07500000089406969,0.774999997317791,0.07500000089406969,2152
0.07500000089406969,0.07500000089406969,0.774999997317791,0.07500000089406969,2153
0.07500000089406969,0.07500000089406969,0.774999997317791,0.07500000089406969,2154
0.07500000089406969,0.07500000089406969,0.774999997317791,0.07500000089406969,2155
0.07500000089406969,0.07500000089406969,0.774999997317791,0.07500000089406969,2156
0.07500000089406969,0.07500000089406969,0.774999997317791,0.07500000089406969,2157
0.07500000089406969,0.07500000089406969,0.774999997317791,0.07500000089406969,2158
0.07500000089406969,0.07500000089406969,0.774999997317791,0.07500000089406969,2159
0.07500000089406969,0.07500000089406969,0.774999997317791,0.07500000089406969,2160
0.07500000089406969,0.07500000089406969,0.774999997317791,0.07500000089406969,2161
0.07500000089406969,0.07500000089406969,0.774999997317791,0.07500000089406969,2162
0.07500000089406969,0.07500000089406969,0.774999997317791,0.07500000089406969,2163
0.07500000089406969,0.07500000089406969,0.774999997317791,0.07500000089406969,2164
0.07500000089406969,0.07500000089406969,0.774999997317791,0.07500000089406969,2165
0.07500000089406969,0.07500000089406969,0.774999997317791,0.07500000089406969,2166
0.07500000089406969,0.07500000089406969,0.774999997317791,0.07500000089406969,2167
0.07500000089406969,0.07500000089406969,0.774999997317791,0.07500000089406969,2168
0.07500000089406969,0.07500000089406969,0.774999997317791,0.07500000089406969,2169
0.07500000089406969,0.07500000089406969,0.774999997317791,0.07500000089406969,2170
0.07500000089406969,0.07500000089406969,0.774999997317791,0.07500000089406969,2171
0.07500000089406969,0.07500000089406969,0.774999997317791,0.07500000089406969,2172
0.07500000089406969,0.07500000089406969,0.774999997317791,0.07500000089406969,2173
0.07500000089406969,0.07500000089406969,0.774999997317791,0.07500000089406969,2174
0.07500000089406969,0.07500000089406969,0.774999997317791,0.07500000089406969,2175
0.07500000089406969,0.07500000089406969,0.774999997317791,0.07500000089406969,2176
0.07500000089406969,0.07500000089406969,0.774999997317791,0.07500000089406969,2177
0.07500000089406969,0.07500000089406969,0.774999997317791,0.07500000089406969,2178
0.07500000089406969,0.07500000089406969,0.774999997317791,0.07500000089406969,2179
0.07500000089406969,0.07500000089406969,0.774999997317791,0.07500000089406969,2180
0.07500000089406969,0.07500000089406969,0.774999997317791,0.07500000089406969,2181
0.07500000089406969,0.07500000089406969,0.774999997317791,0.07500000089406969,2182
0.07500000089406969,0.07500000089406969,0.774999997317791,0.07500000089406969,2183
0.07500000089406969,0.07500000089406969,0.774999997317791,0.07500000089406969,2184
0.07500000089406969,0.07500000089406969,0.774999997317791,0.07500000089406969,2185
0.07500000089406969,0.07500000089406969,0.774999997317791,0.07500000089406969,2186
0.07500000089406969,0.07500000089406969,0.774999997317791,0.07500000089406969,2187
0.07500000089406969,0.07500000089406969,0.774999997317791,0.07500000089406969,2188
0.07500000089406969,0.07500000089406969,0.774999997317791,0.07500000089406969,2189
0.07500000089406969,0.07500000089406969,0.774999997317791,0.07500000089406969,2190
0.07500000089406969,0.07500000089406969,0.774999997317791,0.07500000089406969,2191
0.07500000089406969,0.07500000089406969,0.774999997317791,0.07500000089406969,2192
0.07500000089406969,0.07500000089406969,0.774999997317791,0.07500000089406969,2193
0.07500000089406969,0.07500000089406969,0.774999997317791,0.07500000089406969,2194
0.07500000089406969,0.07500000089406969,0.774999997317791,0.07500000089406969,2195
0.07500000089406969,0.07500000089406969,0.774999997317791,0.07500000089406969,2196
0.07500000089406969,0.07500000089406969,0.774999997317791,0.07500000089406969,2197
0.07500000089406969,0.07500000089406969,0.774999997317791,0.07500000089406969,2198
0.07500000089406969,0.07500000089406969,0.774999997317791,0.07500000089406969,2199
0.07500000089406969,0.07500000089406969,0.774999997317791,0.07500000089406969,2200
0.07500000089406969,0.07500000089406969,0.774999997317791,0.07500000089406969,2201
0.07500000089406969,0.07500000089406969,0.774999997317791,0.07500000089406969,2202
0.07500000089406969,0.07500000089406969,0.774999997317791,0.07500000089406969,2203
0.07500000089406969,0.07500000089406969,0.774999997317791,0.07500000089406969,2204
0.07500000089406969,0.07500000089406969,0.774999997317791,0.07500000089406969,2205
0.07500000089406969,0.07500000089406969,0.774999997317791,0.07500000089406969,2206
0.07500000089406969,0.07500000089406969,0.774999997317791,0.07500000089406969,2207
0.07500000089406969,0.07500000089406969,0.774999997317791,0.07500000089406969,2208
0.07500000089406969,0.07500000089406969,0.774999997317791,0.07500000089406969,2209
0.07500000089406969,0.07500000089406969,0.774999997317791,0.07500000089406969,2210
0.07500000089406969,0.07500000089406969,0.774999997317791,0.07500000089406969,2211
0.07500000089406969,0.07500000089406969,0.774999997317791,0.07500000089406969,2212
0.07500000089406969,0.07500000089406969,0.774999997317791,0.07500000089406969,2213
0.07500000089406969,0.07500000089406969,0.774999997317791,0.07500000089406969,2214
0.07500000089406969,0.07500000089406969,0.774999997317791,0.07500000089406969,2215
0.07500000089406969,0.07500000089406969,0.774999997317791,0.07500000089406969,2216
0.07500000089406969,0.07500000089406969,0.774999997317791,0.07500000089406969,2217
0.07500000089406969,0.07500000089406969,0.774999997317791,0.07500000089406969,2218
0.07500000089406969,0.07500000089406969,0.774999997317791,0.07500000089406969,2219
0.07500000089406969,0.07500000089406969,0.774999997317791,0.07500000089406969,2220
0.07500000089406969,0.07500000089406969,0.774999997317791,0.07500000089406969,2221
0.07500000089406969,0.07500000089406969,0.774999997317791,0.07500000089406969,2222
0.07500000089406969,0.07500000089406969,0.774999997317791,0.07500000089406969,2223
0.07500000089406969,0.07500000089406969,0.774999997317791,0.07500000089406969,2224
0.07500000089406969,0.07500000089406969,0.774999997317791,0.07500000089406969,2225
0.07500000089406969,0.07500000089406969,0.774999997317791,0.07500000089406969,2226
0.07500000089406969,0.07500000089406969,0.774999997317791,0.07500000089406969,2227
0.07500000089406969,0.07500000089406969,0.774999997317791,0.07500000089406969,2228
0.07500000089406969,0.07500000089406969,0.774999997317791,0.07500000089406969,2229
0.07500000089406969,0.07500000089406969,0.774999997317791,0.07500000089406969,2230
0.07500000089406969,0.07500000089406969,0.774999997317791,0.07500000089406969,2231
0.07500000089406969,0.07500000089406969,0.774999997317791,0.07500000089406969,2232
0.07500000089406969,0.07500000089406969,0.774999997317791,0.07500000089406969,2233
0.07500000089406969,0.07500000089406969,0.774999997317791,0.07500000089406969,2234
0.07500000089406969,0.07500000089406969,0.774999997317791,0.07500000089406969,2235
0.07500000089406969,0.07500000089406969,0.774999997317791,0.07500000089406969,2236
0.07500000089406969,0.07500000089406969,0.774999997317791,0.07500000089406969,2237
0.07500000089406969,0.07500000089406969,0.774999997317791,0.07500000089406969,2238
0.07500000089406969,0.07500000089406969,0.774999997317791,0.07500000089406969,2239
0.07500000089406969,0.07500000089406969,0.774999997317791,0.07500000089406969,2240
0.07500000089406969,0.07500000089406969,0.774999997317791,0.07500000089406969,2241
0.07500000089406969,0.07500000089406969,0.774999997317791,0.07500000089406969,2242
0.07500000089406969,0.07500000089406969,0.774999997317791,0.07500000089406969,2243
0.07500000089406969,0.07500000089406969,0.774999997317791,0.07500000089406969,2244
0.07500000089406969,0.07500000089406969,0.774999997317791,0.07500000089406969,2245
0.07500000089406969,0.07500000089406969,0.774999997317791,0.07500000089406969,2246
0.07500000089406969,0.07500000089406969,0.774999997317791,0.07500000089406969,2247
0.07500000089406969,0.07500000089406969,0.774999997317791,0.07500000089406969,2248
0.07500000089406969,0.07500000089406969,0.774999997317791,0.07500000089406969,2249
0.07500000089406969,0.07500000089406969,0.774999997317791,0.07500000089406969,2250
0.07500000089406969,0.07500000089406969,0.774999997317791,0.07500000089406969,2251
0.07500000089406969,0.07500000089406969,0.774999997317791,0.07500000089406969,2252
0.07500000089406969,0.07500000089406969,0.774999997317791,0.07500000089406969,2253
0.07500000089406969,0.07500000089406969,0.774999997317791,0.07500000089406969,2254
0.07500000089406969,0.07500000089406969,0.774999997317791,0.07500000089406969,2255
0.07500000089406969,0.07500000089406969,0.774999997317791,0.07500000089406969,2256
0.07500000089406969,0.07500000089406969,0.774999997317791,0.07500000089406969,2257
0.07500000089406969,0.07500000089406969,0.774999997317791,0.07500000089406969,2258
0.07500000089406969,0.07500000089406969,0.774999997317791,0.07500000089406969,2259
0.07500000089406969,0.07500000089406969,0.774999997317791,0.07500000089406969,2260
0.07500000089406969,0.07500000089406969,0.774999997317791,0.07500000089406969,2261
0.07500000089406969,0.07500000089406969,0.774999997317791,0.07500000089406969,2262
0.07500000089406969,0.07500000089406969,0.774999997317791,0.07500000089406969,2263
0.07500000089406969,0.07500000089406969,0.774999997317791,0.07500000089406969,2264
0.07500000089406969,0.07500000089406969,0.774999997317791,0.07500000089406969,2265
0.07500000089406969,0.07500000089406969,0.774999997317791,0.07500000089406969,2266
0.07500000089406969,0.07500000089406969,0.774999997317791,0.07500000089406969,2267
0.07500000089406969,0.07500000089406969,0.774999997317791,0.07500000089406969,2268
0.07500000089406969,0.07500000089406969,0.774999997317791,0.07500000089406969,2269
0.07500000089406969,0.07500000089406969,0.774999997317791,0.07500000089406969,2270
0.07500000089406969,0.07500000089406969,0.774999997317791,0.07500000089406969,2271
0.07500000089406969,0.07500000089406969,0.774999997317791,0.07500000089406969,2272
0.07500000089406969,0.07500000089406969,0.774999997317791,0.07500000089406969,2273
0.07500000089406969,0.07500000089406969,0.774999997317791,0.07500000089406969,2274
0.07500000089406969,0.07500000089406969,0.774999997317791,0.07500000089406969,2275
0.07500000089406969,0.07500000089406969,0.774999997317791,0.07500000089406969,2276
0.07500000089406969,0.07500000089406969,0.774999997317791,0.07500000089406969,2277
0.07500000089406969,0.07500000089406969,0.774999997317791,0.07500000089406969,2278
0.07500000089406969,0.07500000089406969,0.774999997317791,0.07500000089406969,2279
0.07500000089406969,0.07500000089406969,0.774999997317791,0.07500000089406969,2280
0.07500000089406969,0.07500000089406969,0.774999997317791,0.07500000089406969,2281
0.07500000089406969,0.07500000089406969,0.774999997317791,0.07500000089406969,2282
0.07500000089406969,0.07500000089406969,0.774999997317791,0.07500000089406969,2283
0.07500000089406969,0.07500000089406969,0.774999997317791,0.07500000089406969,2284
0.07500000089406969,0.07500000089406969,0.774999997317791,0.07500000089406969,2285
0.07500000089406969,0.07500000089406969,0.774999997317791,0.07500000089406969,2286
0.07500000089406969,0.07500000089406969,0.774999997317791,0.07500000089406969,2287
0.07500000089406969,0.07500000089406969,0.774999997317791,0.07500000089406969,2288
0.07500000089406969,0.07500000089406969,0.774999997317791,0.07500000089406969,2289
0.07500000089406969,0.07500000089406969,0.774999997317791,0.07500000089406969,2290
0.07500000089406969,0.07500000089406969,0.774999997317791,0.07500000089406969,2291
0.07500000089406969,0.07500000089406969,0.774999997317791,0.07500000089406969,2292
0.07500000089406969,0.07500000089406969,0.774999997317791,0.07500000089406969,2293
0.07500000089406969,0.07500000089406969,0.774999997317791,0.07500000089406969,2294
0.07500000089406969,0.07500000089406969,0.774999997317791,0.07500000089406969,2295
0.07500000089406969,0.07500000089406969,0.774999997317791,0.07500000089406969,2296
0.07500000089406969,0.07500000089406969,0.774999997317791,0.07500000089406969,2297
0.07500000089406969,0.07500000089406969,0.774999997317791,0.07500000089406969,2298
0.07500000089406969,0.07500000089406969,0.774999997317791,0.07500000089406969,2299
0.07500000089406969,0.07500000089406969,0.774999997317791,0.07500000089406969,2300
0.07500000089406969,0.07500000089406969,0.774999997317791,0.07500000089406969,2301
0.07500000089406969,0.07500000089406969,0.774999997317791,0.07500000089406969,2302
0.07500000089406969,0.07500000089406969,0.774999997317791,0.07500000089406969,2303
0.07500000089406969,0.07500000089406969,0.774999997317791,0.07500000089406969,2304
0.07500000089406969,0.07500000089406969,0.774999997317791,0.07500000089406969,2305
0.07500000089406969,0.07500000089406969,0.774999997317791,0.07500000089406969,2306
0.07500000089406969,0.07500000089406969,0.774999997317791,0.07500000089406969,2307
0.07500000089406969,0.07500000089406969,0.774999997317791,0.07500000089406969,2308
0.07500000089406969,0.07500000089406969,0.774999997317791,0.07500000089406969,2309
0.07500000089406969,0.07500000089406969,0.774999997317791,0.07500000089406969,2310
0.07500000089406969,0.07500000089406969,0.774999997317791,0.07500000089406969,2311
0.07500000089406969,0.07500000089406969,0.774999997317791,0.07500000089406969,2312
0.07500000089406969,0.07500000089406969,0.774999997317791,0.07500000089406969,2313
0.07500000089406969,0.07500000089406969,0.774999997317791,0.07500000089406969,2314
0.07500000089406969,0.07500000089406969,0.774999997317791,0.07500000089406969,2315
0.07500000089406969,0.07500000089406969,0.774999997317791,0.07500000089406969,2316
0.07500000089406969,0.07500000089406969,0.774999997317791,0.07500000089406969,2317
0.07500000089406969,0.07500000089406969,0.774999997317791,0.07500000089406969,2318
0.07500000089406969,0.07500000089406969,0.774999997317791,0.07500000089406969,2319
0.07500000089406969,0.07500000089406969,0.774999997317791,0.07500000089406969,2320
0.07500000089406969,0.07500000089406969,0.774999997317791,0.07500000089406969,2321
0.07500000089406969,0.07500000089406969,0.774999997317791,0.07500000089406969,2322
0.07500000089406969,0.07500000089406969,0.774999997317791,0.07500000089406969,2323
0.07500000089406969,0.07500000089406969,0.774999997317791,0.07500000089406969,2324
0.07500000089406969,0.07500000089406969,0.774999997317791,0.07500000089406969,2325
0.07500000089406969,0.07500000089406969,0.774999997317791,0.07500000089406969,2326
0.07500000089406969,0.07500000089406969,0.774999997317791,0.07500000089406969,2327
0.07500000089406969,0.07500000089406969,0.774999997317791,0.07500000089406969,2328
0.07500000089406969,0.07500000089406969,0.774999997317791,0.07500000089406969,2329
0.07500000089406969,0.07500000089406969,0.774999997317791,0.07500000089406969,2330
0.07500000089406969,0.07500000089406969,0.774999997317791,0.07500000089406969,2331
0.07500000089406969,0.07500000089406969,0.774999997317791,0.07500000089406969,2332
0.07500000089406969,0.07500000089406969,0.774999997317791,0.07500000089406969,2333
0.07500000089406969,0.07500000089406969,0.774999997317791,0.07500000089406969,2334
0.07500000089406969,0.07500000089406969,0.774999997317791,0.07500000089406969,2335
0.07500000089406969,0.07500000089406969,0.774999997317791,0.07500000089406969,2336
0.07500000089406969,0.07500000089406969,0.774999997317791,0.07500000089406969,2337
0.07500000089406969,0.07500000089406969,0.774999997317791,0.07500000089406969,2338
0.07500000089406969,0.07500000089406969,0.774999997317791,0.07500000089406969,2339
0.07500000089406969,0.07500000089406969,0.774999997317791,0.07500000089406969,2340
0.07500000089406969,0.07500000089406969,0.774999997317791,0.07500000089406969,2341
0.07500000089406969,0.07500000089406969,0.774999997317791,0.07500000089406969,2342
0.07500000089406969,0.07500000089406969,0.774999997317791,0.07500000089406969,2343
0.07500000089406969,0.07500000089406969,0.774999997317791,0.07500000089406969,2344
0.07500000089406969,0.07500000089406969,0.774999997317791,0.07500000089406969,2345
0.07500000089406969,0.07500000089406969,0.774999997317791,0.07500000089406969,2346
0.07500000089406969,0.07500000089406969,0.774999997317791,0.07500000089406969,2347
0.07500000089406969,0.07500000089406969,0.774999997317791,0.07500000089406969,2348
0.07500000089406969,0.07500000089406969,0.774999997317791,0.07500000089406969,2349
0.07500000089406969,0.07500000089406969,0.774999997317791,0.07500000089406969,2350
0.07500000089406969,0.07500000089406969,0.774999997317791,0.07500000089406969,2351
0.07500000089406969,0.07500000089406969,0.774999997317791,0.07500000089406969,2352
0.07500000089406969,0.07500000089406969,0.774999997317791,0.07500000089406969,2353
0.07500000089406969,0.07500000089406969,0.774999997317791,0.07500000089406969,2354
0.07500000089406969,0.07500000089406969,0.774999997317791,0.07500000089406969,2355
0.07500000089406969,0.07500000089406969,0.774999997317791,0.07500000089406969,2356
0.07500000089406969,0.07500000089406969,0.774999997317791,0.07500000089406969,2357
0.07500000089406969,0.07500000089406969,0.774999997317791,0.07500000089406969,2358
0.07500000089406969,0.07500000089406969,0.774999997317791,0.07500000089406969,2359
0.07500000089406969,0.07500000089406969,0.774999997317791,0.07500000089406969,2360
0.07500000089406969,0.07500000089406969,0.774999997317791,0.07500000089406969,2361
0.07500000089406969,0.07500000089406969,0.774999997317791,0.07500000089406969,2362
0.07500000089406969,0.07500000089406969,0.774999997317791,0.07500000089406969,2363
0.07500000089406969,0.07500000089406969,0.774999997317791,0.07500000089406969,2364
0.07500000089406969,0.07500000089406969,0.774999997317791,0.07500000089406969,2365
0.07500000089406969,0.07500000089406969,0.774999997317791,0.07500000089406969,2366
0.07500000089406969,0.07500000089406969,0.774999997317791,0.07500000089406969,2367
0.07500000089406969,0.07500000089406969,0.774999997317791,0.07500000089406969,2368
0.07500000089406969,0.07500000089406969,0.774999997317791,0.07500000089406969,2369
0.07500000089406969,0.07500000089406969,0.774999997317791,0.07500000089406969,2370
0.07500000089406969,0.07500000089406969,0.774999997317791,0.07500000089406969,2371
0.07500000089406969,0.07500000089406969,0.774999997317791,0.07500000089406969,2372
0.07500000089406969,0.07500000089406969,0.774999997317791,0.07500000089406969,2373
0.07500000089406969,0.07500000089406969,0.774999997317791,0.07500000089406969,2374
0.07500000089406969,0.07500000089406969,0.774999997317791,0.07500000089406969,2375
0.07500000089406969,0.07500000089406969,0.774999997317791,0.07500000089406969,2376
0.07500000089406969,0.07500000089406969,0.774999997317791,0.07500000089406969,2377
0.07500000089406969,0.07500000089406969,0.774999997317791,0.07500000089406969,2378
0.07500000089406969,0.07500000089406969,0.774999997317791,0.07500000089406969,2379
0.07500000089406969,0.07500000089406969,0.774999997317791,0.07500000089406969,2380
0.07500000089406969,0.07500000089406969,0.774999997317791,0.07500000089406969,2381
0.07500000089406969,0.07500000089406969,0.774999997317791,0.07500000089406969,2382
0.07500000089406969,0.07500000089406969,0.774999997317791,0.07500000089406969,2383
0.07500000089406969,0.07500000089406969,0.774999997317791,0.07500000089406969,2384
0.07500000089406969,0.07500000089406969,0.774999997317791,0.07500000089406969,2385
0.07500000089406969,0.07500000089406969,0.774999997317791,0.07500000089406969,2386
0.07500000089406969,0.07500000089406969,0.774999997317791,0.07500000089406969,2387
0.07500000089406969,0.07500000089406969,0.774999997317791,0.07500000089406969,2388
0.07500000089406969,0.07500000089406969,0.774999997317791,0.07500000089406969,2389
0.07500000089406969,0.07500000089406969,0.774999997317791,0.07500000089406969,2390
0.07500000089406969,0.07500000089406969,0.774999997317791,0.07500000089406969,2391
0.07500000089406969,0.07500000089406969,0.774999997317791,0.07500000089406969,2392
0.07500000089406969,0.07500000089406969,0.774999997317791,0.07500000089406969,2393
0.07500000089406969,0.07500000089406969,0.774999997317791,0.07500000089406969,2394
0.07500000089406969,0.07500000089406969,0.774999997317791,0.07500000089406969,2395
0.07500000089406969,0.07500000089406969,0.774999997317791,0.07500000089406969,2396
0.07500000089406969,0.07500000089406969,0.774999997317791,0.07500000089406969,2397
0.07500000089406969,0.07500000089406969,0.774999997317791,0.07500000089406969,2398
0.07500000089406969,0.07500000089406969,0.774999997317791,0.07500000089406969,2399
0.07500000089406969,0.07500000089406969,0.774999997317791,0.07500000089406969,2400
0.07500000089406969,0.07500000089406969,0.774999997317791,0.07500000089406969,2401
0.07500000089406969,0.07500000089406969,0.774999997317791,0.07500000089406969,2402
0.07500000089406969,0.07500000089406969,0.774999997317791,0.07500000089406969,2403
0.07500000089406969,0.07500000089406969,0.774999997317791,0.07500000089406969,2404
0.07500000089406969,0.07500000089406969,0.774999997317791,0.07500000089406969,2405
0.07500000089406969,0.07500000089406969,0.774999997317791,0.07500000089406969,2406
0.07500000089406969,0.07500000089406969,0.774999997317791,0.07500000089406969,2407
0.07500000089406969,0.07500000089406969,0.774999997317791,0.07500000089406969,2408
0.07500000089406969,0.07500000089406969,0.774999997317791,0.07500000089406969,2409
0.07500000089406969,0.07500000089406969,0.774999997317791,0.07500000089406969,2410
0.07500000089406969,0.07500000089406969,0.774999997317791,0.07500000089406969,2411
0.07500000089406969,0.07500000089406969,0.774999997317791,0.07500000089406969,2412
0.07500000089406969,0.07500000089406969,0.774999997317791,0.07500000089406969,2413
0.07500000089406969,0.07500000089406969,0.774999997317791,0.07500000089406969,2414
0.07500000089406969,0.07500000089406969,0.774999997317791,0.07500000089406969,2415
0.07500000089406969,0.07500000089406969,0.774999997317791,0.07500000089406969,2416
0.07500000089406969,0.07500000089406969,0.774999997317791,0.07500000089406969,2417
0.07500000089406969,0.07500000089406969,0.774999997317791,0.07500000089406969,2418
0.07500000089406969,0.07500000089406969,0.774999997317791,0.07500000089406969,2419
0.07500000089406969,0.07500000089406969,0.774999997317791,0.07500000089406969,2420
0.07500000089406969,0.07500000089406969,0.774999997317791,0.07500000089406969,2421
0.07500000089406969,0.07500000089406969,0.774999997317791,0.07500000089406969,2422
0.07500000089406969,0.07500000089406969,0.774999997317791,0.07500000089406969,2423
0.07500000089406969,0.07500000089406969,0.774999997317791,0.07500000089406969,2424
0.07500000089406969,0.07500000089406969,0.774999997317791,0.07500000089406969,2425
0.07500000089406969,0.07500000089406969,0.774999997317791,0.07500000089406969,2426
0.07500000089406969,0.07500000089406969,0.774999997317791,0.07500000089406969,2427
0.07500000089406969,0.07500000089406969,0.774999997317791,0.07500000089406969,2428
0.07500000089406969,0.07500000089406969,0.774999997317791,0.07500000089406969,2429
0.07500000089406969,0.07500000089406969,0.774999997317791,0.07500000089406969,2430
0.07500000089406969,0.07500000089406969,0.774999997317791,0.07500000089406969,2431
0.07500000089406969,0.07500000089406969,0.774999997317791,0.07500000089406969,2432
0.07500000089406969,0.07500000089406969,0.774999997317791,0.07500000089406969,2433
0.07500000089406969,0.07500000089406969,0.774999997317791,0.07500000089406969,2434
0.07500000089406969,0.07500000089406969,0.774999997317791,0.07500000089406969,2435
0.07500000089406969,0.07500000089406969,0.774999997317791,0.07500000089406969,2436
0.07500000089406969,0.07500000089406969,0.774999997317791,0.07500000089406969,2437
0.07500000089406969,0.07500000089406969,0.774999997317791,0.07500000089406969,2438
0.07500000089406969,0.07500000089406969,0.774999997317791,0.07500000089406969,2439
0.07500000089406969,0.07500000089406969,0.774999997317791,0.07500000089406969,2440
0.07500000089406969,0.07500000089406969,0.774999997317791,0.07500000089406969,2441
0.07500000089406969,0.07500000089406969,0.774999997317791,0.07500000089406969,2442
0.07500000089406969,0.07500000089406969,0.774999997317791,0.07500000089406969,2443
0.07500000089406969,0.07500000089406969,0.774999997317791,0.07500000089406969,2444
0.07500000089406969,0.07500000089406969,0.774999997317791,0.07500000089406969,2445
0.07500000089406969,0.07500000089406969,0.774999997317791,0.07500000089406969,2446
0.07500000089406969,0.07500000089406969,0.774999997317791,0.07500000089406969,2447
0.07500000089406969,0.07500000089406969,0.774999997317791,0.07500000089406969,2448
0.07500000089406969,0.07500000089406969,0.774999997317791,0.07500000089406969,2449
0.07500000089406969,0.07500000089406969,0.774999997317791,0.07500000089406969,2450
0.07500000089406969,0.07500000089406969,0.774999997317791,0.07500000089406969,2451
0.07500000089406969,0.07500000089406969,0.774999997317791,0.07500000089406969,2452
0.07500000089406969,0.07500000089406969,0.774999997317791,0.07500000089406969,2453
0.07500000089406969,0.07500000089406969,0.774999997317791,0.07500000089406969,2454
0.07500000089406969,0.07500000089406969,0.774999997317791,0.07500000089406969,2455
0.07500000089406969,0.07500000089406969,0.774999997317791,0.07500000089406969,2456
0.07500000089406969,0.07500000089406969,0.774999997317791,0.07500000089406969,2457
0.07500000089406969,0.07500000089406969,0.774999997317791,0.07500000089406969,2458
0.07500000089406969,0.07500000089406969,0.774999997317791,0.07500000089406969,2459
0.07500000089406969,0.07500000089406969,0.774999997317791,0.07500000089406969,2460
0.07500000089406969,0.07500000089406969,0.774999997317791,0.07500000089406969,2461
0.07500000089406969,0.07500000089406969,0.774999997317791,0.07500000089406969,2462
0.07500000089406969,0.07500000089406969,0.774999997317791,0.07500000089406969,2463
0.07500000089406969,0.07500000089406969,0.774999997317791,0.07500000089406969,2464
0.07500000089406969,0.07500000089406969,0.774999997317791,0.07500000089406969,2465
0.07500000089406969,0.07500000089406969,0.774999997317791,0.07500000089406969,2466
0.07500000089406969,0.07500000089406969,0.774999997317791,0.07500000089406969,2467
0.07500000089406969,0.07500000089406969,0.774999997317791,0.07500000089406969,2468
0.07500000089406969,0.07500000089406969,0.774999997317791,0.07500000089406969,2469
0.07500000089406969,0.07500000089406969,0.774999997317791,0.07500000089406969,2470
0.07500000089406969,0.07500000089406969,0.774999997317791,0.07500000089406969,2471
0.07500000089406969,0.07500000089406969,0.774999997317791,0.07500000089406969,2472
0.07500000089406969,0.07500000089406969,0.774999997317791,0.07500000089406969,2473
0.07500000089406969,0.07500000089406969,0.774999997317791,0.07500000089406969,2474
0.07500000089406969,0.07500000089406969,0.774999997317791,0.07500000089406969,2475
0.07500000089406969,0.07500000089406969,0.774999997317791,0.07500000089406969,2476
0.07500000089406969,0.07500000089406969,0.774999997317791,0.07500000089406969,2477
0.07500000089406969,0.07500000089406969,0.774999997317791,0.07500000089406969,2478
0.07500000089406969,0.07500000089406969,0.774999997317791,0.07500000089406969,2479
0.07500000089406969,0.07500000089406969,0.774999997317791,0.07500000089406969,2480
0.07500000089406969,0.07500000089406969,0.774999997317791,0.07500000089406969,2481
0.07500000089406969,0.07500000089406969,0.774999997317791,0.07500000089406969,2482
0.07500000089406969,0.07500000089406969,0.774999997317791,0.07500000089406969,2483
0.07500000089406969,0.07500000089406969,0.774999997317791,0.07500000089406969,2484
0.07500000089406969,0.07500000089406969,0.774999997317791,0.07500000089406969,2485
0.07500000089406969,0.07500000089406969,0.774999997317791,0.07500000089406969,2486
0.07500000089406969,0.07500000089406969,0.774999997317791,0.07500000089406969,2487
0.07500000089406969,0.07500000089406969,0.774999997317791,0.07500000089406969,2488
0.07500000089406969,0.07500000089406969,0.774999997317791,0.07500000089406969,2489
0.07500000089406969,0.07500000089406969,0.774999997317791,0.07500000089406969,2490
0.07500000089406969,0.07500000089406969,0.774999997317791,0.07500000089406969,2491
0.07500000089406969,0.07500000089406969,0.774999997317791,0.07500000089406969,2492
0.07500000089406969,0.07500000089406969,0.774999997317791,0.07500000089406969,2493
0.07500000089406969,0.07500000089406969,0.774999997317791,0.07500000089406969,2494
0.07500000089406969,0.07500000089406969,0.774999997317791,0.07500000089406969,2495
0.07500000089406969,0.07500000089406969,0.774999997317791,0.07500000089406969,2496
0.07500000089406969,0.07500000089406969,0.774999997317791,0.07500000089406969,2497
0.07500000089406969,0.07500000089406969,0.774999997317791,0.07500000089406969,2498
0.07500000089406969,0.07500000089406969,0.774999997317791,0.07500000089406969,2499
0.07500000089406969,0.07500000089406969,0.774999997317791,0.07500000089406969,2500
0.07500000089406969,0.07500000089406969,0.774999997317791,0.07500000089406969,2501
0.07500000089406969,0.07500000089406969,0.774999997317791,0.07500000089406969,2502
0.07500000089406969,0.07500000089406969,0.774999997317791,0.07500000089406969,2503
0.07500000089406969,0.07500000089406969,0.774999997317791,0.07500000089406969,2504
0.07500000089406969,0.07500000089406969,0.774999997317791,0.07500000089406969,2505
0.07500000089406969,0.07500000089406969,0.774999997317791,0.07500000089406969,2506
0.07500000089406969,0.07500000089406969,0.774999997317791,0.07500000089406969,2507
0.07500000089406969,0.07500000089406969,0.774999997317791,0.07500000089406969,2508
0.07500000089406969,0.07500000089406969,0.774999997317791,0.07500000089406969,2509
0.07500000089406969,0.07500000089406969,0.774999997317791,0.07500000089406969,2510
0.07500000089406969,0.07500000089406969,0.774999997317791,0.07500000089406969,2511
0.07500000089406969,0.07500000089406969,0.774999997317791,0.07500000089406969,2512
0.07500000089406969,0.07500000089406969,0.774999997317791,0.07500000089406969,2513
0.07500000089406969,0.07500000089406969,0.774999997317791,0.07500000089406969,2514
0.07500000089406969,0.07500000089406969,0.774999997317791,0.07500000089406969,2515
0.07500000089406969,0.07500000089406969,0.774999997317791,0.07500000089406969,2516
0.07500000089406969,0.07500000089406969,0.774999997317791,0.07500000089406969,2517
0.07500000089406969,0.07500000089406969,0.774999997317791,0.07500000089406969,2518
0.07500000089406969,0.07500000089406969,0.774999997317791,0.07500000089406969,2519
0.07500000089406969,0.07500000089406969,0.774999997317791,0.07500000089406969,2520
0.07500000089406969,0.07500000089406969,0.774999997317791,0.07500000089406969,2521
0.07500000089406969,0.07500000089406969,0.774999997317791,0.07500000089406969,2522
0.07500000089406969,0.07500000089406969,0.774999997317791,0.07500000089406969,2523
0.07500000089406969,0.07500000089406969,0.774999997317791,0.07500000089406969,2524
0.07500000089406969,0.07500000089406969,0.774999997317791,0.07500000089406969,2525
0.07500000089406969,0.07500000089406969,0.774999997317791,0.07500000089406969,2526
0.07500000089406969,0.07500000089406969,0.774999997317791,0.07500000089406969,2527
0.07500000089406969,0.07500000089406969,0.774999997317791,0.07500000089406969,2528
0.07500000089406969,0.07500000089406969,0.774999997317791,0.07500000089406969,2529
0.07500000089406969,0.07500000089406969,0.774999997317791,0.07500000089406969,2530
0.07500000089406969,0.07500000089406969,0.774999997317791,0.07500000089406969,2531
0.07500000089406969,0.07500000089406969,0.774999997317791,0.07500000089406969,2532
0.07500000089406969,0.07500000089406969,0.774999997317791,0.07500000089406969,2533
0.07500000089406969,0.07500000089406969,0.774999997317791,0.07500000089406969,2534
0.07500000089406969,0.07500000089406969,0.774999997317791,0.07500000089406969,2535
0.07500000089406969,0.07500000089406969,0.774999997317791,0.07500000089406969,2536
0.07500000089406969,0.07500000089406969,0.774999997317791,0.07500000089406969,2537
0.07500000089406969,0.07500000089406969,0.774999997317791,0.07500000089406969,2538
0.07500000089406969,0.07500000089406969,0.774999997317791,0.07500000089406969,2539
0.07500000089406969,0.07500000089406969,0.774999997317791,0.07500000089406969,2540
0.07500000089406969,0.07500000089406969,0.774999997317791,0.07500000089406969,2541
0.07500000089406969,0.07500000089406969,0.774999997317791,0.07500000089406969,2542
0.07500000089406969,0.07500000089406969,0.774999997317791,0.07500000089406969,2543
0.07500000089406969,0.07500000089406969,0.774999997317791,0.07500000089406969,2544
0.07500000089406969,0.07500000089406969,0.774999997317791,0.07500000089406969,2545
0.07500000089406969,0.07500000089406969,0.774999997317791,0.07500000089406969,2546
0.07500000089406969,0.07500000089406969,0.774999997317791,0.07500000089406969,2547
0.07500000089406969,0.07500000089406969,0.774999997317791,0.07500000089406969,2548
0.07500000089406969,0.07500000089406969,0.774999997317791,0.07500000089406969,2549
0.07500000089406969,0.07500000089406969,0.774999997317791,0.07500000089406969,2550
0.07500000089406969,0.07500000089406969,0.774999997317791,0.07500000089406969,2551
0.07500000089406969,0.07500000089406969,0.774999997317791,0.07500000089406969,2552
0.07500000089406969,0.07500000089406969,0.774999997317791,0.07500000089406969,2553
0.07500000089406969,0.07500000089406969,0.774999997317791,0.07500000089406969,2554
0.07500000089406969,0.07500000089406969,0.774999997317791,0.07500000089406969,2555
0.07500000089406969,0.07500000089406969,0.774999997317791,0.07500000089406969,2556
0.07500000089406969,0.07500000089406969,0.774999997317791,0.07500000089406969,2557
0.07500000089406969,0.07500000089406969,0.774999997317791,0.07500000089406969,2558
0.07500000089406969,0.07500000089406969,0.774999997317791,0.07500000089406969,2559
0.07500000089406969,0.07500000089406969,0.774999997317791,0.07500000089406969,2560
0.07500000089406969,0.07500000089406969,0.774999997317791,0.07500000089406969,2561
0.07500000089406969,0.07500000089406969,0.774999997317791,0.07500000089406969,2562
0.07500000089406969,0.07500000089406969,0.774999997317791,0.07500000089406969,2563
0.07500000089406969,0.07500000089406969,0.774999997317791,0.07500000089406969,2564
0.07500000089406969,0.07500000089406969,0.774999997317791,0.07500000089406969,2565
0.07500000089406969,0.07500000089406969,0.774999997317791,0.07500000089406969,2566
0.07500000089406969,0.07500000089406969,0.774999997317791,0.07500000089406969,2567
0.07500000089406969,0.07500000089406969,0.774999997317791,0.07500000089406969,2568
0.07500000089406969,0.07500000089406969,0.774999997317791,0.07500000089406969,2569
0.07500000089406969,0.07500000089406969,0.774999997317791,0.07500000089406969,2570
0.07500000089406969,0.07500000089406969,0.774999997317791,0.07500000089406969,2571
0.07500000089406969,0.07500000089406969,0.774999997317791,0.07500000089406969,2572
0.07500000089406969,0.07500000089406969,0.774999997317791,0.07500000089406969,2573
0.07500000089406969,0.07500000089406969,0.774999997317791,0.07500000089406969,2574
0.07500000089406969,0.07500000089406969,0.774999997317791,0.07500000089406969,2575
0.07500000089406969,0.07500000089406969,0.774999997317791,0.07500000089406969,2576
0.07500000089406969,0.07500000089406969,0.774999997317791,0.07500000089406969,2577
0.07500000089406969,0.07500000089406969,0.774999997317791,0.07500000089406969,2578
0.07500000089406969,0.07500000089406969,0.774999997317791,0.07500000089406969,2579
0.07500000089406969,0.07500000089406969,0.774999997317791,0.07500000089406969,2580
0.07500000089406969,0.07500000089406969,0.774999997317791,0.07500000089406969,2581
0.07500000089406969,0.07500000089406969,0.774999997317791,0.07500000089406969,2582
0.07500000089406969,0.07500000089406969,0.774999997317791,0.07500000089406969,2583
0.07500000089406969,0.07500000089406969,0.774999997317791,0.07500000089406969,2584
0.07500000089406969,0.07500000089406969,0.774999997317791,0.07500000089406969,2585
0.07500000089406969,0.07500000089406969,0.774999997317791,0.07500000089406969,2586
0.07500000089406969,0.07500000089406969,0.774999997317791,0.07500000089406969,2587
0.07500000089406969,0.07500000089406969,0.774999997317791,0.07500000089406969,2588
0.07500000089406969,0.07500000089406969,0.774999997317791,0.07500000089406969,2589
0.07500000089406969,0.07500000089406969,0.774999997317791,0.07500000089406969,2590
0.07500000089406969,0.07500000089406969,0.774999997317791,0.07500000089406969,2591
0.07500000089406969,0.07500000089406969,0.774999997317791,0.07500000089406969,2592
0.07500000089406969,0.07500000089406969,0.774999997317791,0.07500000089406969,2593
0.07500000089406969,0.07500000089406969,0.774999997317791,0.07500000089406969,2594
0.07500000089406969,0.07500000089406969,0.774999997317791,0.07500000089406969,2595
0.07500000089406969,0.07500000089406969,0.774999997317791,0.07500000089406969,2596
0.07500000089406969,0.07500000089406969,0.774999997317791,0.07500000089406969,2597
0.07500000089406969,0.07500000089406969,0.774999997317791,0.07500000089406969,2598
0.07500000089406969,0.07500000089406969,0.774999997317791,0.07500000089406969,2599
0.07500000089406969,0.07500000089406969,0.774999997317791,0.07500000089406969,2600
0.07500000089406969,0.07500000089406969,0.774999997317791,0.07500000089406969,2601
0.07500000089406969,0.07500000089406969,0.774999997317791,0.07500000089406969,2602
0.07500000089406969,0.07500000089406969,0.774999997317791,0.07500000089406969,2603
0.07500000089406969,0.07500000089406969,0.774999997317791,0.07500000089406969,2604
0.07500000089406969,0.07500000089406969,0.774999997317791,0.07500000089406969,2605
0.07500000089406969,0.07500000089406969,0.774999997317791,0.07500000089406969,2606
0.07500000089406969,0.07500000089406969,0.774999997317791,0.07500000089406969,2607
0.07500000089406969,0.07500000089406969,0.774999997317791,0.07500000089406969,2608
0.07500000089406969,0.07500000089406969,0.774999997317791,0.07500000089406969,2609
0.07500000089406969,0.07500000089406969,0.774999997317791,0.07500000089406969,2610
0.07500000089406969,0.07500000089406969,0.774999997317791,0.07500000089406969,2611
0.07500000089406969,0.07500000089406969,0.774999997317791,0.07500000089406969,2612
0.07500000089406969,0.07500000089406969,0.774999997317791,0.07500000089406969,2613
0.07500000089406969,0.07500000089406969,0.774999997317791,0.07500000089406969,2614
0.07500000089406969,0.07500000089406969,0.774999997317791,0.07500000089406969,2615
0.07500000089406969,0.07500000089406969,0.774999997317791,0.07500000089406969,2616
0.07500000089406969,0.07500000089406969,0.774999997317791,0.07500000089406969,2617
0.07500000089406969,0.07500000089406969,0.774999997317791,0.07500000089406969,2618
0.07500000089406969,0.07500000089406969,0.774999997317791,0.07500000089406969,2619
0.07500000089406969,0.07500000089406969,0.774999997317791,0.07500000089406969,2620
0.07500000089406969,0.07500000089406969,0.774999997317791,0.07500000089406969,2621
0.07500000089406969,0.07500000089406969,0.774999997317791,0.07500000089406969,2622
0.07500000089406969,0.07500000089406969,0.774999997317791,0.07500000089406969,2623
0.07500000089406969,0.07500000089406969,0.774999997317791,0.07500000089406969,2624
0.07500000089406969,0.07500000089406969,0.774999997317791,0.07500000089406969,2625
0.07500000089406969,0.07500000089406969,0.774999997317791,0.07500000089406969,2626
0.07500000089406969,0.07500000089406969,0.774999997317791,0.07500000089406969,2627
0.07500000089406969,0.07500000089406969,0.774999997317791,0.07500000089406969,2628
0.07500000089406969,0.07500000089406969,0.774999997317791,0.07500000089406969,2629
0.07500000089406969,0.07500000089406969,0.774999997317791,0.07500000089406969,2630
0.07500000089406969,0.07500000089406969,0.774999997317791,0.07500000089406969,2631
0.07500000089406969,0.07500000089406969,0.774999997317791,0.07500000089406969,2632
0.07500000089406969,0.07500000089406969,0.774999997317791,0.07500000089406969,2633
0.07500000089406969,0.07500000089406969,0.774999997317791,0.07500000089406969,2634
0.07500000089406969,0.07500000089406969,0.774999997317791,0.07500000089406969,2635
0.07500000089406969,0.07500000089406969,0.774999997317791,0.07500000089406969,2636
0.07500000089406969,0.07500000089406969,0.774999997317791,0.07500000089406969,2637
0.07500000089406969,0.07500000089406969,0.774999997317791,0.07500000089406969,2638
0.07500000089406969,0.07500000089406969,0.774999997317791,0.07500000089406969,2639
0.07500000089406969,0.07500000089406969,0.774999997317791,0.07500000089406969,2640
0.07500000089406969,0.07500000089406969,0.774999997317791,0.07500000089406969,2641
0.07500000089406969,0.07500000089406969,0.774999997317791,0.07500000089406969,2642
0.07500000089406969,0.07500000089406969,0.774999997317791,0.07500000089406969,2643
0.07500000089406969,0.07500000089406969,0.774999997317791,0.07500000089406969,2644
0.07500000089406969,0.07500000089406969,0.774999997317791,0.07500000089406969,2645
0.07500000089406969,0.07500000089406969,0.774999997317791,0.07500000089406969,2646
0.07500000089406969,0.07500000089406969,0.774999997317791,0.07500000089406969,2647
0.07500000089406969,0.07500000089406969,0.774999997317791,0.07500000089406969,2648
0.07500000089406969,0.07500000089406969,0.774999997317791,0.07500000089406969,2649
0.07500000089406969,0.07500000089406969,0.774999997317791,0.07500000089406969,2650
0.07500000089406969,0.07500000089406969,0.774999997317791,0.07500000089406969,2651
0.07500000089406969,0.07500000089406969,0.774999997317791,0.07500000089406969,2652
0.07500000089406969,0.07500000089406969,0.774999997317791,0.07500000089406969,2653
0.07500000089406969,0.07500000089406969,0.774999997317791,0.07500000089406969,2654
0.07500000089406969,0.07500000089406969,0.774999997317791,0.07500000089406969,2655
0.07500000089406969,0.07500000089406969,0.774999997317791,0.07500000089406969,2656
0.07500000089406969,0.07500000089406969,0.774999997317791,0.07500000089406969,2657
0.07500000089406969,0.07500000089406969,0.774999997317791,0.07500000089406969,2658
0.07500000089406969,0.07500000089406969,0.774999997317791,0.07500000089406969,2659
0.07500000089406969,0.07500000089406969,0.774999997317791,0.07500000089406969,2660
0.07500000089406969,0.07500000089406969,0.774999997317791,0.07500000089406969,2661
0.07500000089406969,0.07500000089406969,0.774999997317791,0.07500000089406969,2662
0.07500000089406969,0.07500000089406969,0.774999997317791,0.07500000089406969,2663
0.07500000089406969,0.07500000089406969,0.774999997317791,0.07500000089406969,2664
0.07500000089406969,0.07500000089406969,0.774999997317791,0.07500000089406969,2665
0.07500000089406969,0.07500000089406969,0.774999997317791,0.07500000089406969,2666
0.07500000089406969,0.07500000089406969,0.774999997317791,0.07500000089406969,2667
0.07500000089406969,0.07500000089406969,0.774999997317791,0.07500000089406969,2668
0.07500000089406969,0.07500000089406969,0.774999997317791,0.07500000089406969,2669
0.07500000089406969,0.07500000089406969,0.774999997317791,0.07500000089406969,2670
0.07500000089406969,0.07500000089406969,0.774999997317791,0.07500000089406969,2671
0.07500000089406969,0.07500000089406969,0.774999997317791,0.07500000089406969,2672
0.07500000089406969,0.07500000089406969,0.774999997317791,0.07500000089406969,2673
0.07500000089406969,0.07500000089406969,0.774999997317791,0.07500000089406969,2674
0.07500000089406969,0.07500000089406969,0.774999997317791,0.07500000089406969,2675
0.07500000089406969,0.07500000089406969,0.774999997317791,0.07500000089406969,2676
0.07500000089406969,0.07500000089406969,0.774999997317791,0.07500000089406969,2677
0.07500000089406969,0.07500000089406969,0.774999997317791,0.07500000089406969,2678
0.07500000089406969,0.07500000089406969,0.774999997317791,0.07500000089406969,2679
0.07500000089406969,0.07500000089406969,0.774999997317791,0.07500000089406969,2680
0.07500000089406969,0.07500000089406969,0.774999997317791,0.07500000089406969,2681
0.07500000089406969,0.07500000089406969,0.774999997317791,0.07500000089406969,2682
0.07500000089406969,0.07500000089406969,0.774999997317791,0.07500000089406969,2683
0.07500000089406969,0.07500000089406969,0.774999997317791,0.07500000089406969,2684
0.07500000089406969,0.07500000089406969,0.774999997317791,0.07500000089406969,2685
0.07500000089406969,0.07500000089406969,0.774999997317791,0.07500000089406969,2686
0.07500000089406969,0.07500000089406969,0.774999997317791,0.07500000089406969,2687
0.07500000089406969,0.07500000089406969,0.774999997317791,0.07500000089406969,2688
0.07500000089406969,0.07500000089406969,0.774999997317791,0.07500000089406969,2689
0.07500000089406969,0.07500000089406969,0.774999997317791,0.07500000089406969,2690
0.07500000089406969,0.07500000089406969,0.774999997317791,0.07500000089406969,2691
0.07500000089406969,0.07500000089406969,0.774999997317791,0.07500000089406969,2692
0.07500000089406969,0.07500000089406969,0.774999997317791,0.07500000089406969,2693
0.07500000089406969,0.07500000089406969,0.774999997317791,0.07500000089406969,2694
0.07500000089406969,0.07500000089406969,0.774999997317791,0.07500000089406969,2695
0.07500000089406969,0.07500000089406969,0.774999997317791,0.07500000089406969,2696
0.07500000089406969,0.07500000089406969,0.774999997317791,0.07500000089406969,2697
0.07500000089406969,0.07500000089406969,0.774999997317791,0.07500000089406969,2698
0.07500000089406969,0.07500000089406969,0.774999997317791,0.07500000089406969,2699
0.07500000089406969,0.07500000089406969,0.774999997317791,0.07500000089406969,2700
0.07500000089406969,0.07500000089406969,0.774999997317791,0.07500000089406969,2701
0.07500000089406969,0.07500000089406969,0.774999997317791,0.07500000089406969,2702
0.07500000089406969,0.07500000089406969,0.774999997317791,0.07500000089406969,2703
0.07500000089406969,0.07500000089406969,0.774999997317791,0.07500000089406969,2704
0.07500000089406969,0.07500000089406969,0.774999997317791,0.07500000089406969,2705
0.07500000089406969,0.07500000089406969,0.774999997317791,0.07500000089406969,2706
0.07500000089406969,0.07500000089406969,0.774999997317791,0.07500000089406969,2707
0.07500000089406969,0.07500000089406969,0.774999997317791,0.07500000089406969,2708
0.07500000089406969,0.07500000089406969,0.774999997317791,0.07500000089406969,2709
0.07500000089406969,0.07500000089406969,0.774999997317791,0.07500000089406969,2710
0.07500000089406969,0.07500000089406969,0.774999997317791,0.07500000089406969,2711
0.07500000089406969,0.07500000089406969,0.774999997317791,0.07500000089406969,2712
0.07500000089406969,0.07500000089406969,0.774999997317791,0.07500000089406969,2713
0.07500000089406969,0.07500000089406969,0.774999997317791,0.07500000089406969,2714
0.07500000089406969,0.07500000089406969,0.774999997317791,0.07500000089406969,2715
0.07500000089406969,0.07500000089406969,0.774999997317791,0.07500000089406969,2716
0.07500000089406969,0.07500000089406969,0.774999997317791,0.07500000089406969,2717
0.07500000089406969,0.07500000089406969,0.774999997317791,0.07500000089406969,2718
0.07500000089406969,0.07500000089406969,0.774999997317791,0.07500000089406969,2719
0.07500000089406969,0.07500000089406969,0.774999997317791,0.07500000089406969,2720
0.07500000089406969,0.07500000089406969,0.774999997317791,0.07500000089406969,2721
0.07500000089406969,0.07500000089406969,0.774999997317791,0.07500000089406969,2722
0.07500000089406969,0.07500000089406969,0.774999997317791,0.07500000089406969,2723
0.07500000089406969,0.07500000089406969,0.774999997317791,0.07500000089406969,2724
0.07500000089406969,0.07500000089406969,0.774999997317791,0.07500000089406969,2725
0.07500000089406969,0.07500000089406969,0.774999997317791,0.07500000089406969,2726
0.07500000089406969,0.07500000089406969,0.774999997317791,0.07500000089406969,2727
0.07500000089406969,0.07500000089406969,0.774999997317791,0.07500000089406969,2728
0.07500000089406969,0.07500000089406969,0.774999997317791,0.07500000089406969,2729
0.07500000089406969,0.07500000089406969,0.774999997317791,0.07500000089406969,2730
0.07500000089406969,0.07500000089406969,0.774999997317791,0.07500000089406969,2731
0.07500000089406969,0.07500000089406969,0.774999997317791,0.07500000089406969,2732
0.07500000089406969,0.07500000089406969,0.774999997317791,0.07500000089406969,2733
0.07500000089406969,0.07500000089406969,0.774999997317791,0.07500000089406969,2734
0.07500000089406969,0.07500000089406969,0.774999997317791,0.07500000089406969,2735
0.07500000089406969,0.07500000089406969,0.774999997317791,0.07500000089406969,2736
0.07500000089406969,0.07500000089406969,0.774999997317791,0.07500000089406969,2737
0.07500000089406969,0.07500000089406969,0.774999997317791,0.07500000089406969,2738
0.07500000089406969,0.07500000089406969,0.774999997317791,0.07500000089406969,2739
0.07500000089406969,0.07500000089406969,0.774999997317791,0.07500000089406969,2740
0.07500000089406969,0.07500000089406969,0.774999997317791,0.07500000089406969,2741
0.07500000089406969,0.07500000089406969,0.774999997317791,0.07500000089406969,2742
0.07500000089406969,0.07500000089406969,0.774999997317791,0.07500000089406969,2743
0.07500000089406969,0.07500000089406969,0.774999997317791,0.07500000089406969,2744
0.07500000089406969,0.07500000089406969,0.774999997317791,0.07500000089406969,2745
0.07500000089406969,0.07500000089406969,0.774999997317791,0.07500000089406969,2746
0.07500000089406969,0.07500000089406969,0.774999997317791,0.07500000089406969,2747
0.07500000089406969,0.07500000089406969,0.774999997317791,0.07500000089406969,2748
0.07500000089406969,0.07500000089406969,0.774999997317791,0.07500000089406969,2749
0.07500000089406969,0.07500000089406969,0.774999997317791,0.07500000089406969,2750
0.07500000089406969,0.07500000089406969,0.774999997317791,0.07500000089406969,2751
0.07500000089406969,0.07500000089406969,0.774999997317791,0.07500000089406969,2752
0.07500000089406969,0.07500000089406969,0.774999997317791,0.07500000089406969,2753
0.07500000089406969,0.07500000089406969,0.774999997317791,0.07500000089406969,2754
0.07500000089406969,0.07500000089406969,0.774999997317791,0.07500000089406969,2755
0.07500000089406969,0.07500000089406969,0.774999997317791,0.07500000089406969,2756
0.07500000089406969,0.07500000089406969,0.774999997317791,0.07500000089406969,2757
0.07500000089406969,0.07500000089406969,0.774999997317791,0.07500000089406969,2758
0.07500000089406969,0.07500000089406969,0.774999997317791,0.07500000089406969,2759
0.07500000089406969,0.07500000089406969,0.774999997317791,0.07500000089406969,2760
0.07500000089406969,0.07500000089406969,0.774999997317791,0.07500000089406969,2761
0.07500000089406969,0.07500000089406969,0.774999997317791,0.07500000089406969,2762
0.07500000089406969,0.07500000089406969,0.774999997317791,0.07500000089406969,2763
0.07500000089406969,0.07500000089406969,0.774999997317791,0.07500000089406969,2764
0.07500000089406969,0.07500000089406969,0.774999997317791,0.07500000089406969,2765
0.07500000089406969,0.07500000089406969,0.774999997317791,0.07500000089406969,2766
0.07500000089406969,0.07500000089406969,0.774999997317791,0.07500000089406969,2767
0.07500000089406969,0.07500000089406969,0.774999997317791,0.07500000089406969,2768
0.07500000089406969,0.07500000089406969,0.774999997317791,0.07500000089406969,2769
0.07500000089406969,0.07500000089406969,0.774999997317791,0.07500000089406969,2770
0.07500000089406969,0.07500000089406969,0.774999997317791,0.07500000089406969,2771
0.07500000089406969,0.07500000089406969,0.774999997317791,0.07500000089406969,2772
0.07500000089406969,0.07500000089406969,0.774999997317791,0.07500000089406969,2773
0.07500000089406969,0.07500000089406969,0.774999997317791,0.07500000089406969,2774
0.07500000089406969,0.07500000089406969,0.774999997317791,0.07500000089406969,2775
0.07500000089406969,0.07500000089406969,0.774999997317791,0.07500000089406969,2776
0.07500000089406969,0.07500000089406969,0.774999997317791,0.07500000089406969,2777
0.07500000089406969,0.07500000089406969,0.774999997317791,0.07500000089406969,2778
0.07500000089406969,0.07500000089406969,0.774999997317791,0.07500000089406969,2779
0.07500000089406969,0.07500000089406969,0.774999997317791,0.07500000089406969,2780
0.07500000089406969,0.07500000089406969,0.774999997317791,0.07500000089406969,2781
0.07500000089406969,0.07500000089406969,0.774999997317791,0.07500000089406969,2782
0.07500000089406969,0.07500000089406969,0.774999997317791,0.07500000089406969,2783
0.07500000089406969,0.07500000089406969,0.774999997317791,0.07500000089406969,2784
0.07500000089406969,0.07500000089406969,0.774999997317791,0.07500000089406969,2785
0.07500000089406969,0.07500000089406969,0.774999997317791,0.07500000089406969,2786
0.07500000089406969,0.07500000089406969,0.774999997317791,0.07500000089406969,2787
0.07500000089406969,0.07500000089406969,0.774999997317791,0.07500000089406969,2788
0.07500000089406969,0.07500000089406969,0.774999997317791,0.07500000089406969,2789
0.07500000089406969,0.07500000089406969,0.774999997317791,0.07500000089406969,2790
0.07500000089406969,0.07500000089406969,0.774999997317791,0.07500000089406969,2791
0.07500000089406969,0.07500000089406969,0.774999997317791,0.07500000089406969,2792
0.07500000089406969,0.07500000089406969,0.774999997317791,0.07500000089406969,2793
0.07500000089406969,0.07500000089406969,0.774999997317791,0.07500000089406969,2794
0.07500000089406969,0.07500000089406969,0.774999997317791,0.07500000089406969,2795
0.07500000089406969,0.07500000089406969,0.774999997317791,0.07500000089406969,2796
0.07500000089406969,0.07500000089406969,0.774999997317791,0.07500000089406969,2797
0.07500000089406969,0.07500000089406969,0.774999997317791,0.07500000089406969,2798
0.07500000089406969,0.07500000089406969,0.774999997317791,0.07500000089406969,2799
0.07500000089406969,0.07500000089406969,0.774999997317791,0.07500000089406969,2800
0.07500000089406969,0.07500000089406969,0.774999997317791,0.07500000089406969,2801
0.07500000089406969,0.07500000089406969,0.774999997317791,0.07500000089406969,2802
0.07500000089406969,0.07500000089406969,0.774999997317791,0.07500000089406969,2803
0.07500000089406969,0.07500000089406969,0.774999997317791,0.07500000089406969,2804
0.07500000089406969,0.07500000089406969,0.774999997317791,0.07500000089406969,2805
0.07500000089406969,0.07500000089406969,0.774999997317791,0.07500000089406969,2806
0.07500000089406969,0.07500000089406969,0.774999997317791,0.07500000089406969,2807
0.07500000089406969,0.07500000089406969,0.774999997317791,0.07500000089406969,2808
0.07500000089406969,0.07500000089406969,0.774999997317791,0.07500000089406969,2809
0.07500000089406969,0.07500000089406969,0.774999997317791,0.07500000089406969,2810
0.07500000089406969,0.07500000089406969,0.774999997317791,0.07500000089406969,2811
0.07500000089406969,0.07500000089406969,0.774999997317791,0.07500000089406969,2812
0.07500000089406969,0.07500000089406969,0.774999997317791,0.07500000089406969,2813
0.07500000089406969,0.07500000089406969,0.774999997317791,0.07500000089406969,2814
0.07500000089406969,0.07500000089406969,0.774999997317791,0.07500000089406969,2815
0.07500000089406969,0.07500000089406969,0.774999997317791,0.07500000089406969,2816
0.07500000089406969,0.07500000089406969,0.774999997317791,0.07500000089406969,2817
0.07500000089406969,0.07500000089406969,0.774999997317791,0.07500000089406969,2818
0.07500000089406969,0.07500000089406969,0.774999997317791,0.07500000089406969,2819
0.07500000089406969,0.07500000089406969,0.774999997317791,0.07500000089406969,2820
0.07500000089406969,0.07500000089406969,0.774999997317791,0.07500000089406969,2821
0.07500000089406969,0.07500000089406969,0.774999997317791,0.07500000089406969,2822
0.07500000089406969,0.07500000089406969,0.774999997317791,0.07500000089406969,2823
0.07500000089406969,0.07500000089406969,0.774999997317791,0.07500000089406969,2824
0.07500000089406969,0.07500000089406969,0.774999997317791,0.07500000089406969,2825
0.07500000089406969,0.07500000089406969,0.774999997317791,0.07500000089406969,2826
0.07500000089406969,0.07500000089406969,0.774999997317791,0.07500000089406969,2827
0.07500000089406969,0.07500000089406969,0.774999997317791,0.07500000089406969,2828
0.07500000089406969,0.07500000089406969,0.774999997317791,0.07500000089406969,2829
0.07500000089406969,0.07500000089406969,0.774999997317791,0.07500000089406969,2830
0.07500000089406969,0.07500000089406969,0.774999997317791,0.07500000089406969,2831
0.07500000089406969,0.07500000089406969,0.774999997317791,0.07500000089406969,2832
0.07500000089406969,0.07500000089406969,0.774999997317791,0.07500000089406969,2833
0.07500000089406969,0.07500000089406969,0.774999997317791,0.07500000089406969,2834
0.07500000089406969,0.07500000089406969,0.774999997317791,0.07500000089406969,2835
0.07500000089406969,0.07500000089406969,0.774999997317791,0.07500000089406969,2836
0.07500000089406969,0.07500000089406969,0.774999997317791,0.07500000089406969,2837
0.07500000089406969,0.07500000089406969,0.774999997317791,0.07500000089406969,2838
0.07500000089406969,0.07500000089406969,0.774999997317791,0.07500000089406969,2839
0.07500000089406969,0.07500000089406969,0.774999997317791,0.07500000089406969,2840
0.07500000089406969,0.07500000089406969,0.774999997317791,0.07500000089406969,2841
0.07500000089406969,0.07500000089406969,0.774999997317791,0.07500000089406969,2842
0.07500000089406969,0.07500000089406969,0.774999997317791,0.07500000089406969,2843
0.07500000089406969,0.07500000089406969,0.774999997317791,0.07500000089406969,2844
0.07500000089406969,0.07500000089406969,0.774999997317791,0.07500000089406969,2845
0.07500000089406969,0.07500000089406969,0.774999997317791,0.07500000089406969,2846
0.07500000089406969,0.07500000089406969,0.774999997317791,0.07500000089406969,2847
0.07500000089406969,0.07500000089406969,0.774999997317791,0.07500000089406969,2848
0.07500000089406969,0.07500000089406969,0.774999997317791,0.07500000089406969,2849
0.07500000089406969,0.07500000089406969,0.774999997317791,0.07500000089406969,2850
0.07500000089406969,0.07500000089406969,0.774999997317791,0.07500000089406969,2851
0.07500000089406969,0.07500000089406969,0.774999997317791,0.07500000089406969,2852
0.07500000089406969,0.07500000089406969,0.774999997317791,0.07500000089406969,2853
0.07500000089406969,0.07500000089406969,0.774999997317791,0.07500000089406969,2854
0.07500000089406969,0.07500000089406969,0.774999997317791,0.07500000089406969,2855
0.07500000089406969,0.07500000089406969,0.774999997317791,0.07500000089406969,2856
0.07500000089406969,0.07500000089406969,0.774999997317791,0.07500000089406969,2857
0.07500000089406969,0.07500000089406969,0.774999997317791,0.07500000089406969,2858
0.07500000089406969,0.07500000089406969,0.774999997317791,0.07500000089406969,2859
0.07500000089406969,0.07500000089406969,0.774999997317791,0.07500000089406969,2860
0.07500000089406969,0.07500000089406969,0.774999997317791,0.07500000089406969,2861
0.07500000089406969,0.07500000089406969,0.774999997317791,0.07500000089406969,2862
0.07500000089406969,0.07500000089406969,0.774999997317791,0.07500000089406969,2863
0.07500000089406969,0.07500000089406969,0.774999997317791,0.07500000089406969,2864
0.07500000089406969,0.07500000089406969,0.774999997317791,0.07500000089406969,2865
0.07500000089406969,0.07500000089406969,0.774999997317791,0.07500000089406969,2866
0.07500000089406969,0.07500000089406969,0.774999997317791,0.07500000089406969,2867
0.07500000089406969,0.07500000089406969,0.774999997317791,0.07500000089406969,2868
0.07500000089406969,0.07500000089406969,0.774999997317791,0.07500000089406969,2869
0.07500000089406969,0.07500000089406969,0.774999997317791,0.07500000089406969,2870
0.07500000089406969,0.07500000089406969,0.774999997317791,0.07500000089406969,2871
0.07500000089406969,0.07500000089406969,0.774999997317791,0.07500000089406969,2872
0.07500000089406969,0.07500000089406969,0.774999997317791,0.07500000089406969,2873
0.07500000089406969,0.07500000089406969,0.774999997317791,0.07500000089406969,2874
0.07500000089406969,0.07500000089406969,0.774999997317791,0.07500000089406969,2875
0.07500000089406969,0.07500000089406969,0.774999997317791,0.07500000089406969,2876
0.07500000089406969,0.07500000089406969,0.774999997317791,0.07500000089406969,2877
0.07500000089406969,0.07500000089406969,0.774999997317791,0.07500000089406969,2878
0.07500000089406969,0.07500000089406969,0.774999997317791,0.07500000089406969,2879
0.07500000089406969,0.07500000089406969,0.774999997317791,0.07500000089406969,2880
0.07500000089406969,0.07500000089406969,0.774999997317791,0.07500000089406969,2881
0.07500000089406969,0.07500000089406969,0.774999997317791,0.07500000089406969,2882
0.07500000089406969,0.07500000089406969,0.774999997317791,0.07500000089406969,2883
0.07500000089406969,0.07500000089406969,0.774999997317791,0.07500000089406969,2884
0.07500000089406969,0.07500000089406969,0.774999997317791,0.07500000089406969,2885
0.07500000089406969,0.07500000089406969,0.774999997317791,0.07500000089406969,2886
0.07500000089406969,0.07500000089406969,0.774999997317791,0.07500000089406969,2887
0.07500000089406969,0.07500000089406969,0.774999997317791,0.07500000089406969,2888
0.07500000089406969,0.07500000089406969,0.774999997317791,0.07500000089406969,2889
0.07500000089406969,0.07500000089406969,0.774999997317791,0.07500000089406969,2890
0.07500000089406969,0.07500000089406969,0.774999997317791,0.07500000089406969,2891
0.07500000089406969,0.07500000089406969,0.774999997317791,0.07500000089406969,2892
0.07500000089406969,0.07500000089406969,0.774999997317791,0.07500000089406969,2893
0.07500000089406969,0.07500000089406969,0.774999997317791,0.07500000089406969,2894
0.07500000089406969,0.07500000089406969,0.774999997317791,0.07500000089406969,2895
0.07500000089406969,0.07500000089406969,0.774999997317791,0.07500000089406969,2896
0.07500000089406969,0.07500000089406969,0.774999997317791,0.07500000089406969,2897
0.07500000089406969,0.07500000089406969,0.774999997317791,0.07500000089406969,2898
0.07500000089406969,0.07500000089406969,0.774999997317791,0.07500000089406969,2899
0.07500000089406969,0.07500000089406969,0.774999997317791,0.07500000089406969,2900
0.07500000089406969,0.07500000089406969,0.774999997317791,0.07500000089406969,2901
0.07500000089406969,0.07500000089406969,0.774999997317791,0.07500000089406969,2902
0.07500000089406969,0.07500000089406969,0.774999997317791,0.07500000089406969,2903
0.07500000089406969,0.07500000089406969,0.774999997317791,0.07500000089406969,2904
0.07500000089406969,0.07500000089406969,0.774999997317791,0.07500000089406969,2905
0.07500000089406969,0.07500000089406969,0.774999997317791,0.07500000089406969,2906
0.07500000089406969,0.07500000089406969,0.774999997317791,0.07500000089406969,2907
0.07500000089406969,0.07500000089406969,0.774999997317791,0.07500000089406969,2908
0.07500000089406969,0.07500000089406969,0.774999997317791,0.07500000089406969,2909
0.07500000089406969,0.07500000089406969,0.774999997317791,0.07500000089406969,2910
0.07500000089406969,0.07500000089406969,0.774999997317791,0.07500000089406969,2911
0.07500000089406969,0.07500000089406969,0.774999997317791,0.07500000089406969,2912
0.07500000089406969,0.07500000089406969,0.774999997317791,0.07500000089406969,2913
0.07500000089406969,0.07500000089406969,0.774999997317791,0.07500000089406969,2914
0.07500000089406969,0.07500000089406969,0.774999997317791,0.07500000089406969,2915
0.07500000089406969,0.07500000089406969,0.774999997317791,0.07500000089406969,2916
0.07500000089406969,0.07500000089406969,0.774999997317791,0.07500000089406969,2917
0.07500000089406969,0.07500000089406969,0.774999997317791,0.07500000089406969,2918
0.07500000089406969,0.07500000089406969,0.774999997317791,0.07500000089406969,2919
0.07500000089406969,0.07500000089406969,0.774999997317791,0.07500000089406969,2920
0.07500000089406969,0.07500000089406969,0.774999997317791,0.07500000089406969,2921
0.07500000089406969,0.07500000089406969,0.774999997317791,0.07500000089406969,2922
0.07500000089406969,0.07500000089406969,0.774999997317791,0.07500000089406969,2923
0.07500000089406969,0.07500000089406969,0.774999997317791,0.07500000089406969,2924
0.07500000089406969,0.07500000089406969,0.774999997317791,0.07500000089406969,2925
0.07500000089406969,0.07500000089406969,0.774999997317791,0.07500000089406969,2926
0.07500000089406969,0.07500000089406969,0.774999997317791,0.07500000089406969,2927
0.07500000089406969,0.07500000089406969,0.774999997317791,0.07500000089406969,2928
0.07500000089406969,0.07500000089406969,0.774999997317791,0.07500000089406969,2929
0.07500000089406969,0.07500000089406969,0.774999997317791,0.07500000089406969,2930
0.07500000089406969,0.07500000089406969,0.774999997317791,0.07500000089406969,2931
0.07500000089406969,0.07500000089406969,0.774999997317791,0.07500000089406969,2932
0.07500000089406969,0.07500000089406969,0.774999997317791,0.07500000089406969,2933
0.07500000089406969,0.07500000089406969,0.774999997317791,0.07500000089406969,2934
0.07500000089406969,0.07500000089406969,0.774999997317791,0.07500000089406969,2935
0.07500000089406969,0.07500000089406969,0.774999997317791,0.07500000089406969,2936
0.07500000089406969,0.07500000089406969,0.774999997317791,0.07500000089406969,2937
0.07500000089406969,0.07500000089406969,0.774999997317791,0.07500000089406969,2938
0.07500000089406969,0.07500000089406969,0.774999997317791,0.07500000089406969,2939
0.07500000089406969,0.07500000089406969,0.774999997317791,0.07500000089406969,2940
0.07500000089406969,0.07500000089406969,0.774999997317791,0.07500000089406969,2941
0.07500000089406969,0.07500000089406969,0.774999997317791,0.07500000089406969,2942
0.07500000089406969,0.07500000089406969,0.774999997317791,0.07500000089406969,2943
0.07500000089406969,0.07500000089406969,0.774999997317791,0.07500000089406969,2944
0.07500000089406969,0.07500000089406969,0.774999997317791,0.07500000089406969,2945
0.07500000089406969,0.07500000089406969,0.774999997317791,0.07500000089406969,2946
0.07500000089406969,0.07500000089406969,0.774999997317791,0.07500000089406969,2947
0.07500000089406969,0.07500000089406969,0.774999997317791,0.07500000089406969,2948
0.07500000089406969,0.07500000089406969,0.774999997317791,0.07500000089406969,2949
0.07500000089406969,0.07500000089406969,0.774999997317791,0.07500000089406969,2950
0.07500000089406969,0.07500000089406969,0.774999997317791,0.07500000089406969,2951
0.07500000089406969,0.07500000089406969,0.774999997317791,0.07500000089406969,2952
0.07500000089406969,0.07500000089406969,0.774999997317791,0.07500000089406969,2953
0.07500000089406969,0.07500000089406969,0.774999997317791,0.07500000089406969,2954
0.07500000089406969,0.07500000089406969,0.774999997317791,0.07500000089406969,2955
0.07500000089406969,0.07500000089406969,0.774999997317791,0.07500000089406969,2956
0.07500000089406969,0.07500000089406969,0.774999997317791,0.07500000089406969,2957
0.07500000089406969,0.07500000089406969,0.774999997317791,0.07500000089406969,2958
0.07500000089406969,0.07500000089406969,0.774999997317791,0.07500000089406969,2959
0.07500000089406969,0.07500000089406969,0.774999997317791,0.07500000089406969,2960
0.07500000089406969,0.07500000089406969,0.774999997317791,0.07500000089406969,2961
0.07500000089406969,0.07500000089406969,0.774999997317791,0.07500000089406969,2962
0.07500000089406969,0.07500000089406969,0.774999997317791,0.07500000089406969,2963
0.07500000089406969,0.07500000089406969,0.774999997317791,0.07500000089406969,2964
0.07500000089406969,0.07500000089406969,0.774999997317791,0.07500000089406969,2965
0.07500000089406969,0.07500000089406969,0.774999997317791,0.07500000089406969,2966
0.07500000089406969,0.07500000089406969,0.774999997317791,0.07500000089406969,2967
0.07500000089406969,0.07500000089406969,0.774999997317791,0.07500000089406969,2968
0.07500000089406969,0.07500000089406969,0.774999997317791,0.07500000089406969,2969
0.07500000089406969,0.07500000089406969,0.774999997317791,0.07500000089406969,2970
0.07500000089406969,0.07500000089406969,0.774999997317791,0.07500000089406969,2971
0.07500000089406969,0.07500000089406969,0.774999997317791,0.07500000089406969,2972
0.07500000089406969,0.07500000089406969,0.774999997317791,0.07500000089406969,2973
0.07500000089406969,0.07500000089406969,0.774999997317791,0.07500000089406969,2974
0.07500000089406969,0.07500000089406969,0.774999997317791,0.07500000089406969,2975
0.07500000089406969,0.07500000089406969,0.774999997317791,0.07500000089406969,2976
0.07500000089406969,0.07500000089406969,0.774999997317791,0.07500000089406969,2977
0.07500000089406969,0.07500000089406969,0.774999997317791,0.07500000089406969,2978
0.07500000089406969,0.07500000089406969,0.774999997317791,0.07500000089406969,2979
0.07500000089406969,0.07500000089406969,0.774999997317791,0.07500000089406969,2980
0.07500000089406969,0.07500000089406969,0.774999997317791,0.07500000089406969,2981
0.07500000089406969,0.07500000089406969,0.774999997317791,0.07500000089406969,2982
0.07500000089406969,0.07500000089406969,0.774999997317791,0.07500000089406969,2983
0.07500000089406969,0.07500000089406969,0.774999997317791,0.07500000089406969,2984
0.07500000089406969,0.07500000089406969,0.774999997317791,0.07500000089406969,2985
0.07500000089406969,0.07500000089406969,0.774999997317791,0.07500000089406969,2986
0.07500000089406969,0.07500000089406969,0.774999997317791,0.07500000089406969,2987
0.07500000089406969,0.07500000089406969,0.774999997317791,0.07500000089406969,2988
0.07500000089406969,0.07500000089406969,0.774999997317791,0.07500000089406969,2989
0.07500000089406969,0.07500000089406969,0.774999997317791,0.07500000089406969,2990
0.07500000089406969,0.07500000089406969,0.774999997317791,0.07500000089406969,2991
0.07500000089406969,0.07500000089406969,0.774999997317791,0.07500000089406969,2992
0.07500000089406969,0.07500000089406969,0.774999997317791,0.07500000089406969,2993
0.07500000089406969,0.07500000089406969,0.774999997317791,0.07500000089406969,2994
0.07500000089406969,0.07500000089406969,0.774999997317791,0.07500000089406969,2995
0.07500000089406969,0.07500000089406969,0.774999997317791,0.07500000089406969,2996
0.07500000089406969,0.07500000089406969,0.774999997317791,0.07500000089406969,2997
0.07500000089406969,0.07500000089406969,0.774999997317791,0.07500000089406969,2998
0.07500000089406969,0.07500000089406969,0.774999997317791,0.07500000089406969,2999
